{"type":"FeatureCollection","features":[{"type":"Feature","geometry":{"type":"Point","coordinates":[-105.220379,40.070103]},"properties":{"incident_id":"BFD150830-008821","incident_type":"Water Rescue","call_type":"Water Rescue","category":"water","date":"2015-08-30","year":2015,"month":8,"hour":10,"weekday":6,"is_weekend":true,"location_name":"","precision":"published_point"}},{"type":"Feature","geometry":{"type":"Point","coordinates":[-105.267136,39.976791]},"properties":{"incident_id":"BFD161020-011972","incident_type":"Auto-Aid Tech Rescue","call_type":"Auto-Aid Tech Rescue","category":"mountain","date":"2016-10-20","year":2016,"month":10,"hour":16,"weekday":3,"is_weekend":false,"location_name":"","precision":"published_point"}},{"type":"Feature","geometry":{"type":"Point","coordinates":[-105.282705,39.998739]},"properties":{"incident_id":"BFD150826-008661","incident_type":"Rescue","call_type":"Rescue","category":"mountain","date":"2015-08-26","year":2015,"month":8,"hour":17,"weekday":2,"is_weekend":false,"location_name":"","precision":"published_point"}},{"type":"Feature","geometry":{"type":"Point","coordinates":[-105.308952,39.997242]},"properties":{"incident_id":"BFD151016-010784","incident_type":"Auto-Aid Tech Rescue","call_type":"Auto-Aid Tech Rescue","category":"mountain","date":"2015-10-16","year":2015,"month":10,"hour":16,"weekday":4,"is_weekend":false,"location_name":"","precision":"published_point"}},{"type":"Feature","geometry":{"type":"Point","coordinates":[-105.281826,40.014017]},"properties":{"incident_id":"BFD150726-007495","incident_type":"Water Rescue","call_type":"Water Rescue","category":"water","date":"2015-07-26","year":2015,"month":7,"hour":12,"weekday":6,"is_weekend":true,"location_name":"","precision":"published_point"}},{"type":"Feature","geometry":{"type":"Point","coordinates":[-105.291977,40.004933]},"properties":{"incident_id":"BFD150725-007467","incident_type":"Auto-Aid Tech Rescue","call_type":"Auto-Aid Tech Rescue","category":"mountain","date":"2015-07-25","year":2015,"month":7,"hour":15,"weekday":5,"is_weekend":true,"location_name":"","precision":"published_point"}},{"type":"Feature","geometry":{"type":"Point","coordinates":[-105.286202,39.994405]},"properties":{"incident_id":"BFD160802-008455","incident_type":"Auto-Aid Tech Rescue","call_type":"Auto-Aid Tech Rescue","category":"mountain","date":"2016-08-02","year":2016,"month":8,"hour":9,"weekday":1,"is_weekend":false,"location_name":"","precision":"published_point"}},{"type":"Feature","geometry":{"type":"Point","coordinates":[-105.282964,39.999784]},"properties":{"incident_id":"BFD150703-006643","incident_type":"Auto-Aid Tech Rescue","call_type":"Auto-Aid Tech Rescue","category":"mountain","date":"2015-07-03","year":2015,"month":7,"hour":11,"weekday":4,"is_weekend":false,"location_name":"","precision":"published_point"}},{"type":"Feature","geometry":{"type":"Point","coordinates":[-105.253755,40.014641]},"properties":{"incident_id":"BFD160731-008386","incident_type":"Rescue","call_type":"Rescue","category":"mountain","date":"2016-07-31","year":2016,"month":7,"hour":14,"weekday":6,"is_weekend":true,"location_name":"","precision":"published_point"}},{"type":"Feature","geometry":{"type":"Point","coordinates":[-105.282964,39.999784]},"properties":{"incident_id":"BFD150731-007677","incident_type":"Auto-Aid Rescue","call_type":"Auto-Aid Rescue","category":"mountain","date":"2015-07-31","year":2015,"month":7,"hour":8,"weekday":4,"is_weekend":false,"location_name":"","precision":"published_point"}},{"type":"Feature","geometry":{"type":"Point","coordinates":[-105.25778,39.96515]},"properties":{"incident_id":"BFD150728-007586","incident_type":"Auto-Aid Tech Rescue","call_type":"Auto-Aid Tech Rescue","category":"mountain","date":"2015-07-28","year":2015,"month":7,"hour":17,"weekday":1,"is_weekend":false,"location_name":"","precision":"published_point"}},{"type":"Feature","geometry":{"type":"Point","coordinates":[-105.282964,39.999784]},"properties":{"incident_id":"BFD150726-007490","incident_type":"Auto-Aid Tech Rescue","call_type":"Auto-Aid Tech Rescue","category":"mountain","date":"2015-07-26","year":2015,"month":7,"hour":10,"weekday":6,"is_weekend":true,"location_name":"","precision":"published_point"}},{"type":"Feature","geometry":{"type":"Point","coordinates":[-105.304948,40.000711]},"properties":{"incident_id":"BFD160715-007743","incident_type":"Auto-Aid Tech Rescue","call_type":"Auto-Aid Tech Rescue","category":"mountain","date":"2016-07-15","year":2016,"month":7,"hour":9,"weekday":4,"is_weekend":false,"location_name":"","precision":"published_point"}},{"type":"Feature","geometry":{"type":"Point","coordinates":[-105.282964,39.999784]},"properties":{"incident_id":"BFD160711-007598","incident_type":"Auto-Aid Tech Rescue","call_type":"Auto-Aid Tech Rescue","category":"mountain","date":"2016-07-11","year":2016,"month":7,"hour":20,"weekday":0,"is_weekend":false,"location_name":"","precision":"published_point"}},{"type":"Feature","geometry":{"type":"Point","coordinates":[-105.263489,40.012023]},"properties":{"incident_id":"BFD161015-011741","incident_type":"Water Rescue","call_type":"Water Rescue","category":"water","date":"2016-10-15","year":2016,"month":10,"hour":21,"weekday":5,"is_weekend":true,"location_name":"","precision":"published_point"}},{"type":"Feature","geometry":{"type":"Point","coordinates":[-105.282964,39.999784]},"properties":{"incident_id":"BFD161015-011695","incident_type":"Auto-Aid Tech Rescue","call_type":"Auto-Aid Tech Rescue","category":"mountain","date":"2016-10-15","year":2016,"month":10,"hour":8,"weekday":5,"is_weekend":true,"location_name":"","precision":"published_point"}},{"type":"Feature","geometry":{"type":"Point","coordinates":[-105.264928,40.014792]},"properties":{"incident_id":"BFD160616-006473","incident_type":"Water Rescue","call_type":"Water Rescue","category":"water","date":"2016-06-16","year":2016,"month":6,"hour":14,"weekday":3,"is_weekend":false,"location_name":"","precision":"published_point"}},{"type":"Feature","geometry":{"type":"Point","coordinates":[-105.282964,39.999784]},"properties":{"incident_id":"BFD160615-006415","incident_type":"Auto-Aid Tech Rescue","call_type":"Auto-Aid Tech Rescue","category":"mountain","date":"2016-06-15","year":2016,"month":6,"hour":10,"weekday":2,"is_weekend":false,"location_name":"","precision":"published_point"}},{"type":"Feature","geometry":{"type":"Point","coordinates":[-105.282964,39.999784]},"properties":{"incident_id":"BFD150603-005581","incident_type":"Auto-Aid Tech Rescue","call_type":"Auto-Aid Tech Rescue","category":"mountain","date":"2015-06-03","year":2015,"month":6,"hour":10,"weekday":2,"is_weekend":false,"location_name":"","precision":"published_point"}},{"type":"Feature","geometry":{"type":"Point","coordinates":[-105.264928,40.014792]},"properties":{"incident_id":"BFD150604-005623","incident_type":"Water Rescue","call_type":"Water Rescue","category":"water","date":"2015-06-04","year":2015,"month":6,"hour":15,"weekday":3,"is_weekend":false,"location_name":"","precision":"published_point"}},{"type":"Feature","geometry":{"type":"Point","coordinates":[-105.225367,40.006514]},"properties":{"incident_id":"BFD150606-005717","incident_type":"Water Rescue","call_type":"Water Rescue","category":"water","date":"2015-06-06","year":2015,"month":6,"hour":19,"weekday":5,"is_weekend":true,"location_name":"","precision":"published_point"}},{"type":"Feature","geometry":{"type":"Point","coordinates":[-105.280867,39.993121]},"properties":{"incident_id":"BFD150601-005525","incident_type":"Auto-Aid Rescue","call_type":"Auto-Aid Rescue","category":"mountain","date":"2015-06-01","year":2015,"month":6,"hour":18,"weekday":0,"is_weekend":false,"location_name":"","precision":"published_point"}},{"type":"Feature","geometry":{"type":"Point","coordinates":[-105.308952,39.997242]},"properties":{"incident_id":"BFD150503-004483","incident_type":"Auto-Aid Tech Rescue","call_type":"Auto-Aid Tech Rescue","category":"mountain","date":"2015-05-03","year":2015,"month":5,"hour":15,"weekday":6,"is_weekend":true,"location_name":"","precision":"published_point"}},{"type":"Feature","geometry":{"type":"Point","coordinates":[-105.249284,39.974872]},"properties":{"incident_id":"BFD150110-000380","incident_type":"Water Rescue","call_type":"Water Rescue","category":"water","date":"2015-01-10","year":2015,"month":1,"hour":14,"weekday":5,"is_weekend":true,"location_name":"","precision":"published_point"}},{"type":"Feature","geometry":{"type":"Point","coordinates":[-105.289207,40.041671]},"properties":{"incident_id":"BFD170816-009172","incident_type":"Medical, no patient contact","call_type":"Water Rescue","category":"water","date":"2017-08-16","year":2017,"month":8,"hour":17,"weekday":2,"is_weekend":false,"location_name":"","precision":"published_point"}},{"type":"Feature","geometry":{"type":"Point","coordinates":[-105.253683,40.036458]},"properties":{"incident_id":"BFD170822-009419","incident_type":"Police matter","call_type":"Water Rescue","category":"water","date":"2017-08-22","year":2017,"month":8,"hour":12,"weekday":1,"is_weekend":false,"location_name":"","precision":"published_point"}},{"type":"Feature","geometry":{"type":"Point","coordinates":[-105.220379,40.070103]},"properties":{"incident_id":"BFD170805-008681","incident_type":"No Incident found on arrival at dispatch address","call_type":"Water Rescue","category":"water","date":"2017-08-05","year":2017,"month":8,"hour":8,"weekday":5,"is_weekend":true,"location_name":"","precision":"published_point"}},{"type":"Feature","geometry":{"type":"Point","coordinates":[-105.271881,40.045253]},"properties":{"incident_id":"BFD170805-008704","incident_type":"EMS call, excluding vehicle accident with injury","call_type":"Rescue","category":"mountain","date":"2017-08-05","year":2017,"month":8,"hour":19,"weekday":5,"is_weekend":true,"location_name":"","precision":"published_point"}},{"type":"Feature","geometry":{"type":"Point","coordinates":[-105.282705,39.998739]},"properties":{"incident_id":"BFD151226-013678","incident_type":"Rescue","call_type":"Rescue","category":"mountain","date":"2015-12-26","year":2015,"month":12,"hour":13,"weekday":5,"is_weekend":true,"location_name":"","precision":"published_point"}},{"type":"Feature","geometry":{"type":"Point","coordinates":[-105.282964,39.999784]},"properties":{"incident_id":"BFD160106-000192","incident_type":"Auto-Aid Tech Rescue","call_type":"Auto-Aid Tech Rescue","category":"mountain","date":"2016-01-06","year":2016,"month":1,"hour":14,"weekday":2,"is_weekend":false,"location_name":"","precision":"published_point"}},{"type":"Feature","geometry":{"type":"Point","coordinates":[-105.289536,40.068616]},"properties":{"incident_id":"BFD170423-004522","incident_type":"EMS call, excluding vehicle accident with injury","call_type":"Rescue","category":"mountain","date":"2017-04-23","year":2017,"month":4,"hour":18,"weekday":6,"is_weekend":true,"location_name":"","precision":"published_point"}},{"type":"Feature","geometry":{"type":"Point","coordinates":[-105.258427,40.014624]},"properties":{"incident_id":"BFD170518-005464","incident_type":"Search for person in water","call_type":"Water Rescue","category":"water","date":"2017-05-18","year":2017,"month":5,"hour":14,"weekday":3,"is_weekend":false,"location_name":"","precision":"published_point"}},{"type":"Feature","geometry":{"type":"Point","coordinates":[-105.230123,39.98255]},"properties":{"incident_id":"BFD151122-012368","incident_type":"Water Rescue","call_type":"Water Rescue","category":"water","date":"2015-11-22","year":2015,"month":11,"hour":7,"weekday":6,"is_weekend":true,"location_name":"","precision":"published_point"}},{"type":"Feature","geometry":{"type":"Point","coordinates":[-105.312786,40.015021]},"properties":{"incident_id":"BFD170522-005621","incident_type":"Swift water rescue","call_type":"Mutual Aid","category":"water","date":"2017-05-22","year":2017,"month":5,"hour":16,"weekday":0,"is_weekend":false,"location_name":"","precision":"published_point"}},{"type":"Feature","geometry":{"type":"Point","coordinates":[-105.274704,39.978007]},"properties":{"incident_id":"BFD151119-012271","incident_type":"Auto-Aid Tech Rescue","call_type":"Auto-Aid Tech Rescue","category":"mountain","date":"2015-11-19","year":2015,"month":11,"hour":15,"weekday":3,"is_weekend":false,"location_name":"","precision":"published_point"}},{"type":"Feature","geometry":{"type":"Point","coordinates":[-105.290977,40.065484]},"properties":{"incident_id":"BFD170422-004485","incident_type":"EMS call, excluding vehicle accident with injury","call_type":"Rescue","category":"mountain","date":"2017-04-22","year":2017,"month":4,"hour":15,"weekday":5,"is_weekend":true,"location_name":"","precision":"published_point"}},{"type":"Feature","geometry":{"type":"Point","coordinates":[-105.282964,39.999784]},"properties":{"incident_id":"BFD151120-012304","incident_type":"Auto-Aid Rescue","call_type":"Auto-Aid Rescue","category":"mountain","date":"2015-11-20","year":2015,"month":11,"hour":16,"weekday":4,"is_weekend":false,"location_name":"","precision":"published_point"}},{"type":"Feature","geometry":{"type":"Point","coordinates":[-105.25778,39.96515]},"properties":{"incident_id":"BFD151119-012266","incident_type":"Auto-Aid Tech Rescue","call_type":"Auto-Aid Tech Rescue","category":"mountain","date":"2015-11-19","year":2015,"month":11,"hour":14,"weekday":3,"is_weekend":false,"location_name":"","precision":"published_point"}},{"type":"Feature","geometry":{"type":"Point","coordinates":[-105.282964,39.999784]},"properties":{"incident_id":"BFD170319-003159","incident_type":"Auto-Aid Tech Rescue","call_type":"Auto-Aid Tech Rescue","category":"mountain","date":"2017-03-19","year":2017,"month":3,"hour":17,"weekday":6,"is_weekend":true,"location_name":"","precision":"published_point"}},{"type":"Feature","geometry":{"type":"Point","coordinates":[-105.28691,40.048051]},"properties":{"incident_id":"BFD170318-003109","incident_type":"Rescue","call_type":"Rescue","category":"mountain","date":"2017-03-18","year":2017,"month":3,"hour":16,"weekday":5,"is_weekend":true,"location_name":"","precision":"published_point"}},{"type":"Feature","geometry":{"type":"Point","coordinates":[-105.292671,39.997646]},"properties":{"incident_id":"BFD170319-003153","incident_type":"Auto-Aid Tech Rescue","call_type":"Auto-Aid Tech Rescue","category":"mountain","date":"2017-03-19","year":2017,"month":3,"hour":16,"weekday":6,"is_weekend":true,"location_name":"","precision":"published_point"}},{"type":"Feature","geometry":{"type":"Point","coordinates":[-105.236494,39.996315]},"properties":{"incident_id":"BFD170318-003114","incident_type":"Water Rescue","call_type":"Water Rescue","category":"water","date":"2017-03-18","year":2017,"month":3,"hour":18,"weekday":5,"is_weekend":true,"location_name":"","precision":"published_point"}},{"type":"Feature","geometry":{"type":"Point","coordinates":[-105.282964,39.999784]},"properties":{"incident_id":"BFD170318-003118","incident_type":"Auto-Aid Rescue","call_type":"Auto-Aid Rescue","category":"mountain","date":"2017-03-18","year":2017,"month":3,"hour":19,"weekday":5,"is_weekend":true,"location_name":"","precision":"published_point"}},{"type":"Feature","geometry":{"type":"Point","coordinates":[-105.292791,40.005962]},"properties":{"incident_id":"BFD160928-010896","incident_type":"Auto-Aid Tech Rescue","call_type":"Auto-Aid Tech Rescue","category":"mountain","date":"2016-09-28","year":2016,"month":9,"hour":13,"weekday":2,"is_weekend":false,"location_name":"","precision":"published_point"}},{"type":"Feature","geometry":{"type":"Point","coordinates":[-105.267411,39.984425]},"properties":{"incident_id":"BFD151110-011862","incident_type":"Auto-Aid Tech Rescue","call_type":"Auto-Aid Tech Rescue","category":"mountain","date":"2015-11-10","year":2015,"month":11,"hour":14,"weekday":1,"is_weekend":false,"location_name":"","precision":"published_point"}},{"type":"Feature","geometry":{"type":"Point","coordinates":[-105.282964,39.999784]},"properties":{"incident_id":"BFD160919-010511","incident_type":"Auto-Aid Tech Rescue","call_type":"Auto-Aid Tech Rescue","category":"mountain","date":"2016-09-19","year":2016,"month":9,"hour":10,"weekday":0,"is_weekend":false,"location_name":"","precision":"published_point"}},{"type":"Feature","geometry":{"type":"Point","coordinates":[-105.282964,39.999784]},"properties":{"incident_id":"BFD160902-009784","incident_type":"Auto-Aid Tech Rescue","call_type":"Auto-Aid Tech Rescue","category":"mountain","date":"2016-09-02","year":2016,"month":9,"hour":13,"weekday":4,"is_weekend":false,"location_name":"","precision":"published_point"}},{"type":"Feature","geometry":{"type":"Point","coordinates":[-105.267136,39.976791]},"properties":{"incident_id":"BFD150404-003485","incident_type":"Auto-Aid Rescue","call_type":"Auto-Aid Rescue","category":"mountain","date":"2015-04-04","year":2015,"month":4,"hour":20,"weekday":5,"is_weekend":true,"location_name":"","precision":"published_point"}},{"type":"Feature","geometry":{"type":"Point","coordinates":[-105.282705,39.998739]},"properties":{"incident_id":"BFD150407-003568","incident_type":"Rescue","call_type":"Rescue","category":"mountain","date":"2015-04-07","year":2015,"month":4,"hour":15,"weekday":1,"is_weekend":false,"location_name":"","precision":"published_point"}},{"type":"Feature","geometry":{"type":"Point","coordinates":[-105.282964,39.999784]},"properties":{"incident_id":"BFD150404-003477","incident_type":"Auto-Aid Tech Rescue","call_type":"Auto-Aid Tech Rescue","category":"mountain","date":"2015-04-04","year":2015,"month":4,"hour":16,"weekday":5,"is_weekend":true,"location_name":"","precision":"published_point"}},{"type":"Feature","geometry":{"type":"Point","coordinates":[-105.27761,39.977385]},"properties":{"incident_id":"BFD160907-010012","incident_type":"Auto-Aid Rescue","call_type":"Auto-Aid Rescue","category":"mountain","date":"2016-09-07","year":2016,"month":9,"hour":17,"weekday":2,"is_weekend":false,"location_name":"","precision":"published_point"}},{"type":"Feature","geometry":{"type":"Point","coordinates":[-105.292671,39.997646]},"properties":{"incident_id":"BFD160904-009886","incident_type":"Auto-Aid Tech Rescue","call_type":"Auto-Aid Tech Rescue","category":"mountain","date":"2016-09-04","year":2016,"month":9,"hour":14,"weekday":6,"is_weekend":true,"location_name":"","precision":"published_point"}},{"type":"Feature","geometry":{"type":"Point","coordinates":[-105.282793,40.050857]},"properties":{"incident_id":"BFD151018-010877","incident_type":"Rescue","call_type":"Rescue","category":"mountain","date":"2015-10-18","year":2015,"month":10,"hour":13,"weekday":6,"is_weekend":true,"location_name":"","precision":"published_point"}},{"type":"Feature","geometry":{"type":"Point","coordinates":[-105.25778,39.96515]},"properties":{"incident_id":"BFD170204-001284","incident_type":"Auto-Aid Tech Rescue","call_type":"Auto-Aid Tech Rescue","category":"mountain","date":"2017-02-04","year":2017,"month":2,"hour":13,"weekday":5,"is_weekend":true,"location_name":"","precision":"published_point"}},{"type":"Feature","geometry":{"type":"Point","coordinates":[-105.282964,39.999784]},"properties":{"incident_id":"BFD151020-010966","incident_type":"Auto-Aid Tech Rescue","call_type":"Auto-Aid Tech Rescue","category":"mountain","date":"2015-10-20","year":2015,"month":10,"hour":16,"weekday":1,"is_weekend":false,"location_name":"","precision":"published_point"}},{"type":"Feature","geometry":{"type":"Point","coordinates":[-105.292671,39.997646]},"properties":{"incident_id":"BFD150914-009390","incident_type":"Auto-Aid Tech Rescue","call_type":"Auto-Aid Tech Rescue","category":"mountain","date":"2015-09-14","year":2015,"month":9,"hour":9,"weekday":0,"is_weekend":false,"location_name":"","precision":"published_point"}},{"type":"Feature","geometry":{"type":"Point","coordinates":[-105.281826,40.014017]},"properties":{"incident_id":"BFD150928-009987","incident_type":"Water Rescue","call_type":"Water Rescue","category":"water","date":"2015-09-28","year":2015,"month":9,"hour":8,"weekday":0,"is_weekend":false,"location_name":"","precision":"published_point"}},{"type":"Feature","geometry":{"type":"Point","coordinates":[-105.282964,39.999784]},"properties":{"incident_id":"BFD150927-009957","incident_type":"Auto-Aid Tech Rescue","call_type":"Auto-Aid Tech Rescue","category":"mountain","date":"2015-09-27","year":2015,"month":9,"hour":11,"weekday":6,"is_weekend":true,"location_name":"","precision":"published_point"}},{"type":"Feature","geometry":{"type":"Point","coordinates":[-105.282964,39.999784]},"properties":{"incident_id":"BFD160905-009915","incident_type":"Auto-Aid Tech Rescue","call_type":"Auto-Aid Tech Rescue","category":"mountain","date":"2016-09-05","year":2016,"month":9,"hour":11,"weekday":0,"is_weekend":false,"location_name":"","precision":"published_point"}},{"type":"Feature","geometry":{"type":"Point","coordinates":[-105.220001,39.992012]},"properties":{"incident_id":"BFD150720-007288","incident_type":"Rescue","call_type":"Rescue","category":"mountain","date":"2015-07-20","year":2015,"month":7,"hour":15,"weekday":0,"is_weekend":false,"location_name":"","precision":"published_point"}},{"type":"Feature","geometry":{"type":"Point","coordinates":[-105.282964,39.999784]},"properties":{"incident_id":"BFD161124-013526","incident_type":"Auto-Aid Rescue","call_type":"Auto-Aid Rescue","category":"mountain","date":"2016-11-24","year":2016,"month":11,"hour":18,"weekday":3,"is_weekend":false,"location_name":"","precision":"published_point"}},{"type":"Feature","geometry":{"type":"Point","coordinates":[-105.282964,39.999784]},"properties":{"incident_id":"BFD150814-008201","incident_type":"Auto-Aid Tech Rescue","call_type":"Auto-Aid Tech Rescue","category":"mountain","date":"2015-08-14","year":2015,"month":8,"hour":11,"weekday":4,"is_weekend":false,"location_name":"","precision":"published_point"}},{"type":"Feature","geometry":{"type":"Point","coordinates":[-105.220379,40.070103]},"properties":{"incident_id":"BFD150912-009309","incident_type":"Water Rescue","call_type":"Water Rescue","category":"water","date":"2015-09-12","year":2015,"month":9,"hour":12,"weekday":5,"is_weekend":true,"location_name":"","precision":"published_point"}},{"type":"Feature","geometry":{"type":"Point","coordinates":[-105.281826,40.014017]},"properties":{"incident_id":"BFD150715-007127","incident_type":"Water Rescue","call_type":"Water Rescue","category":"water","date":"2015-07-15","year":2015,"month":7,"hour":15,"weekday":2,"is_weekend":false,"location_name":"","precision":"published_point"}},{"type":"Feature","geometry":{"type":"Point","coordinates":[-105.297,40.001742]},"properties":{"incident_id":"BFD150906-009095","incident_type":"Auto-Aid Tech Rescue","call_type":"Auto-Aid Tech Rescue","category":"mountain","date":"2015-09-06","year":2015,"month":9,"hour":18,"weekday":6,"is_weekend":true,"location_name":"","precision":"published_point"}},{"type":"Feature","geometry":{"type":"Point","coordinates":[-105.267136,39.976791]},"properties":{"incident_id":"BFD150720-007284","incident_type":"Auto-Aid Tech Rescue","call_type":"Auto-Aid Tech Rescue","category":"mountain","date":"2015-07-20","year":2015,"month":7,"hour":13,"weekday":0,"is_weekend":false,"location_name":"","precision":"published_point"}},{"type":"Feature","geometry":{"type":"Point","coordinates":[-105.292816,39.98874]},"properties":{"incident_id":"BFD161120-013408","incident_type":"Auto-Aid Rescue","call_type":"Auto-Aid Rescue","category":"mountain","date":"2016-11-20","year":2016,"month":11,"hour":17,"weekday":6,"is_weekend":true,"location_name":"","precision":"published_point"}},{"type":"Feature","geometry":{"type":"Point","coordinates":[-105.274704,39.978007]},"properties":{"incident_id":"BFD150721-007327","incident_type":"Auto-Aid Rescue","call_type":"Auto-Aid Rescue","category":"mountain","date":"2015-07-21","year":2015,"month":7,"hour":19,"weekday":1,"is_weekend":false,"location_name":"","precision":"published_point"}},{"type":"Feature","geometry":{"type":"Point","coordinates":[-105.274704,39.978007]},"properties":{"incident_id":"BFD161023-012128","incident_type":"Auto-Aid Tech Rescue","call_type":"Auto-Aid Tech Rescue","category":"mountain","date":"2016-10-23","year":2016,"month":10,"hour":15,"weekday":6,"is_weekend":true,"location_name":"","precision":"published_point"}},{"type":"Feature","geometry":{"type":"Point","coordinates":[-105.259677,40.010772]},"properties":{"incident_id":"BFD150426-004209","incident_type":"Water Rescue","call_type":"Water Rescue","category":"water","date":"2015-04-26","year":2015,"month":4,"hour":0,"weekday":6,"is_weekend":true,"location_name":"","precision":"published_point"}},{"type":"Feature","geometry":{"type":"Point","coordinates":[-105.282964,39.999784]},"properties":{"incident_id":"BFD150623-006305","incident_type":"Auto-Aid Tech Rescue","call_type":"Auto-Aid Tech Rescue","category":"mountain","date":"2015-06-23","year":2015,"month":6,"hour":18,"weekday":1,"is_weekend":false,"location_name":"","precision":"published_point"}},{"type":"Feature","geometry":{"type":"Point","coordinates":[-105.25778,39.96515]},"properties":{"incident_id":"BFD150620-006184","incident_type":"Auto-Aid Tech Rescue","call_type":"Auto-Aid Tech Rescue","category":"mountain","date":"2015-06-20","year":2015,"month":6,"hour":9,"weekday":5,"is_weekend":true,"location_name":"","precision":"published_point"}},{"type":"Feature","geometry":{"type":"Point","coordinates":[-105.282964,39.999784]},"properties":{"incident_id":"BFD160723-008085","incident_type":"Auto-Aid Tech Rescue","call_type":"Auto-Aid Tech Rescue","category":"mountain","date":"2016-07-23","year":2016,"month":7,"hour":19,"weekday":5,"is_weekend":true,"location_name":"","precision":"published_point"}},{"type":"Feature","geometry":{"type":"Point","coordinates":[-105.308952,39.997242]},"properties":{"incident_id":"BFD150527-005355","incident_type":"Auto-Aid Tech Rescue","call_type":"Auto-Aid Tech Rescue","category":"mountain","date":"2015-05-27","year":2015,"month":5,"hour":15,"weekday":2,"is_weekend":false,"location_name":"","precision":"published_point"}},{"type":"Feature","geometry":{"type":"Point","coordinates":[-105.291919,40.004008]},"properties":{"incident_id":"BFD160718-007865","incident_type":"Auto-Aid Tech Rescue","call_type":"Auto-Aid Tech Rescue","category":"mountain","date":"2016-07-18","year":2016,"month":7,"hour":14,"weekday":0,"is_weekend":false,"location_name":"","precision":"published_point"}},{"type":"Feature","geometry":{"type":"Point","coordinates":[-105.083132,39.969373]},"properties":{"incident_id":"BFD150119-000686","incident_type":"Rescue","call_type":"Rescue","category":"mountain","date":"2015-01-19","year":2015,"month":1,"hour":12,"weekday":0,"is_weekend":false,"location_name":"","precision":"published_point"}},{"type":"Feature","geometry":{"type":"Point","coordinates":[-105.263178,39.949125]},"properties":{"incident_id":"BFD150523-005206","incident_type":"Auto-Aid Tech Rescue","call_type":"Auto-Aid Tech Rescue","category":"mountain","date":"2015-05-23","year":2015,"month":5,"hour":8,"weekday":5,"is_weekend":true,"location_name":"","precision":"published_point"}},{"type":"Feature","geometry":{"type":"Point","coordinates":[-105.239206,40.078065]},"properties":{"incident_id":"BFD160723-008060","incident_type":"Water Rescue","call_type":"Water Rescue","category":"water","date":"2016-07-23","year":2016,"month":7,"hour":9,"weekday":5,"is_weekend":true,"location_name":"","precision":"published_point"}},{"type":"Feature","geometry":{"type":"Point","coordinates":[-105.282964,39.999784]},"properties":{"incident_id":"BFD160720-007945","incident_type":"Auto-Aid Tech Rescue","call_type":"Auto-Aid Tech Rescue","category":"mountain","date":"2016-07-20","year":2016,"month":7,"hour":12,"weekday":2,"is_weekend":false,"location_name":"","precision":"published_point"}},{"type":"Feature","geometry":{"type":"Point","coordinates":[-105.282964,39.999784]},"properties":{"incident_id":"BFD160709-007501","incident_type":"Auto-Aid Tech Rescue","call_type":"Auto-Aid Tech Rescue","category":"mountain","date":"2016-07-09","year":2016,"month":7,"hour":13,"weekday":5,"is_weekend":true,"location_name":"","precision":"published_point"}},{"type":"Feature","geometry":{"type":"Point","coordinates":[-105.282964,39.999784]},"properties":{"incident_id":"BFD150425-004182","incident_type":"Auto-Aid Tech Rescue","call_type":"Auto-Aid Tech Rescue","category":"mountain","date":"2015-04-25","year":2015,"month":4,"hour":8,"weekday":5,"is_weekend":true,"location_name":"","precision":"published_point"}},{"type":"Feature","geometry":{"type":"Point","coordinates":[-105.282964,39.999784]},"properties":{"incident_id":"BFD150524-005245","incident_type":"Auto-Aid Tech Rescue","call_type":"Auto-Aid Tech Rescue","category":"mountain","date":"2015-05-24","year":2015,"month":5,"hour":11,"weekday":6,"is_weekend":true,"location_name":"","precision":"published_point"}},{"type":"Feature","geometry":{"type":"Point","coordinates":[-105.264928,40.014792]},"properties":{"incident_id":"BFD161021-012017","incident_type":"Water Rescue","call_type":"Water Rescue","category":"water","date":"2016-10-21","year":2016,"month":10,"hour":12,"weekday":4,"is_weekend":false,"location_name":"","precision":"published_point"}},{"type":"Feature","geometry":{"type":"Point","coordinates":[-105.282964,39.999784]},"properties":{"incident_id":"BFD160603-005936","incident_type":"Auto-Aid Tech Rescue","call_type":"Auto-Aid Tech Rescue","category":"mountain","date":"2016-06-03","year":2016,"month":6,"hour":19,"weekday":4,"is_weekend":false,"location_name":"","precision":"published_point"}},{"type":"Feature","geometry":{"type":"Point","coordinates":[-105.273462,40.01413]},"properties":{"incident_id":"BFD160604-005973","incident_type":"Water Rescue","call_type":"Water Rescue","category":"water","date":"2016-06-04","year":2016,"month":6,"hour":20,"weekday":5,"is_weekend":true,"location_name":"","precision":"published_point"}},{"type":"Feature","geometry":{"type":"Point","coordinates":[-105.28691,40.048051]},"properties":{"incident_id":"BFD150115-000537","incident_type":"Water Rescue","call_type":"Water Rescue","category":"water","date":"2015-01-15","year":2015,"month":1,"hour":9,"weekday":3,"is_weekend":false,"location_name":"","precision":"published_point"}},{"type":"Feature","geometry":{"type":"Point","coordinates":[-105.28691,40.048051]},"properties":{"incident_id":"BFD150117-000621","incident_type":"Water Rescue","call_type":"Water Rescue","category":"water","date":"2015-01-17","year":2015,"month":1,"hour":13,"weekday":5,"is_weekend":true,"location_name":"","precision":"published_point"}},{"type":"Feature","geometry":{"type":"Point","coordinates":[-105.225036,40.027666]},"properties":{"incident_id":"BFD170828-009693","incident_type":"EMS call, excluding vehicle accident with injury","call_type":"Water Rescue","category":"water","date":"2017-08-28","year":2017,"month":8,"hour":22,"weekday":0,"is_weekend":false,"location_name":"","precision":"published_point"}},{"type":"Feature","geometry":{"type":"Point","coordinates":[-105.282964,39.999784]},"properties":{"incident_id":"BFD170904-010007","incident_type":"No Incident found on arrival at dispatch address","call_type":"Auto-Aid Tech Rescue","category":"mountain","date":"2017-09-04","year":2017,"month":9,"hour":12,"weekday":0,"is_weekend":false,"location_name":"","precision":"published_point"}},{"type":"Feature","geometry":{"type":"Point","coordinates":[-105.282705,39.998739]},"properties":{"incident_id":"BFD170823-009458","incident_type":"Search for person on land","call_type":"Auto-Aid Tech Rescue","category":"mountain","date":"2017-08-23","year":2017,"month":8,"hour":13,"weekday":2,"is_weekend":false,"location_name":"","precision":"published_point"}},{"type":"Feature","geometry":{"type":"Point","coordinates":[-105.232252,39.995677]},"properties":{"incident_id":"BFD160625-006831","incident_type":"Rescue","call_type":"Rescue","category":"mountain","date":"2016-06-25","year":2016,"month":6,"hour":12,"weekday":5,"is_weekend":true,"location_name":"","precision":"published_point"}},{"type":"Feature","geometry":{"type":"Point","coordinates":[-105.299923,39.982002]},"properties":{"incident_id":"BFD170727-008345","incident_type":"Search for person on land","call_type":"Auto-Aid Rescue","category":"mountain","date":"2017-07-27","year":2017,"month":7,"hour":21,"weekday":3,"is_weekend":false,"location_name":"","precision":"published_point"}},{"type":"Feature","geometry":{"type":"Point","coordinates":[-105.282705,39.998739]},"properties":{"incident_id":"BFD170829-009715","incident_type":"Search for person on land","call_type":"Auto-Aid Tech Rescue","category":"mountain","date":"2017-08-29","year":2017,"month":8,"hour":12,"weekday":1,"is_weekend":false,"location_name":"","precision":"published_point"}},{"type":"Feature","geometry":{"type":"Point","coordinates":[-105.282964,39.999784]},"properties":{"incident_id":"BFD170827-009628","incident_type":"EMS call, excluding vehicle accident with injury","call_type":"Auto-Aid Tech Rescue","category":"mountain","date":"2017-08-27","year":2017,"month":8,"hour":10,"weekday":6,"is_weekend":true,"location_name":"","precision":"published_point"}},{"type":"Feature","geometry":{"type":"Point","coordinates":[-105.274704,39.978007]},"properties":{"incident_id":"BFD170506-004987","incident_type":"EMS call - medical check non-emergent","call_type":"Auto-Aid Tech Rescue","category":"mountain","date":"2017-05-06","year":2017,"month":5,"hour":12,"weekday":5,"is_weekend":true,"location_name":"","precision":"published_point"}},{"type":"Feature","geometry":{"type":"Point","coordinates":[-105.282705,39.998739]},"properties":{"incident_id":"BFD170723-008168","incident_type":"Search for lost person, other","call_type":"Auto-Aid Rescue","category":"mountain","date":"2017-07-23","year":2017,"month":7,"hour":15,"weekday":6,"is_weekend":true,"location_name":"","precision":"published_point"}},{"type":"Feature","geometry":{"type":"Point","coordinates":[-105.292671,39.997646]},"properties":{"incident_id":"BFD170507-005019","incident_type":"Medical, no patient contact","call_type":"Auto-Aid Tech Rescue","category":"mountain","date":"2017-05-07","year":2017,"month":5,"hour":9,"weekday":6,"is_weekend":true,"location_name":"","precision":"published_point"}},{"type":"Feature","geometry":{"type":"Point","coordinates":[-105.282964,39.999784]},"properties":{"incident_id":"BFD170513-005268","incident_type":"Medical, no patient contact","call_type":"Auto-Aid Tech Rescue","category":"mountain","date":"2017-05-13","year":2017,"month":5,"hour":15,"weekday":5,"is_weekend":true,"location_name":"","precision":"published_point"}},{"type":"Feature","geometry":{"type":"Point","coordinates":[-105.275361,40.016687]},"properties":{"incident_id":"BFD170514-005292","incident_type":"EMS call - medical check emergent","call_type":"Rescue","category":"mountain","date":"2017-05-14","year":2017,"month":5,"hour":10,"weekday":6,"is_weekend":true,"location_name":"","precision":"published_point"}},{"type":"Feature","geometry":{"type":"Point","coordinates":[-105.28691,40.048051]},"properties":{"incident_id":"BFD170504-004903","incident_type":"Medical, no patient contact","call_type":"Rescue","category":"mountain","date":"2017-05-04","year":2017,"month":5,"hour":11,"weekday":3,"is_weekend":false,"location_name":"","precision":"published_point"}},{"type":"Feature","geometry":{"type":"Point","coordinates":[-105.260529,40.020013]},"properties":{"incident_id":"BFD170721-008096","incident_type":"EMS call, excluding vehicle accident with injury","call_type":"Water Rescue","category":"water","date":"2017-07-21","year":2017,"month":7,"hour":16,"weekday":4,"is_weekend":false,"location_name":"","precision":"published_point"}},{"type":"Feature","geometry":{"type":"Point","coordinates":[-105.308952,39.997242]},"properties":{"incident_id":"BFD170506-004997","incident_type":"Medical assist, assist EMS crew","call_type":"Auto-Aid Tech Rescue","category":"mountain","date":"2017-05-06","year":2017,"month":5,"hour":17,"weekday":5,"is_weekend":true,"location_name":"","precision":"published_point"}},{"type":"Feature","geometry":{"type":"Point","coordinates":[-105.282964,39.999784]},"properties":{"incident_id":"BFD160530-005764","incident_type":"Auto-Aid Tech Rescue","call_type":"Auto-Aid Tech Rescue","category":"mountain","date":"2016-05-30","year":2016,"month":5,"hour":16,"weekday":0,"is_weekend":false,"location_name":"","precision":"published_point"}},{"type":"Feature","geometry":{"type":"Point","coordinates":[-105.282964,39.999784]},"properties":{"incident_id":"BFD151228-013757","incident_type":"Auto-Aid Tech Rescue","call_type":"Auto-Aid Tech Rescue","category":"mountain","date":"2015-12-28","year":2015,"month":12,"hour":13,"weekday":0,"is_weekend":false,"location_name":"","precision":"published_point"}},{"type":"Feature","geometry":{"type":"Point","coordinates":[-105.249284,39.974872]},"properties":{"incident_id":"BFD160120-000700","incident_type":"Water Rescue","call_type":"Water Rescue","category":"water","date":"2016-01-20","year":2016,"month":1,"hour":17,"weekday":2,"is_weekend":false,"location_name":"","precision":"published_point"}},{"type":"Feature","geometry":{"type":"Point","coordinates":[-105.274704,39.978007]},"properties":{"incident_id":"BFD160128-000983","incident_type":"Rescue","call_type":"Rescue","category":"mountain","date":"2016-01-28","year":2016,"month":1,"hour":11,"weekday":3,"is_weekend":false,"location_name":"","precision":"published_point"}},{"type":"Feature","geometry":{"type":"Point","coordinates":[-105.275326,39.978506]},"properties":{"incident_id":"BFD151108-011770","incident_type":"Auto-Aid Tech Rescue","call_type":"Auto-Aid Tech Rescue","category":"mountain","date":"2015-11-08","year":2015,"month":11,"hour":10,"weekday":6,"is_weekend":true,"location_name":"","precision":"published_point"}},{"type":"Feature","geometry":{"type":"Point","coordinates":[-105.282705,39.998739]},"properties":{"incident_id":"BFD151215-013225","incident_type":"Rescue","call_type":"Rescue","category":"mountain","date":"2015-12-15","year":2015,"month":12,"hour":11,"weekday":1,"is_weekend":false,"location_name":"","precision":"published_point"}},{"type":"Feature","geometry":{"type":"Point","coordinates":[-105.297,40.001742]},"properties":{"incident_id":"BFD160119-000670","incident_type":"Auto-Aid Tech Rescue","call_type":"Auto-Aid Tech Rescue","category":"mountain","date":"2016-01-19","year":2016,"month":1,"hour":21,"weekday":1,"is_weekend":false,"location_name":"","precision":"published_point"}},{"type":"Feature","geometry":{"type":"Point","coordinates":[-105.218757,39.993171]},"properties":{"incident_id":"BFD151209-012989","incident_type":"Water Rescue","call_type":"Water Rescue","category":"water","date":"2015-12-09","year":2015,"month":12,"hour":14,"weekday":2,"is_weekend":false,"location_name":"","precision":"published_point"}},{"type":"Feature","geometry":{"type":"Point","coordinates":[-105.280244,39.997273]},"properties":{"incident_id":"BFD170412-004092","incident_type":"Rescue or EMS standby","call_type":"Auto-Aid Tech Rescue","category":"mountain","date":"2017-04-12","year":2017,"month":4,"hour":13,"weekday":2,"is_weekend":false,"location_name":"","precision":"published_point"}},{"type":"Feature","geometry":{"type":"Point","coordinates":[-105.257546,40.029614]},"properties":{"incident_id":"BFD170304-002434","incident_type":"Rescue","call_type":"Rescue","category":"mountain","date":"2017-03-04","year":2017,"month":3,"hour":14,"weekday":5,"is_weekend":true,"location_name":"","precision":"published_point"}},{"type":"Feature","geometry":{"type":"Point","coordinates":[-105.282964,39.999784]},"properties":{"incident_id":"BFD170713-007744","incident_type":"Medical, no patient contact","call_type":"Auto-Aid Tech Rescue","category":"mountain","date":"2017-07-13","year":2017,"month":7,"hour":13,"weekday":3,"is_weekend":false,"location_name":"","precision":"published_point"}},{"type":"Feature","geometry":{"type":"Point","coordinates":[-105.282964,39.999784]},"properties":{"incident_id":"BFD170708-007525","incident_type":"EMS call, excluding vehicle accident with injury","call_type":"Auto-Aid Tech Rescue","category":"mountain","date":"2017-07-08","year":2017,"month":7,"hour":12,"weekday":5,"is_weekend":true,"location_name":"","precision":"published_point"}},{"type":"Feature","geometry":{"type":"Point","coordinates":[-105.264928,40.014792]},"properties":{"incident_id":"BFD160802-008471","incident_type":"Water Rescue","call_type":"Water Rescue","category":"water","date":"2016-08-02","year":2016,"month":8,"hour":17,"weekday":1,"is_weekend":false,"location_name":"","precision":"published_point"}},{"type":"Feature","geometry":{"type":"Point","coordinates":[-105.282964,39.999784]},"properties":{"incident_id":"BFD150804-007834","incident_type":"Auto-Aid Tech Rescue","call_type":"Auto-Aid Tech Rescue","category":"mountain","date":"2015-08-04","year":2015,"month":8,"hour":14,"weekday":1,"is_weekend":false,"location_name":"","precision":"published_point"}},{"type":"Feature","geometry":{"type":"Point","coordinates":[-105.282964,39.999784]},"properties":{"incident_id":"BFD161224-014725","incident_type":"Auto-Aid Tech Rescue","call_type":"Auto-Aid Tech Rescue","category":"mountain","date":"2016-12-24","year":2016,"month":12,"hour":14,"weekday":5,"is_weekend":true,"location_name":"","precision":"published_point"}},{"type":"Feature","geometry":{"type":"Point","coordinates":[-105.282964,39.999784]},"properties":{"incident_id":"BFD151009-010458","incident_type":"Auto-Aid Tech Rescue","call_type":"Auto-Aid Tech Rescue","category":"mountain","date":"2015-10-09","year":2015,"month":10,"hour":19,"weekday":4,"is_weekend":false,"location_name":"","precision":"published_point"}},{"type":"Feature","geometry":{"type":"Point","coordinates":[-105.292671,39.997646]},"properties":{"incident_id":"BFD150801-007719","incident_type":"Auto-Aid Tech Rescue","call_type":"Auto-Aid Tech Rescue","category":"mountain","date":"2015-08-01","year":2015,"month":8,"hour":13,"weekday":5,"is_weekend":true,"location_name":"","precision":"published_point"}},{"type":"Feature","geometry":{"type":"Point","coordinates":[-105.249128,40.043042]},"properties":{"incident_id":"BFD150614-005979","incident_type":"Rescue","call_type":"Rescue","category":"mountain","date":"2015-06-14","year":2015,"month":6,"hour":11,"weekday":6,"is_weekend":true,"location_name":"","precision":"published_point"}},{"type":"Feature","geometry":{"type":"Point","coordinates":[-105.333654,40.006642]},"properties":{"incident_id":"BFD150615-006028","incident_type":"Auto-Aid Water Rescue","call_type":"Auto-Aid Water Rescue","category":"water","date":"2015-06-15","year":2015,"month":6,"hour":13,"weekday":0,"is_weekend":false,"location_name":"","precision":"published_point"}},{"type":"Feature","geometry":{"type":"Point","coordinates":[-105.282964,39.999784]},"properties":{"incident_id":"BFD161205-013951","incident_type":"Auto-Aid Tech Rescue","call_type":"Auto-Aid Tech Rescue","category":"mountain","date":"2016-12-05","year":2016,"month":12,"hour":13,"weekday":0,"is_weekend":false,"location_name":"","precision":"published_point"}},{"type":"Feature","geometry":{"type":"Point","coordinates":[-105.304948,40.000711]},"properties":{"incident_id":"BFD170112-000436","incident_type":"Auto-Aid Tech Rescue","call_type":"Auto-Aid Tech Rescue","category":"mountain","date":"2017-01-12","year":2017,"month":1,"hour":12,"weekday":3,"is_weekend":false,"location_name":"","precision":"published_point"}},{"type":"Feature","geometry":{"type":"Point","coordinates":[-105.282964,39.999784]},"properties":{"incident_id":"BFD150517-004985","incident_type":"Auto-Aid Tech Rescue","call_type":"Auto-Aid Tech Rescue","category":"mountain","date":"2015-05-17","year":2015,"month":5,"hour":13,"weekday":6,"is_weekend":true,"location_name":"","precision":"published_point"}},{"type":"Feature","geometry":{"type":"Point","coordinates":[-105.282964,39.999784]},"properties":{"incident_id":"BFD160916-010397","incident_type":"Auto-Aid Rescue","call_type":"Auto-Aid Rescue","category":"mountain","date":"2016-09-16","year":2016,"month":9,"hour":17,"weekday":4,"is_weekend":false,"location_name":"","precision":"published_point"}},{"type":"Feature","geometry":{"type":"Point","coordinates":[-105.290285,40.063495]},"properties":{"incident_id":"BFD160913-010255","incident_type":"Rescue","call_type":"Rescue","category":"mountain","date":"2016-09-13","year":2016,"month":9,"hour":6,"weekday":1,"is_weekend":false,"location_name":"","precision":"published_point"}},{"type":"Feature","geometry":{"type":"Point","coordinates":[-105.249284,39.974872]},"properties":{"incident_id":"BFD161206-013997","incident_type":"Water Rescue","call_type":"Water Rescue","category":"water","date":"2016-12-06","year":2016,"month":12,"hour":11,"weekday":1,"is_weekend":false,"location_name":"","precision":"published_point"}},{"type":"Feature","geometry":{"type":"Point","coordinates":[-105.282964,39.999784]},"properties":{"incident_id":"BFD150614-005985","incident_type":"Auto-Aid Tech Rescue","call_type":"Auto-Aid Tech Rescue","category":"mountain","date":"2015-06-14","year":2015,"month":6,"hour":16,"weekday":6,"is_weekend":true,"location_name":"","precision":"published_point"}},{"type":"Feature","geometry":{"type":"Point","coordinates":[-105.320984,40.014694]},"properties":{"incident_id":"BFD150614-005987","incident_type":"Auto-Aid Water Rescue","call_type":"Auto-Aid Water Rescue","category":"water","date":"2015-06-14","year":2015,"month":6,"hour":17,"weekday":6,"is_weekend":true,"location_name":"","precision":"published_point"}},{"type":"Feature","geometry":{"type":"Point","coordinates":[-105.23626,40.016191]},"properties":{"incident_id":"BFD150511-004797","incident_type":"Water Rescue","call_type":"Water Rescue","category":"water","date":"2015-05-11","year":2015,"month":5,"hour":20,"weekday":0,"is_weekend":false,"location_name":"","precision":"published_point"}},{"type":"Feature","geometry":{"type":"Point","coordinates":[-105.308952,39.997242]},"properties":{"incident_id":"BFD161001-011061","incident_type":"Auto-Aid Tech Rescue","call_type":"Auto-Aid Tech Rescue","category":"mountain","date":"2016-10-01","year":2016,"month":10,"hour":12,"weekday":5,"is_weekend":true,"location_name":"","precision":"published_point"}},{"type":"Feature","geometry":{"type":"Point","coordinates":[-105.274704,39.978007]},"properties":{"incident_id":"BFD150517-004978","incident_type":"Auto-Aid Tech Rescue","call_type":"Auto-Aid Tech Rescue","category":"mountain","date":"2015-05-17","year":2015,"month":5,"hour":11,"weekday":6,"is_weekend":true,"location_name":"","precision":"published_point"}},{"type":"Feature","geometry":{"type":"Point","coordinates":[-105.282964,39.999784]},"properties":{"incident_id":"BFD150418-003953","incident_type":"Auto-Aid Tech Rescue","call_type":"Auto-Aid Tech Rescue","category":"mountain","date":"2015-04-18","year":2015,"month":4,"hour":18,"weekday":5,"is_weekend":true,"location_name":"","precision":"published_point"}},{"type":"Feature","geometry":{"type":"Point","coordinates":[-105.297,40.001742]},"properties":{"incident_id":"BFD160828-009580","incident_type":"Auto-Aid Tech Rescue","call_type":"Auto-Aid Tech Rescue","category":"mountain","date":"2016-08-28","year":2016,"month":8,"hour":16,"weekday":6,"is_weekend":true,"location_name":"","precision":"published_point"}},{"type":"Feature","geometry":{"type":"Point","coordinates":[-105.297,40.001742]},"properties":{"incident_id":"BFD161005-011242","incident_type":"Auto-Aid Tech Rescue","call_type":"Auto-Aid Tech Rescue","category":"mountain","date":"2016-10-05","year":2016,"month":10,"hour":15,"weekday":2,"is_weekend":false,"location_name":"","precision":"published_point"}},{"type":"Feature","geometry":{"type":"Point","coordinates":[-105.290963,40.001837]},"properties":{"incident_id":"BFD160826-009463","incident_type":"Auto-Aid Tech Rescue","call_type":"Auto-Aid Tech Rescue","category":"mountain","date":"2016-08-26","year":2016,"month":8,"hour":12,"weekday":4,"is_weekend":false,"location_name":"","precision":"published_point"}},{"type":"Feature","geometry":{"type":"Point","coordinates":[-105.275641,39.978268]},"properties":{"incident_id":"BFD160520-005304","incident_type":"Auto-Aid Tech Rescue","call_type":"Auto-Aid Tech Rescue","category":"mountain","date":"2016-05-20","year":2016,"month":5,"hour":18,"weekday":4,"is_weekend":false,"location_name":"","precision":"published_point"}},{"type":"Feature","geometry":{"type":"Point","coordinates":[-105.25712,39.938436]},"properties":{"incident_id":"BFD160521-005340","incident_type":"Auto-Aid Tech Rescue","call_type":"Auto-Aid Tech Rescue","category":"mountain","date":"2016-05-21","year":2016,"month":5,"hour":13,"weekday":5,"is_weekend":true,"location_name":"","precision":"published_point"}},{"type":"Feature","geometry":{"type":"Point","coordinates":[-105.282705,39.998739]},"properties":{"incident_id":"BFD160521-005341","incident_type":"Rescue","call_type":"Rescue","category":"mountain","date":"2016-05-21","year":2016,"month":5,"hour":15,"weekday":5,"is_weekend":true,"location_name":"","precision":"published_point"}},{"type":"Feature","geometry":{"type":"Point","coordinates":[-105.282964,39.999784]},"properties":{"incident_id":"BFD160515-005107","incident_type":"Auto-Aid Tech Rescue","call_type":"Auto-Aid Tech Rescue","category":"mountain","date":"2016-05-15","year":2016,"month":5,"hour":15,"weekday":6,"is_weekend":true,"location_name":"","precision":"published_point"}},{"type":"Feature","geometry":{"type":"Point","coordinates":[-105.311349,40.014475]},"properties":{"incident_id":"BFD150207-001345","incident_type":"Auto-Aid Rescue","call_type":"Auto-Aid Rescue","category":"mountain","date":"2015-02-07","year":2015,"month":2,"hour":20,"weekday":5,"is_weekend":true,"location_name":"","precision":"published_point"}},{"type":"Feature","geometry":{"type":"Point","coordinates":[-105.276862,39.976796]},"properties":{"incident_id":"BFD160818-009080","incident_type":"Rescue","call_type":"Rescue","category":"mountain","date":"2016-08-18","year":2016,"month":8,"hour":7,"weekday":3,"is_weekend":false,"location_name":"","precision":"published_point"}},{"type":"Feature","geometry":{"type":"Point","coordinates":[-105.282964,39.999784]},"properties":{"incident_id":"BFD160619-006585","incident_type":"Auto-Aid Tech Rescue","call_type":"Auto-Aid Tech Rescue","category":"mountain","date":"2016-06-19","year":2016,"month":6,"hour":15,"weekday":6,"is_weekend":true,"location_name":"","precision":"published_point"}},{"type":"Feature","geometry":{"type":"Point","coordinates":[-105.282705,39.998739]},"properties":{"incident_id":"BFD160814-008932","incident_type":"Rescue","call_type":"Rescue","category":"mountain","date":"2016-08-14","year":2016,"month":8,"hour":12,"weekday":6,"is_weekend":true,"location_name":"","precision":"published_point"}},{"type":"Feature","geometry":{"type":"Point","coordinates":[-105.282964,39.999784]},"properties":{"incident_id":"BFD170715-007809","incident_type":"EMS call - medical check emergent","call_type":"Auto-Aid Tech Rescue","category":"mountain","date":"2017-07-15","year":2017,"month":7,"hour":12,"weekday":5,"is_weekend":true,"location_name":"","precision":"published_point"}},{"type":"Feature","geometry":{"type":"Point","coordinates":[-105.273462,40.01413]},"properties":{"incident_id":"BFD160624-006792","incident_type":"Water Rescue","call_type":"Water Rescue","category":"water","date":"2016-06-24","year":2016,"month":6,"hour":15,"weekday":4,"is_weekend":false,"location_name":"","precision":"published_point"}},{"type":"Feature","geometry":{"type":"Point","coordinates":[-105.300324,40.014091]},"properties":{"incident_id":"BFD170716-007851","incident_type":"Swift water rescue","call_type":"Water Rescue","category":"water","date":"2017-07-16","year":2017,"month":7,"hour":15,"weekday":6,"is_weekend":true,"location_name":"","precision":"published_point"}},{"type":"Feature","geometry":{"type":"Point","coordinates":[-105.292671,39.997646]},"properties":{"incident_id":"BFD160518-005208","incident_type":"Auto-Aid Tech Rescue","call_type":"Auto-Aid Tech Rescue","category":"mountain","date":"2016-05-18","year":2016,"month":5,"hour":13,"weekday":2,"is_weekend":false,"location_name":"","precision":"published_point"}},{"type":"Feature","geometry":{"type":"Point","coordinates":[-105.292671,39.997646]},"properties":{"incident_id":"BFD160524-005468","incident_type":"Auto-Aid Tech Rescue","call_type":"Auto-Aid Tech Rescue","category":"mountain","date":"2016-05-24","year":2016,"month":5,"hour":16,"weekday":1,"is_weekend":false,"location_name":"","precision":"published_point"}},{"type":"Feature","geometry":{"type":"Point","coordinates":[-105.282964,39.999784]},"properties":{"incident_id":"BFD170718-007936","incident_type":"Animal problem","call_type":"Auto-Aid Tech Rescue","category":"mountain","date":"2017-07-18","year":2017,"month":7,"hour":16,"weekday":1,"is_weekend":false,"location_name":"","precision":"published_point"}},{"type":"Feature","geometry":{"type":"Point","coordinates":[-105.287225,40.012944]},"properties":{"incident_id":"BFD170714-007771","incident_type":"Swift water rescue","call_type":"Water Rescue","category":"water","date":"2017-07-14","year":2017,"month":7,"hour":8,"weekday":4,"is_weekend":false,"location_name":"","precision":"published_point"}},{"type":"Feature","geometry":{"type":"Point","coordinates":[-105.282964,39.999784]},"properties":{"incident_id":"BFD160512-005015","incident_type":"Auto-Aid Tech Rescue","call_type":"Auto-Aid Tech Rescue","category":"mountain","date":"2016-05-12","year":2016,"month":5,"hour":22,"weekday":3,"is_weekend":false,"location_name":"","precision":"published_point"}},{"type":"Feature","geometry":{"type":"Point","coordinates":[-105.265409,40.021043]},"properties":{"incident_id":"BFD160517-005185","incident_type":"Water Rescue","call_type":"Water Rescue","category":"water","date":"2016-05-17","year":2016,"month":5,"hour":22,"weekday":1,"is_weekend":false,"location_name":"","precision":"published_point"}},{"type":"Feature","geometry":{"type":"Point","coordinates":[-105.258427,40.014624]},"properties":{"incident_id":"BFD170608-006345","incident_type":"No Incident found on arrival at dispatch address","call_type":"Water Rescue","category":"water","date":"2017-06-08","year":2017,"month":6,"hour":18,"weekday":3,"is_weekend":false,"location_name":"","precision":"published_point"}},{"type":"Feature","geometry":{"type":"Point","coordinates":[-105.308952,39.997242]},"properties":{"incident_id":"BFD170617-006755","incident_type":"EMS call, excluding vehicle accident with injury","call_type":"Auto-Aid Tech Rescue","category":"mountain","date":"2017-06-17","year":2017,"month":6,"hour":18,"weekday":5,"is_weekend":true,"location_name":"","precision":"published_point"}},{"type":"Feature","geometry":{"type":"Point","coordinates":[-105.260566,40.012142]},"properties":{"incident_id":"BFD170621-006905","incident_type":"Police matter","call_type":"Water Rescue","category":"water","date":"2017-06-21","year":2017,"month":6,"hour":18,"weekday":2,"is_weekend":false,"location_name":"","precision":"published_point"}},{"type":"Feature","geometry":{"type":"Point","coordinates":[-105.188173,40.133791]},"properties":{"incident_id":"BFD170616-006697","incident_type":"Assist police or other governmental agency","call_type":"Auto-Aid Water Rescue","category":"water","date":"2017-06-16","year":2017,"month":6,"hour":9,"weekday":4,"is_weekend":false,"location_name":"","precision":"published_point"}},{"type":"Feature","geometry":{"type":"Point","coordinates":[-105.292671,39.997646]},"properties":{"incident_id":"BFD170923-011016","incident_type":"EMS call - medical check emergent","call_type":"Auto-Aid Tech Rescue","category":"mountain","date":"2017-09-23","year":2017,"month":9,"hour":9,"weekday":5,"is_weekend":true,"location_name":"","precision":"published_point"}},{"type":"Feature","geometry":{"type":"Point","coordinates":[-105.235971,40.031253]},"properties":{"incident_id":"BFD160411-003799","incident_type":"Rescue","call_type":"Rescue","category":"mountain","date":"2016-04-11","year":2016,"month":4,"hour":19,"weekday":0,"is_weekend":false,"location_name":"","precision":"published_point"}},{"type":"Feature","geometry":{"type":"Point","coordinates":[-105.25778,39.96515]},"properties":{"incident_id":"BFD160427-004435","incident_type":"Auto-Aid Tech Rescue","call_type":"Auto-Aid Tech Rescue","category":"mountain","date":"2016-04-27","year":2016,"month":4,"hour":17,"weekday":2,"is_weekend":false,"location_name":"","precision":"published_point"}},{"type":"Feature","geometry":{"type":"Point","coordinates":[-105.294605,40.020801]},"properties":{"incident_id":"BFD170918-010788","incident_type":"High-angle rescue","call_type":"Illness and Other","category":"mountain","date":"2017-09-18","year":2017,"month":9,"hour":13,"weekday":0,"is_weekend":false,"location_name":"","precision":"published_point"}},{"type":"Feature","geometry":{"type":"Point","coordinates":[-105.220379,40.070103]},"properties":{"incident_id":"BFD171007-011744","incident_type":"Swimming/recreational water areas rescue","call_type":"Water Rescue","category":"water","date":"2017-10-07","year":2017,"month":10,"hour":7,"weekday":5,"is_weekend":true,"location_name":"","precision":"published_point"}},{"type":"Feature","geometry":{"type":"Point","coordinates":[-105.254866,40.018704]},"properties":{"incident_id":"BFD170912-010472","incident_type":"Medical assist, assist EMS crew","call_type":"Rescue","category":"mountain","date":"2017-09-12","year":2017,"month":9,"hour":16,"weekday":1,"is_weekend":false,"location_name":"","precision":"published_point"}},{"type":"Feature","geometry":{"type":"Point","coordinates":[-105.282964,39.999784]},"properties":{"incident_id":"BFD170524-005697","incident_type":"High-angle rescue","call_type":"Auto-Aid Tech Rescue","category":"mountain","date":"2017-05-24","year":2017,"month":5,"hour":14,"weekday":2,"is_weekend":false,"location_name":"","precision":"published_point"}},{"type":"Feature","geometry":{"type":"Point","coordinates":[-105.282964,39.999784]},"properties":{"incident_id":"BFD171019-012376","incident_type":"Medical assist, assist EMS crew","call_type":"Auto-Aid Tech Rescue","category":"mountain","date":"2017-10-19","year":2017,"month":10,"hour":18,"weekday":3,"is_weekend":false,"location_name":"","precision":"published_point"}},{"type":"Feature","geometry":{"type":"Point","coordinates":[-105.282964,39.999784]},"properties":{"incident_id":"BFD171007-011758","incident_type":"High-angle rescue","call_type":"Auto-Aid Tech Rescue","category":"mountain","date":"2017-10-07","year":2017,"month":10,"hour":13,"weekday":5,"is_weekend":true,"location_name":"","precision":"published_point"}},{"type":"Feature","geometry":{"type":"Point","coordinates":[-105.282964,39.999784]},"properties":{"incident_id":"BFD171015-012184","incident_type":"EMS call, excluding vehicle accident with injury","call_type":"Auto-Aid Tech Rescue","category":"mountain","date":"2017-10-15","year":2017,"month":10,"hour":14,"weekday":6,"is_weekend":true,"location_name":"","precision":"published_point"}},{"type":"Feature","geometry":{"type":"Point","coordinates":[-105.282964,39.999784]},"properties":{"incident_id":"BFD171015-012180","incident_type":"Dispatched & cancelled en route","call_type":"Auto-Aid Tech Rescue","category":"mountain","date":"2017-10-15","year":2017,"month":10,"hour":14,"weekday":6,"is_weekend":true,"location_name":"","precision":"published_point"}},{"type":"Feature","geometry":{"type":"Point","coordinates":[-105.282964,39.999784]},"properties":{"incident_id":"BFD171007-011769","incident_type":"EMS call, excluding vehicle accident with injury","call_type":"Auto-Aid Tech Rescue","category":"mountain","date":"2017-10-07","year":2017,"month":10,"hour":17,"weekday":5,"is_weekend":true,"location_name":"","precision":"published_point"}},{"type":"Feature","geometry":{"type":"Point","coordinates":[-105.304948,40.000711]},"properties":{"incident_id":"BFD171023-012560","incident_type":"EMS call - medical check emergent","call_type":"Auto-Aid Tech Rescue","category":"mountain","date":"2017-10-23","year":2017,"month":10,"hour":18,"weekday":0,"is_weekend":false,"location_name":"","precision":"published_point"}},{"type":"Feature","geometry":{"type":"Point","coordinates":[-105.282964,39.999784]},"properties":{"incident_id":"BFD171211-014599","incident_type":"Rescue or EMS standby","call_type":"Auto-Aid Tech Rescue","category":"mountain","date":"2017-12-11","year":2017,"month":12,"hour":17,"weekday":0,"is_weekend":false,"location_name":"","precision":"published_point"}},{"type":"Feature","geometry":{"type":"Point","coordinates":[-105.289224,40.009411]},"properties":{"incident_id":"BFD171219-014910","incident_type":"Water & ice-related rescue, other","call_type":"Fire Other","category":"water","date":"2017-12-19","year":2017,"month":12,"hour":9,"weekday":1,"is_weekend":false,"location_name":"","precision":"published_point"}},{"type":"Feature","geometry":{"type":"Point","coordinates":[-105.282964,39.999784]},"properties":{"incident_id":"BFD180310-002681","incident_type":"EMS call - medical check non-emergent","call_type":"Auto-Aid Tech Rescue","category":"mountain","date":"2018-03-10","year":2018,"month":3,"hour":14,"weekday":5,"is_weekend":true,"location_name":"","precision":"published_point"}},{"type":"Feature","geometry":{"type":"Point","coordinates":[-105.277355,40.014361]},"properties":{"incident_id":"BFD180209-001466","incident_type":"Water & ice-related rescue, other","call_type":"Fire Other","category":"water","date":"2018-02-09","year":2018,"month":2,"hour":15,"weekday":4,"is_weekend":false,"location_name":"","precision":"published_point"}},{"type":"Feature","geometry":{"type":"Point","coordinates":[-105.294605,40.020801]},"properties":{"incident_id":"BFD180322-003207","incident_type":"EMS call - medical check emergent","call_type":"Auto-Aid Tech Rescue","category":"mountain","date":"2018-03-22","year":2018,"month":3,"hour":13,"weekday":3,"is_weekend":false,"location_name":"","precision":"published_point"}},{"type":"Feature","geometry":{"type":"Point","coordinates":[-105.249501,39.974993]},"properties":{"incident_id":"BFD180118-000638","incident_type":"Water & ice-related rescue, other","call_type":"Water Rescue","category":"water","date":"2018-01-18","year":2018,"month":1,"hour":11,"weekday":3,"is_weekend":false,"location_name":"","precision":"published_point"}},{"type":"Feature","geometry":{"type":"Point","coordinates":[-105.220379,40.070103]},"properties":{"incident_id":"BFD180118-000645","incident_type":"Water & ice-related rescue, other","call_type":"Water Rescue","category":"water","date":"2018-01-18","year":2018,"month":1,"hour":15,"weekday":3,"is_weekend":false,"location_name":"","precision":"published_point"}},{"type":"Feature","geometry":{"type":"Point","coordinates":[-105.292671,39.997646]},"properties":{"incident_id":"BFD180311-002734","incident_type":"Wrong location","call_type":"Auto-Aid Rescue","category":"mountain","date":"2018-03-11","year":2018,"month":3,"hour":19,"weekday":6,"is_weekend":true,"location_name":"","precision":"published_point"}},{"type":"Feature","geometry":{"type":"Point","coordinates":[-105.308952,39.997242]},"properties":{"incident_id":"BFD180218-001877","incident_type":"Medical assist, assist EMS crew","call_type":"Auto-Aid Tech Rescue","category":"mountain","date":"2018-02-18","year":2018,"month":2,"hour":14,"weekday":6,"is_weekend":true,"location_name":"","precision":"published_point"}},{"type":"Feature","geometry":{"type":"Point","coordinates":[-105.282964,39.999784]},"properties":{"incident_id":"BFD180410-003948","incident_type":"EMS call - medical check emergent","call_type":"Auto-Aid Tech Rescue","category":"mountain","date":"2018-04-10","year":2018,"month":4,"hour":10,"weekday":1,"is_weekend":false,"location_name":"","precision":"published_point"}},{"type":"Feature","geometry":{"type":"Point","coordinates":[-105.294605,40.020801]},"properties":{"incident_id":"BFD180517-005415","incident_type":"Rescue or EMS standby","call_type":"Auto-Aid Tech Rescue","category":"mountain","date":"2018-05-17","year":2018,"month":5,"hour":17,"weekday":3,"is_weekend":false,"location_name":"","precision":"published_point"}},{"type":"Feature","geometry":{"type":"Point","coordinates":[-105.282964,39.999784]},"properties":{"incident_id":"BFD180322-003203","incident_type":"EMS call - medical check emergent","call_type":"Auto-Aid Tech Rescue","category":"mountain","date":"2018-03-22","year":2018,"month":3,"hour":11,"weekday":3,"is_weekend":false,"location_name":"","precision":"published_point"}},{"type":"Feature","geometry":{"type":"Point","coordinates":[-105.282705,39.998739]},"properties":{"incident_id":"BFD180322-003218","incident_type":"EMS call - medical check non-emergent","call_type":"Auto-Aid Tech Rescue","category":"mountain","date":"2018-03-22","year":2018,"month":3,"hour":17,"weekday":3,"is_weekend":false,"location_name":"","precision":"published_point"}},{"type":"Feature","geometry":{"type":"Point","coordinates":[-105.274704,39.978007]},"properties":{"incident_id":"BFD180609-006274","incident_type":"Police matter","call_type":"Auto-Aid Tech Rescue","category":"mountain","date":"2018-06-09","year":2018,"month":6,"hour":18,"weekday":5,"is_weekend":true,"location_name":"","precision":"published_point"}},{"type":"Feature","geometry":{"type":"Point","coordinates":[-105.282964,39.999784]},"properties":{"incident_id":"BFD180504-004896","incident_type":"Rescue or EMS standby","call_type":"Auto-Aid Tech Rescue","category":"mountain","date":"2018-05-04","year":2018,"month":5,"hour":12,"weekday":4,"is_weekend":false,"location_name":"","precision":"published_point"}},{"type":"Feature","geometry":{"type":"Point","coordinates":[-105.225036,40.027666]},"properties":{"incident_id":"BFD180527-005764","incident_type":"Motor vehicle accident with injuries","call_type":"Water Rescue","category":"water","date":"2018-05-27","year":2018,"month":5,"hour":2,"weekday":6,"is_weekend":true,"location_name":"","precision":"published_point"}},{"type":"Feature","geometry":{"type":"Point","coordinates":[-105.272537,40.012614]},"properties":{"incident_id":"BFD180526-005740","incident_type":"Search for person in water","call_type":"Water Rescue","category":"water","date":"2018-05-26","year":2018,"month":5,"hour":11,"weekday":5,"is_weekend":true,"location_name":"","precision":"published_point"}},{"type":"Feature","geometry":{"type":"Point","coordinates":[-105.258027,39.965231]},"properties":{"incident_id":"BFD180710-007576","incident_type":"Medical, no patient contact","call_type":"Auto-Aid Tech Rescue","category":"mountain","date":"2018-07-10","year":2018,"month":7,"hour":16,"weekday":1,"is_weekend":false,"location_name":"","precision":"published_point"}},{"type":"Feature","geometry":{"type":"Point","coordinates":[-105.258048,39.965202]},"properties":{"incident_id":"BFD180419-004321","incident_type":"Rescue or EMS standby","call_type":"Auto-Aid Tech Rescue","category":"mountain","date":"2018-04-19","year":2018,"month":4,"hour":10,"weekday":3,"is_weekend":false,"location_name":"","precision":"published_point"}},{"type":"Feature","geometry":{"type":"Point","coordinates":[-105.291169,40.047635]},"properties":{"incident_id":"BFD180523-005636","incident_type":"No Incident found on arrival at dispatch address","call_type":"Rescue","category":"mountain","date":"2018-05-23","year":2018,"month":5,"hour":19,"weekday":2,"is_weekend":false,"location_name":"","precision":"published_point"}},{"type":"Feature","geometry":{"type":"Point","coordinates":[-105.264928,40.014792]},"properties":{"incident_id":"BFD180607-006191","incident_type":"Swift water rescue","call_type":"Water Rescue","category":"water","date":"2018-06-07","year":2018,"month":6,"hour":15,"weekday":3,"is_weekend":false,"location_name":"","precision":"published_point"}},{"type":"Feature","geometry":{"type":"Point","coordinates":[-105.282964,39.999784]},"properties":{"incident_id":"BFD180325-003325","incident_type":"EMS call, excluding vehicle accident with injury","call_type":"Auto-Aid Tech Rescue","category":"mountain","date":"2018-03-25","year":2018,"month":3,"hour":13,"weekday":6,"is_weekend":true,"location_name":"","precision":"published_point"}},{"type":"Feature","geometry":{"type":"Point","coordinates":[-105.273462,40.01413]},"properties":{"incident_id":"BFD180614-006480","incident_type":"No Incident found on arrival at dispatch address","call_type":"Water Rescue","category":"water","date":"2018-06-14","year":2018,"month":6,"hour":12,"weekday":3,"is_weekend":false,"location_name":"","precision":"published_point"}},{"type":"Feature","geometry":{"type":"Point","coordinates":[-104.650905,40.392552]},"properties":{"incident_id":"BFD180609-006276","incident_type":"Swift water rescue","call_type":"Water Rescue","category":"water","date":"2018-06-09","year":2018,"month":6,"hour":20,"weekday":5,"is_weekend":true,"location_name":"","precision":"published_point"}},{"type":"Feature","geometry":{"type":"Point","coordinates":[-105.264928,40.014792]},"properties":{"incident_id":"BFD180613-006439","incident_type":"Swift water rescue","call_type":"Water Rescue","category":"water","date":"2018-06-13","year":2018,"month":6,"hour":12,"weekday":2,"is_weekend":false,"location_name":"","precision":"published_point"}},{"type":"Feature","geometry":{"type":"Point","coordinates":[-105.280244,39.997273]},"properties":{"incident_id":"BFD180716-007904","incident_type":"Search for person on land","call_type":"Rescue","category":"mountain","date":"2018-07-16","year":2018,"month":7,"hour":21,"weekday":0,"is_weekend":false,"location_name":"","precision":"published_point"}},{"type":"Feature","geometry":{"type":"Point","coordinates":[-105.286607,40.014004]},"properties":{"incident_id":"BFD180718-007970","incident_type":"EMS call - medical check emergent","call_type":"Water Rescue","category":"water","date":"2018-07-18","year":2018,"month":7,"hour":15,"weekday":2,"is_weekend":false,"location_name":"","precision":"published_point"}},{"type":"Feature","geometry":{"type":"Point","coordinates":[-105.300229,39.959069]},"properties":{"incident_id":"BFD180613-006429","incident_type":"EMS call, excluding vehicle accident with injury","call_type":"Auto-Aid Tech Rescue","category":"mountain","date":"2018-06-13","year":2018,"month":6,"hour":9,"weekday":2,"is_weekend":false,"location_name":"","precision":"published_point"}},{"type":"Feature","geometry":{"type":"Point","coordinates":[-105.282964,39.999784]},"properties":{"incident_id":"BFD180528-005827","incident_type":"EMS call, excluding vehicle accident with injury","call_type":"Auto-Aid Tech Rescue","category":"mountain","date":"2018-05-28","year":2018,"month":5,"hour":13,"weekday":0,"is_weekend":false,"location_name":"","precision":"published_point"}},{"type":"Feature","geometry":{"type":"Point","coordinates":[-105.293853,40.023765]},"properties":{"incident_id":"BFD180614-006495","incident_type":"Search for person on land","call_type":"Auto-Aid Rescue","category":"mountain","date":"2018-06-14","year":2018,"month":6,"hour":18,"weekday":3,"is_weekend":false,"location_name":"","precision":"published_point"}},{"type":"Feature","geometry":{"type":"Point","coordinates":[-105.28106,40.017896]},"properties":{"incident_id":"BFD180708-007499","incident_type":"EMS call - medical check non-emergent","call_type":"Rescue","category":"mountain","date":"2018-07-08","year":2018,"month":7,"hour":19,"weekday":6,"is_weekend":true,"location_name":"","precision":"published_point"}},{"type":"Feature","geometry":{"type":"Point","coordinates":[-105.274704,39.978007]},"properties":{"incident_id":"BFD180517-005405","incident_type":"EMS call - medical check emergent","call_type":"Rescue","category":"mountain","date":"2018-05-17","year":2018,"month":5,"hour":11,"weekday":3,"is_weekend":false,"location_name":"","precision":"published_point"}},{"type":"Feature","geometry":{"type":"Point","coordinates":[-105.282964,39.999784]},"properties":{"incident_id":"BFD180625-006945","incident_type":"Rescue or EMS standby","call_type":"Auto-Aid Tech Rescue","category":"mountain","date":"2018-06-25","year":2018,"month":6,"hour":13,"weekday":0,"is_weekend":false,"location_name":"","precision":"published_point"}},{"type":"Feature","geometry":{"type":"Point","coordinates":[-105.274704,39.978007]},"properties":{"incident_id":"BFD180617-006611","incident_type":"Rescue or EMS standby","call_type":"Auto-Aid Tech Rescue","category":"mountain","date":"2018-06-17","year":2018,"month":6,"hour":11,"weekday":6,"is_weekend":true,"location_name":"","precision":"published_point"}},{"type":"Feature","geometry":{"type":"Point","coordinates":[-105.282964,39.999784]},"properties":{"incident_id":"BFD180703-007279","incident_type":"High-angle rescue","call_type":"Auto-Aid Tech Rescue","category":"mountain","date":"2018-07-03","year":2018,"month":7,"hour":19,"weekday":1,"is_weekend":false,"location_name":"","precision":"published_point"}},{"type":"Feature","geometry":{"type":"Point","coordinates":[-105.294605,40.020801]},"properties":{"incident_id":"BFD180707-007441","incident_type":"EMS call, excluding vehicle accident with injury","call_type":"Auto-Aid Tech Rescue","category":"mountain","date":"2018-07-07","year":2018,"month":7,"hour":12,"weekday":5,"is_weekend":true,"location_name":"","precision":"published_point"}},{"type":"Feature","geometry":{"type":"Point","coordinates":[-105.280244,39.997273]},"properties":{"incident_id":"BFD180901-009819","incident_type":"Medical assist, assist EMS crew","call_type":"Auto-Aid Rescue","category":"mountain","date":"2018-09-01","year":2018,"month":9,"hour":10,"weekday":5,"is_weekend":true,"location_name":"","precision":"published_point"}},{"type":"Feature","geometry":{"type":"Point","coordinates":[-105.300683,40.022224]},"properties":{"incident_id":"BFD180804-008621","incident_type":"Rescue or EMS standby","call_type":"Rescue","category":"mountain","date":"2018-08-04","year":2018,"month":8,"hour":12,"weekday":5,"is_weekend":true,"location_name":"","precision":"published_point"}},{"type":"Feature","geometry":{"type":"Point","coordinates":[-105.282705,39.998739]},"properties":{"incident_id":"BFD180726-008301","incident_type":"Search for lost person, other","call_type":"Auto-Aid Rescue","category":"mountain","date":"2018-07-26","year":2018,"month":7,"hour":22,"weekday":3,"is_weekend":false,"location_name":"","precision":"published_point"}},{"type":"Feature","geometry":{"type":"Point","coordinates":[-105.293853,40.023765]},"properties":{"incident_id":"BFD180718-007958","incident_type":"EMS call - medical check non-emergent","call_type":"Rescue","category":"mountain","date":"2018-07-18","year":2018,"month":7,"hour":9,"weekday":2,"is_weekend":false,"location_name":"","precision":"published_point"}},{"type":"Feature","geometry":{"type":"Point","coordinates":[-105.282964,39.999784]},"properties":{"incident_id":"BFD180722-008131","incident_type":"Search for person on land","call_type":"Auto-Aid Rescue","category":"mountain","date":"2018-07-22","year":2018,"month":7,"hour":20,"weekday":6,"is_weekend":true,"location_name":"","precision":"published_point"}},{"type":"Feature","geometry":{"type":"Point","coordinates":[-105.220379,40.070103]},"properties":{"incident_id":"BFD180802-008542","incident_type":"Swimming/recreational water areas rescue","call_type":"Water Rescue","category":"water","date":"2018-08-02","year":2018,"month":8,"hour":19,"weekday":3,"is_weekend":false,"location_name":"","precision":"published_point"}},{"type":"Feature","geometry":{"type":"Point","coordinates":[-105.258337,40.008087]},"properties":{"incident_id":"BFD180606-006148","incident_type":"No Incident found on arrival at dispatch address","call_type":"Water Rescue","category":"water","date":"2018-06-06","year":2018,"month":6,"hour":15,"weekday":2,"is_weekend":false,"location_name":"","precision":"published_point"}},{"type":"Feature","geometry":{"type":"Point","coordinates":[-105.266869,39.976785]},"properties":{"incident_id":"BFD180721-008102","incident_type":"Search for person on land","call_type":"Auto-Aid Tech Rescue","category":"mountain","date":"2018-07-21","year":2018,"month":7,"hour":20,"weekday":5,"is_weekend":true,"location_name":"","precision":"published_point"}},{"type":"Feature","geometry":{"type":"Point","coordinates":[-105.258027,39.965231]},"properties":{"incident_id":"BFD180623-006878","incident_type":"Public service","call_type":"Auto-Aid Tech Rescue","category":"mountain","date":"2018-06-23","year":2018,"month":6,"hour":17,"weekday":5,"is_weekend":true,"location_name":"","precision":"published_point"}},{"type":"Feature","geometry":{"type":"Point","coordinates":[-105.282964,39.999784]},"properties":{"incident_id":"BFD180614-006464","incident_type":"Rescue or EMS standby","call_type":"Auto-Aid Tech Rescue","category":"mountain","date":"2018-06-14","year":2018,"month":6,"hour":6,"weekday":3,"is_weekend":false,"location_name":"","precision":"published_point"}},{"type":"Feature","geometry":{"type":"Point","coordinates":[-105.220379,40.070103]},"properties":{"incident_id":"BFD180825-009521","incident_type":"No Incident found on arrival at dispatch address","call_type":"Water Rescue","category":"water","date":"2018-08-25","year":2018,"month":8,"hour":17,"weekday":5,"is_weekend":true,"location_name":"","precision":"published_point"}},{"type":"Feature","geometry":{"type":"Point","coordinates":[-105.220001,39.992012]},"properties":{"incident_id":"BFD180806-008709","incident_type":"Search for person in water","call_type":"Water Rescue","category":"water","date":"2018-08-06","year":2018,"month":8,"hour":13,"weekday":0,"is_weekend":false,"location_name":"","precision":"published_point"}},{"type":"Feature","geometry":{"type":"Point","coordinates":[-105.274704,39.978007]},"properties":{"incident_id":"BFD180909-010221","incident_type":"Search for person on land","call_type":"Auto-Aid Rescue","category":"mountain","date":"2018-09-09","year":2018,"month":9,"hour":17,"weekday":6,"is_weekend":true,"location_name":"","precision":"published_point"}},{"type":"Feature","geometry":{"type":"Point","coordinates":[-105.282964,39.999784]},"properties":{"incident_id":"BFD180729-008378","incident_type":"EMS call, excluding vehicle accident with injury","call_type":"Auto-Aid Tech Rescue","category":"mountain","date":"2018-07-29","year":2018,"month":7,"hour":11,"weekday":6,"is_weekend":true,"location_name":"","precision":"published_point"}},{"type":"Feature","geometry":{"type":"Point","coordinates":[-105.220379,40.070103]},"properties":{"incident_id":"BFD181005-011441","incident_type":"Search for person in water","call_type":"Water Rescue","category":"water","date":"2018-10-05","year":2018,"month":10,"hour":13,"weekday":4,"is_weekend":false,"location_name":"","precision":"published_point"}},{"type":"Feature","geometry":{"type":"Point","coordinates":[-105.308952,39.997242]},"properties":{"incident_id":"BFD180909-010207","incident_type":"EMS call, excluding vehicle accident with injury","call_type":"Auto-Aid Tech Rescue","category":"mountain","date":"2018-09-09","year":2018,"month":9,"hour":12,"weekday":6,"is_weekend":true,"location_name":"","precision":"published_point"}},{"type":"Feature","geometry":{"type":"Point","coordinates":[-105.282964,39.999784]},"properties":{"incident_id":"BFD180903-009922","incident_type":"Medical, no patient contact","call_type":"Auto-Aid Tech Rescue","category":"mountain","date":"2018-09-03","year":2018,"month":9,"hour":14,"weekday":0,"is_weekend":false,"location_name":"","precision":"published_point"}},{"type":"Feature","geometry":{"type":"Point","coordinates":[-105.282964,39.999784]},"properties":{"incident_id":"BFD160610-006227","incident_type":"Auto-Aid Tech Rescue","call_type":"Auto-Aid Tech Rescue","category":"mountain","date":"2016-06-10","year":2016,"month":6,"hour":20,"weekday":4,"is_weekend":false,"location_name":"","precision":"published_point"}},{"type":"Feature","geometry":{"type":"Point","coordinates":[-105.282964,39.999784]},"properties":{"incident_id":"BFD180905-010007","incident_type":"High-angle rescue","call_type":"Auto-Aid Tech Rescue","category":"mountain","date":"2018-09-05","year":2018,"month":9,"hour":14,"weekday":2,"is_weekend":false,"location_name":"","precision":"published_point"}},{"type":"Feature","geometry":{"type":"Point","coordinates":[-105.264928,40.014792]},"properties":{"incident_id":"BFD180915-010499","incident_type":"Swift water rescue","call_type":"Water Rescue","category":"water","date":"2018-09-15","year":2018,"month":9,"hour":12,"weekday":5,"is_weekend":true,"location_name":"","precision":"published_point"}},{"type":"Feature","geometry":{"type":"Point","coordinates":[-105.282964,39.999784]},"properties":{"incident_id":"BFD170315-002938","incident_type":"Auto-Aid Tech Rescue","call_type":"Auto-Aid Tech Rescue","category":"mountain","date":"2017-03-15","year":2017,"month":3,"hour":13,"weekday":2,"is_weekend":false,"location_name":"","precision":"published_point"}},{"type":"Feature","geometry":{"type":"Point","coordinates":[-105.282964,39.999784]},"properties":{"incident_id":"BFD150802-007756","incident_type":"Auto-Aid Tech Rescue","call_type":"Auto-Aid Tech Rescue","category":"mountain","date":"2015-08-02","year":2015,"month":8,"hour":13,"weekday":6,"is_weekend":true,"location_name":"","precision":"published_point"}},{"type":"Feature","geometry":{"type":"Point","coordinates":[-105.282964,39.999784]},"properties":{"incident_id":"BFD150828-008745","incident_type":"Auto-Aid Rescue","call_type":"Auto-Aid Rescue","category":"mountain","date":"2015-08-28","year":2015,"month":8,"hour":18,"weekday":4,"is_weekend":false,"location_name":"","precision":"published_point"}},{"type":"Feature","geometry":{"type":"Point","coordinates":[-105.23488,39.995671]},"properties":{"incident_id":"BFD180225-002201","incident_type":"Ice rescue","call_type":"Fire Other","category":"water","date":"2018-02-25","year":2018,"month":2,"hour":14,"weekday":6,"is_weekend":true,"location_name":"","precision":"published_point"}},{"type":"Feature","geometry":{"type":"Point","coordinates":[-105.220379,40.070103]},"properties":{"incident_id":"BFD180714-007768","incident_type":"Water Rescue","call_type":"Water Rescue","category":"water","date":"2018-07-14","year":2018,"month":7,"hour":8,"weekday":5,"is_weekend":true,"location_name":"","precision":"published_point"}},{"type":"Feature","geometry":{"type":"Point","coordinates":[-105.25778,39.96515]},"properties":{"incident_id":"BFD150601-005512","incident_type":"Auto-Aid Tech Rescue","call_type":"Auto-Aid Tech Rescue","category":"mountain","date":"2015-06-01","year":2015,"month":6,"hour":12,"weekday":0,"is_weekend":false,"location_name":"","precision":"published_point"}},{"type":"Feature","geometry":{"type":"Point","coordinates":[-105.282964,39.999784]},"properties":{"incident_id":"BFD161226-014789","incident_type":"Auto-Aid Tech Rescue","call_type":"Auto-Aid Tech Rescue","category":"mountain","date":"2016-12-26","year":2016,"month":12,"hour":11,"weekday":0,"is_weekend":false,"location_name":"","precision":"published_point"}},{"type":"Feature","geometry":{"type":"Point","coordinates":[-105.277355,40.014361]},"properties":{"incident_id":"BFD180209-001443","incident_type":"EMS call, excluding vehicle accident with injury","call_type":"Water Rescue","category":"water","date":"2018-02-09","year":2018,"month":2,"hour":7,"weekday":4,"is_weekend":false,"location_name":"","precision":"published_point"}},{"type":"Feature","geometry":{"type":"Point","coordinates":[-105.282964,39.999784]},"properties":{"incident_id":"BFD181016-011930","incident_type":"High-angle rescue","call_type":"Auto-Aid Tech Rescue","category":"mountain","date":"2018-10-16","year":2018,"month":10,"hour":15,"weekday":1,"is_weekend":false,"location_name":"","precision":"published_point"}},{"type":"Feature","geometry":{"type":"Point","coordinates":[-105.347389,40.005711]},"properties":{"incident_id":"BFD170514-005313","incident_type":"Assist police or other governmental agency","call_type":"Water Rescue","category":"water","date":"2017-05-14","year":2017,"month":5,"hour":23,"weekday":6,"is_weekend":true,"location_name":"","precision":"published_point"}},{"type":"Feature","geometry":{"type":"Point","coordinates":[-105.292671,39.997646]},"properties":{"incident_id":"BFD160123-000805","incident_type":"Auto-Aid Tech Rescue","call_type":"Auto-Aid Tech Rescue","category":"mountain","date":"2016-01-23","year":2016,"month":1,"hour":16,"weekday":5,"is_weekend":true,"location_name":"","precision":"published_point"}},{"type":"Feature","geometry":{"type":"Point","coordinates":[-105.28691,40.048051]},"properties":{"incident_id":"BFD150110-000381","incident_type":"Water Rescue","call_type":"Water Rescue","category":"water","date":"2015-01-10","year":2015,"month":1,"hour":14,"weekday":5,"is_weekend":true,"location_name":"","precision":"published_point"}},{"type":"Feature","geometry":{"type":"Point","coordinates":[-105.300229,39.959069]},"properties":{"incident_id":"BFD180928-011152","incident_type":"Person in distress, Other","call_type":"Auto-Aid Tech Rescue","category":"mountain","date":"2018-09-28","year":2018,"month":9,"hour":17,"weekday":4,"is_weekend":false,"location_name":"","precision":"published_point"}},{"type":"Feature","geometry":{"type":"Point","coordinates":[-105.282964,39.999784]},"properties":{"incident_id":"BFD150321-002977","incident_type":"Auto-Aid Tech Rescue","call_type":"Auto-Aid Tech Rescue","category":"mountain","date":"2015-03-21","year":2015,"month":3,"hour":12,"weekday":5,"is_weekend":true,"location_name":"","precision":"published_point"}},{"type":"Feature","geometry":{"type":"Point","coordinates":[-104.982194,39.99313]},"properties":{"incident_id":null,"incident_type":"Rescue","call_type":"Rescue","category":"mountain","date":"2015-05-28","year":2015,"month":5,"hour":10,"weekday":3,"is_weekend":false,"location_name":"","precision":"published_point"}},{"type":"Feature","geometry":{"type":"Point","coordinates":[-105.284986,39.995364]},"properties":{"incident_id":"BFD170521-005587","incident_type":"Search for person on land","call_type":"Auto-Aid Rescue","category":"mountain","date":"2017-05-21","year":2017,"month":5,"hour":19,"weekday":6,"is_weekend":true,"location_name":"","precision":"published_point"}},{"type":"Feature","geometry":{"type":"Point","coordinates":[-105.274704,39.978007]},"properties":{"incident_id":"BFD150827-008696","incident_type":"Auto-Aid Rescue","call_type":"Auto-Aid Rescue","category":"mountain","date":"2015-08-27","year":2015,"month":8,"hour":14,"weekday":3,"is_weekend":false,"location_name":"","precision":"published_point"}},{"type":"Feature","geometry":{"type":"Point","coordinates":[-105.40207,40.003629]},"properties":{"incident_id":"BFD170528-005860","incident_type":"Swift water rescue","call_type":"Mutual Aid","category":"water","date":"2017-05-28","year":2017,"month":5,"hour":14,"weekday":6,"is_weekend":true,"location_name":"","precision":"published_point"}},{"type":"Feature","geometry":{"type":"Point","coordinates":[-105.282964,39.999784]},"properties":{"incident_id":"BFD160102-000042","incident_type":"Auto-Aid Tech Rescue","call_type":"Auto-Aid Tech Rescue","category":"mountain","date":"2016-01-02","year":2016,"month":1,"hour":12,"weekday":5,"is_weekend":true,"location_name":"","precision":"published_point"}},{"type":"Feature","geometry":{"type":"Point","coordinates":[-105.282964,39.999784]},"properties":{"incident_id":"BFD170901-009861","incident_type":"Medical, no patient contact","call_type":"Auto-Aid Tech Rescue","category":"mountain","date":"2017-09-01","year":2017,"month":9,"hour":7,"weekday":4,"is_weekend":false,"location_name":"","precision":"published_point"}},{"type":"Feature","geometry":{"type":"Point","coordinates":[-105.263178,39.949125]},"properties":{"incident_id":"BFD150823-008528","incident_type":"Auto-Aid Tech Rescue","call_type":"Auto-Aid Tech Rescue","category":"mountain","date":"2015-08-23","year":2015,"month":8,"hour":12,"weekday":6,"is_weekend":true,"location_name":"","precision":"published_point"}},{"type":"Feature","geometry":{"type":"Point","coordinates":[-105.308952,39.997242]},"properties":{"incident_id":"BFD150904-009012","incident_type":"Auto-Aid Tech Rescue","call_type":"Auto-Aid Tech Rescue","category":"mountain","date":"2015-09-04","year":2015,"month":9,"hour":16,"weekday":4,"is_weekend":false,"location_name":"","precision":"published_point"}},{"type":"Feature","geometry":{"type":"Point","coordinates":[-105.278642,40.015713]},"properties":{"incident_id":"BFD150712-007017","incident_type":"Water Rescue","call_type":"Water Rescue","category":"water","date":"2015-07-12","year":2015,"month":7,"hour":20,"weekday":6,"is_weekend":true,"location_name":"","precision":"published_point"}},{"type":"Feature","geometry":{"type":"Point","coordinates":[-105.207047,40.087575]},"properties":{"incident_id":"BFD171220-014949","incident_type":"Ice rescue","call_type":"Water Rescue","category":"water","date":"2017-12-20","year":2017,"month":12,"hour":12,"weekday":2,"is_weekend":false,"location_name":"","precision":"published_point"}},{"type":"Feature","geometry":{"type":"Point","coordinates":[-105.282964,39.999784]},"properties":{"incident_id":"BFD170908-010237","incident_type":"EMS call - medical check emergent","call_type":"Auto-Aid Tech Rescue","category":"mountain","date":"2017-09-08","year":2017,"month":9,"hour":18,"weekday":4,"is_weekend":false,"location_name":"","precision":"published_point"}},{"type":"Feature","geometry":{"type":"Point","coordinates":[-105.292671,39.997646]},"properties":{"incident_id":"BFD150725-007463","incident_type":"Auto-Aid Tech Rescue","call_type":"Auto-Aid Tech Rescue","category":"mountain","date":"2015-07-25","year":2015,"month":7,"hour":13,"weekday":5,"is_weekend":true,"location_name":"","precision":"published_point"}},{"type":"Feature","geometry":{"type":"Point","coordinates":[-105.282964,39.999784]},"properties":{"incident_id":"BFD180316-002954","incident_type":"Rescue or EMS standby","call_type":"Auto-Aid Tech Rescue","category":"mountain","date":"2018-03-16","year":2018,"month":3,"hour":19,"weekday":4,"is_weekend":false,"location_name":"","precision":"published_point"}},{"type":"Feature","geometry":{"type":"Point","coordinates":[-105.220001,39.992012]},"properties":{"incident_id":"BFD181203-013834","incident_type":"Search for person on land","call_type":"Medical Alarm","category":"mountain","date":"2018-12-03","year":2018,"month":12,"hour":16,"weekday":0,"is_weekend":false,"location_name":"","precision":"published_point"}},{"type":"Feature","geometry":{"type":"Point","coordinates":[-105.308952,39.997242]},"properties":{"incident_id":"BFD181216-014328","incident_type":"Search for person on land","call_type":"Auto-Aid Rescue","category":"mountain","date":"2018-12-16","year":2018,"month":12,"hour":16,"weekday":6,"is_weekend":true,"location_name":"","precision":"published_point"}},{"type":"Feature","geometry":{"type":"Point","coordinates":[-105.220379,40.070103]},"properties":{"incident_id":"BFD181209-014056","incident_type":"Ice rescue","call_type":"Water Rescue","category":"water","date":"2018-12-09","year":2018,"month":12,"hour":15,"weekday":6,"is_weekend":true,"location_name":"","precision":"published_point"}},{"type":"Feature","geometry":{"type":"Point","coordinates":[-105.300229,39.959069]},"properties":{"incident_id":"BFD181120-013362","incident_type":"EMS call, excluding vehicle accident with injury","call_type":"Auto-Aid Tech Rescue","category":"mountain","date":"2018-11-20","year":2018,"month":11,"hour":13,"weekday":1,"is_weekend":false,"location_name":"","precision":"published_point"}},{"type":"Feature","geometry":{"type":"Point","coordinates":[-105.286965,40.048228]},"properties":{"incident_id":"BFD181216-014322","incident_type":"Public service","call_type":"Water Rescue","category":"water","date":"2018-12-16","year":2018,"month":12,"hour":12,"weekday":6,"is_weekend":true,"location_name":"","precision":"published_point"}},{"type":"Feature","geometry":{"type":"Point","coordinates":[-105.282964,39.999784]},"properties":{"incident_id":"BFD181116-013223","incident_type":"Rescue or EMS standby","call_type":"Auto-Aid Tech Rescue","category":"mountain","date":"2018-11-16","year":2018,"month":11,"hour":18,"weekday":4,"is_weekend":false,"location_name":"","precision":"published_point"}},{"type":"Feature","geometry":{"type":"Point","coordinates":[-105.258048,39.965202]},"properties":{"incident_id":"BFD181123-013462","incident_type":"No Incident found on arrival at dispatch address","call_type":"Rescue","category":"mountain","date":"2018-11-23","year":2018,"month":11,"hour":15,"weekday":4,"is_weekend":false,"location_name":"","precision":"published_point"}},{"type":"Feature","geometry":{"type":"Point","coordinates":[-105.297009,40.020368]},"properties":{"incident_id":"BFD181230-014799","incident_type":"Medical assist, assist EMS crew","call_type":"Auto-Aid Tech Rescue","category":"mountain","date":"2018-12-30","year":2018,"month":12,"hour":11,"weekday":6,"is_weekend":true,"location_name":"","precision":"published_point"}},{"type":"Feature","geometry":{"type":"Point","coordinates":[-105.282705,39.998739]},"properties":{"incident_id":"BFD190119-000707","incident_type":"Search for person on land","call_type":"Auto-Aid Tech Rescue","category":"mountain","date":"2019-01-19","year":2019,"month":1,"hour":15,"weekday":5,"is_weekend":true,"location_name":"","precision":"published_point"}},{"type":"Feature","geometry":{"type":"Point","coordinates":[-105.282705,39.998739]},"properties":{"incident_id":"BFD190202-001215","incident_type":"Search for person on land","call_type":"Illness and Other","category":"mountain","date":"2019-02-02","year":2019,"month":2,"hour":12,"weekday":5,"is_weekend":true,"location_name":"","precision":"published_point"}},{"type":"Feature","geometry":{"type":"Point","coordinates":[-105.220001,39.992012]},"properties":{"incident_id":"BFD190214-001716","incident_type":"Ice rescue","call_type":"Fire Other","category":"water","date":"2019-02-14","year":2019,"month":2,"hour":16,"weekday":3,"is_weekend":false,"location_name":"","precision":"published_point"}},{"type":"Feature","geometry":{"type":"Point","coordinates":[-105.282976,39.999699]},"properties":{"incident_id":"BFD190215-001763","incident_type":"High-angle rescue","call_type":"Auto-Aid Tech Rescue","category":"mountain","date":"2019-02-15","year":2019,"month":2,"hour":14,"weekday":4,"is_weekend":false,"location_name":"","precision":"published_point"}},{"type":"Feature","geometry":{"type":"Point","coordinates":[-105.249278,39.999845]},"properties":{"incident_id":"BFD190221-001994","incident_type":"EMS call - medical check emergent","call_type":"Rescue","category":"mountain","date":"2019-02-21","year":2019,"month":2,"hour":8,"weekday":3,"is_weekend":false,"location_name":"","precision":"published_point"}},{"type":"Feature","geometry":{"type":"Point","coordinates":[-105.207047,40.087575]},"properties":{"incident_id":"BFD190226-002205","incident_type":"Water & ice-related rescue, other","call_type":"Water Rescue","category":"water","date":"2019-02-26","year":2019,"month":2,"hour":14,"weekday":1,"is_weekend":false,"location_name":"","precision":"published_point"}},{"type":"Feature","geometry":{"type":"Point","coordinates":[-105.240405,39.979539]},"properties":{"incident_id":"BFD190227-002236","incident_type":"High-angle rescue","call_type":"Fall and Injury","category":"mountain","date":"2019-02-27","year":2019,"month":2,"hour":10,"weekday":2,"is_weekend":false,"location_name":"","precision":"published_point"}},{"type":"Feature","geometry":{"type":"Point","coordinates":[-105.207047,40.087575]},"properties":{"incident_id":"BFD190228-002286","incident_type":"Dispatched & cancelled en route","call_type":"Water Rescue","category":"water","date":"2019-02-28","year":2019,"month":2,"hour":14,"weekday":3,"is_weekend":false,"location_name":"","precision":"published_point"}},{"type":"Feature","geometry":{"type":"Point","coordinates":[-105.292671,39.997646]},"properties":{"incident_id":"BFD190306-002563","incident_type":"EMS call, excluding vehicle accident with injury","call_type":"Auto-Aid Tech Rescue","category":"mountain","date":"2019-03-06","year":2019,"month":3,"hour":14,"weekday":2,"is_weekend":false,"location_name":"","precision":"published_point"}},{"type":"Feature","geometry":{"type":"Point","coordinates":[-105.207047,40.087575]},"properties":{"incident_id":"BFD190309-002695","incident_type":"Dispatched & cancelled en route","call_type":"Water Rescue","category":"water","date":"2019-03-09","year":2019,"month":3,"hour":12,"weekday":5,"is_weekend":true,"location_name":"","precision":"published_point"}},{"type":"Feature","geometry":{"type":"Point","coordinates":[-105.207047,40.087575]},"properties":{"incident_id":"BFD190309-002702","incident_type":"Dispatched & cancelled en route","call_type":"Water Rescue","category":"water","date":"2019-03-09","year":2019,"month":3,"hour":15,"weekday":5,"is_weekend":true,"location_name":"","precision":"published_point"}},{"type":"Feature","geometry":{"type":"Point","coordinates":[-105.282976,39.999699]},"properties":{"incident_id":"BFD190312-002842","incident_type":"Dispatched & cancelled en route","call_type":"Auto-Aid Rescue","category":"mountain","date":"2019-03-12","year":2019,"month":3,"hour":22,"weekday":1,"is_weekend":false,"location_name":"","precision":"published_point"}},{"type":"Feature","geometry":{"type":"Point","coordinates":[-105.267011,39.976786]},"properties":{"incident_id":"BFD190319-003130","incident_type":"Auto-Aid Rescue","call_type":"Auto-Aid Rescue","category":"mountain","date":"2019-03-19","year":2019,"month":3,"hour":21,"weekday":1,"is_weekend":false,"location_name":"","precision":"published_point"}},{"type":"Feature","geometry":{"type":"Point","coordinates":[-105.251912,39.983634]},"properties":{"incident_id":"BFD190321-003208","incident_type":"Search for person on land","call_type":"Illness and Other","category":"mountain","date":"2019-03-21","year":2019,"month":3,"hour":18,"weekday":3,"is_weekend":false,"location_name":"","precision":"published_point"}},{"type":"Feature","geometry":{"type":"Point","coordinates":[-105.282705,39.998739]},"properties":{"incident_id":"BFD190322-003234","incident_type":"Dispatched & cancelled en route","call_type":"Auto-Aid Rescue","category":"mountain","date":"2019-03-22","year":2019,"month":3,"hour":11,"weekday":4,"is_weekend":false,"location_name":"","precision":"published_point"}},{"type":"Feature","geometry":{"type":"Point","coordinates":[-105.282705,39.998739]},"properties":{"incident_id":"BFD190322-003233","incident_type":"Auto-Aid Rescue","call_type":"Auto-Aid Rescue","category":"mountain","date":"2019-03-22","year":2019,"month":3,"hour":11,"weekday":4,"is_weekend":false,"location_name":"","precision":"published_point"}},{"type":"Feature","geometry":{"type":"Point","coordinates":[-105.282793,40.050857]},"properties":{"incident_id":"BFD190326-003367","incident_type":"Rescue","call_type":"Rescue","category":"mountain","date":"2019-03-26","year":2019,"month":3,"hour":15,"weekday":1,"is_weekend":false,"location_name":"","precision":"published_point"}},{"type":"Feature","geometry":{"type":"Point","coordinates":[-105.282976,39.999699]},"properties":{"incident_id":"BFD190405-003700","incident_type":"Dispatched & cancelled en route","call_type":"Auto-Aid Tech Rescue","category":"mountain","date":"2019-04-05","year":2019,"month":4,"hour":9,"weekday":4,"is_weekend":false,"location_name":"","precision":"published_point"}},{"type":"Feature","geometry":{"type":"Point","coordinates":[-105.300229,39.959069]},"properties":{"incident_id":"BFD190406-003773","incident_type":"Search for person on land","call_type":"Auto-Aid Rescue","category":"mountain","date":"2019-04-06","year":2019,"month":4,"hour":16,"weekday":5,"is_weekend":true,"location_name":"","precision":"published_point"}},{"type":"Feature","geometry":{"type":"Point","coordinates":[-105.282976,39.999699]},"properties":{"incident_id":"BFD190416-004122","incident_type":"Rescue or EMS standby","call_type":"Auto-Aid Tech Rescue","category":"mountain","date":"2019-04-16","year":2019,"month":4,"hour":9,"weekday":1,"is_weekend":false,"location_name":"","precision":"published_point"}},{"type":"Feature","geometry":{"type":"Point","coordinates":[-104.980653,40.087614]},"properties":{"incident_id":"BFD190501-004724","incident_type":"Special type of incident, Other","call_type":"Rescue","category":"mountain","date":"2019-05-01","year":2019,"month":5,"hour":10,"weekday":2,"is_weekend":false,"location_name":"","precision":"published_point"}},{"type":"Feature","geometry":{"type":"Point","coordinates":[-105.282976,39.999699]},"properties":{"incident_id":"BFD190503-004821","incident_type":"High-angle rescue","call_type":"Auto-Aid Tech Rescue","category":"mountain","date":"2019-05-03","year":2019,"month":5,"hour":11,"weekday":4,"is_weekend":false,"location_name":"","precision":"published_point"}},{"type":"Feature","geometry":{"type":"Point","coordinates":[-105.282976,39.999699]},"properties":{"incident_id":"BFD190525-005625","incident_type":"EMS call, excluding vehicle accident with injury","call_type":"Auto-Aid Tech Rescue","category":"mountain","date":"2019-05-25","year":2019,"month":5,"hour":14,"weekday":5,"is_weekend":true,"location_name":"","precision":"published_point"}},{"type":"Feature","geometry":{"type":"Point","coordinates":[-105.282976,39.999699]},"properties":{"incident_id":"BFD190526-005658","incident_type":"Auto-Aid Tech Rescue","call_type":"Auto-Aid Tech Rescue","category":"mountain","date":"2019-05-26","year":2019,"month":5,"hour":11,"weekday":6,"is_weekend":true,"location_name":"","precision":"published_point"}},{"type":"Feature","geometry":{"type":"Point","coordinates":[-105.260427,39.99422]},"properties":{"incident_id":"BFD190529-005775","incident_type":"Search for person on land","call_type":"Fire Other","category":"mountain","date":"2019-05-29","year":2019,"month":5,"hour":21,"weekday":2,"is_weekend":false,"location_name":"","precision":"published_point"}},{"type":"Feature","geometry":{"type":"Point","coordinates":[-105.300229,39.959069]},"properties":{"incident_id":"BFD190531-005858","incident_type":"Dispatched & cancelled en route","call_type":"Auto-Aid Tech Rescue","category":"mountain","date":"2019-05-31","year":2019,"month":5,"hour":19,"weekday":4,"is_weekend":false,"location_name":"","precision":"published_point"}},{"type":"Feature","geometry":{"type":"Point","coordinates":[-105.300229,39.959069]},"properties":{"incident_id":"BFD190604-006008","incident_type":"Dispatched & cancelled en route","call_type":"Auto-Aid Rescue","category":"mountain","date":"2019-06-04","year":2019,"month":6,"hour":13,"weekday":1,"is_weekend":false,"location_name":"","precision":"published_point"}},{"type":"Feature","geometry":{"type":"Point","coordinates":[-105.266935,39.983868]},"properties":{"incident_id":"BFD190605-006047","incident_type":"Person in distress, Other","call_type":"Auto-Aid Rescue","category":"mountain","date":"2019-06-05","year":2019,"month":6,"hour":13,"weekday":2,"is_weekend":false,"location_name":"","precision":"published_point"}},{"type":"Feature","geometry":{"type":"Point","coordinates":[-105.282976,39.999699]},"properties":{"incident_id":"BFD190607-006125","incident_type":"Dispatched & cancelled en route","call_type":"Auto-Aid Tech Rescue","category":"mountain","date":"2019-06-07","year":2019,"month":6,"hour":14,"weekday":4,"is_weekend":false,"location_name":"","precision":"published_point"}},{"type":"Feature","geometry":{"type":"Point","coordinates":[-105.300229,39.959069]},"properties":{"incident_id":"BFD190608-006172","incident_type":"Dispatched & cancelled en route","call_type":"Auto-Aid Rescue","category":"mountain","date":"2019-06-08","year":2019,"month":6,"hour":19,"weekday":5,"is_weekend":true,"location_name":"","precision":"published_point"}},{"type":"Feature","geometry":{"type":"Point","coordinates":[-105.282705,39.998739]},"properties":{"incident_id":"BFD190611-006263","incident_type":"Medical, no patient contact","call_type":"Auto-Aid Tech Rescue","category":"mountain","date":"2019-06-11","year":2019,"month":6,"hour":14,"weekday":1,"is_weekend":false,"location_name":"","precision":"published_point"}},{"type":"Feature","geometry":{"type":"Point","coordinates":[-105.282976,39.999699]},"properties":{"incident_id":"BFD190612-006300","incident_type":"Medical, no patient contact","call_type":"Auto-Aid Tech Rescue","category":"mountain","date":"2019-06-12","year":2019,"month":6,"hour":11,"weekday":2,"is_weekend":false,"location_name":"","precision":"published_point"}},{"type":"Feature","geometry":{"type":"Point","coordinates":[-105.282976,39.999699]},"properties":{"incident_id":"BFD190615-006414","incident_type":"Medical, no patient contact","call_type":"Auto-Aid Tech Rescue","category":"mountain","date":"2019-06-15","year":2019,"month":6,"hour":12,"weekday":5,"is_weekend":true,"location_name":"","precision":"published_point"}},{"type":"Feature","geometry":{"type":"Point","coordinates":[-105.293968,40.012954]},"properties":{"incident_id":"BFD190701-007009","incident_type":"Swift water rescue","call_type":"Water Rescue","category":"water","date":"2019-07-01","year":2019,"month":7,"hour":16,"weekday":0,"is_weekend":false,"location_name":"","precision":"published_point"}},{"type":"Feature","geometry":{"type":"Point","coordinates":[-105.305358,40.00023]},"properties":{"incident_id":"BFD190703-007071","incident_type":"Person in distress, Other","call_type":"Auto-Aid Tech Rescue","category":"mountain","date":"2019-07-03","year":2019,"month":7,"hour":12,"weekday":2,"is_weekend":false,"location_name":"","precision":"published_point"}},{"type":"Feature","geometry":{"type":"Point","coordinates":[-105.195197,40.06396]},"properties":{"incident_id":"BFD190703-007082","incident_type":"Search for person on land","call_type":"Overdose and Psychiatric","category":"mountain","date":"2019-07-03","year":2019,"month":7,"hour":15,"weekday":2,"is_weekend":false,"location_name":"","precision":"published_point"}},{"type":"Feature","geometry":{"type":"Point","coordinates":[-105.22038,40.070103]},"properties":{"incident_id":"BFD190704-007111","incident_type":"Search for person on land","call_type":"Water Rescue","category":"water","date":"2019-07-04","year":2019,"month":7,"hour":14,"weekday":3,"is_weekend":false,"location_name":"","precision":"published_point"}},{"type":"Feature","geometry":{"type":"Point","coordinates":[-105.233506,40.07153]},"properties":{"incident_id":"BFD190706-007230","incident_type":"Search for person in water","call_type":"Water Rescue","category":"water","date":"2019-07-06","year":2019,"month":7,"hour":14,"weekday":5,"is_weekend":true,"location_name":"","precision":"published_point"}},{"type":"Feature","geometry":{"type":"Point","coordinates":[-105.274842,40.016261]},"properties":{"incident_id":"BFD190709-007378","incident_type":"Swift water rescue","call_type":"Fire Other","category":"water","date":"2019-07-09","year":2019,"month":7,"hour":14,"weekday":1,"is_weekend":false,"location_name":"","precision":"published_point"}},{"type":"Feature","geometry":{"type":"Point","coordinates":[-105.257902,39.965177]},"properties":{"incident_id":"BFD190709-007388","incident_type":"Auto-Aid Tech Rescue","call_type":"Auto-Aid Tech Rescue","category":"mountain","date":"2019-07-09","year":2019,"month":7,"hour":18,"weekday":1,"is_weekend":false,"location_name":"","precision":"published_point"}},{"type":"Feature","geometry":{"type":"Point","coordinates":[-105.253756,40.014642]},"properties":{"incident_id":"BFD190710-007428","incident_type":"Water & ice-related rescue, other","call_type":"Water Rescue","category":"water","date":"2019-07-10","year":2019,"month":7,"hour":14,"weekday":2,"is_weekend":false,"location_name":"","precision":"published_point"}},{"type":"Feature","geometry":{"type":"Point","coordinates":[-105.233506,40.07153]},"properties":{"incident_id":"BFD190711-007459","incident_type":"Swimming/recreational water areas rescue","call_type":"Water Rescue","category":"water","date":"2019-07-11","year":2019,"month":7,"hour":7,"weekday":3,"is_weekend":false,"location_name":"","precision":"published_point"}},{"type":"Feature","geometry":{"type":"Point","coordinates":[-105.282706,39.998739]},"properties":{"incident_id":"BFD190712-007535","incident_type":"Search for person on land","call_type":"Auto-Aid Tech Rescue","category":"mountain","date":"2019-07-12","year":2019,"month":7,"hour":23,"weekday":4,"is_weekend":false,"location_name":"","precision":"published_point"}},{"type":"Feature","geometry":{"type":"Point","coordinates":[-105.233506,40.07153]},"properties":{"incident_id":"BFD190713-007558","incident_type":"EMS call, excluding vehicle accident with injury","call_type":"Water Rescue","category":"water","date":"2019-07-13","year":2019,"month":7,"hour":14,"weekday":5,"is_weekend":true,"location_name":"","precision":"published_point"}},{"type":"Feature","geometry":{"type":"Point","coordinates":[-105.293968,40.012954]},"properties":{"incident_id":"BFD190713-007568","incident_type":"Water Rescue","call_type":"Water Rescue","category":"water","date":"2019-07-13","year":2019,"month":7,"hour":17,"weekday":5,"is_weekend":true,"location_name":"","precision":"published_point"}},{"type":"Feature","geometry":{"type":"Point","coordinates":[-105.255626,40.010681]},"properties":{"incident_id":"BFD190713-007574","incident_type":"Medical assist, assist EMS crew","call_type":"Water Rescue","category":"water","date":"2019-07-13","year":2019,"month":7,"hour":22,"weekday":5,"is_weekend":true,"location_name":"","precision":"published_point"}},{"type":"Feature","geometry":{"type":"Point","coordinates":[-105.279285,40.01587]},"properties":{"incident_id":"BFD190717-007684","incident_type":"Water Rescue","call_type":"Water Rescue","category":"water","date":"2019-07-17","year":2019,"month":7,"hour":10,"weekday":2,"is_weekend":false,"location_name":"","precision":"published_point"}},{"type":"Feature","geometry":{"type":"Point","coordinates":[-105.293968,40.012954]},"properties":{"incident_id":"BFD190718-007738","incident_type":"Swimming/recreational water areas rescue","call_type":"Illness and Other","category":"water","date":"2019-07-18","year":2019,"month":7,"hour":13,"weekday":3,"is_weekend":false,"location_name":"","precision":"published_point"}},{"type":"Feature","geometry":{"type":"Point","coordinates":[-105.293968,40.012954]},"properties":{"incident_id":"BFD190718-007741","incident_type":"Swift water rescue","call_type":"Water Rescue","category":"water","date":"2019-07-18","year":2019,"month":7,"hour":15,"weekday":3,"is_weekend":false,"location_name":"","precision":"published_point"}},{"type":"Feature","geometry":{"type":"Point","coordinates":[-105.282976,39.999699]},"properties":{"incident_id":"BFD190719-007771","incident_type":"Dispatched & cancelled en route","call_type":"Auto-Aid Tech Rescue","category":"mountain","date":"2019-07-19","year":2019,"month":7,"hour":10,"weekday":4,"is_weekend":false,"location_name":"","precision":"published_point"}},{"type":"Feature","geometry":{"type":"Point","coordinates":[-105.304545,39.999542]},"properties":{"incident_id":"BFD190719-007774","incident_type":"Medical, no patient contact","call_type":"Auto-Aid Tech Rescue","category":"mountain","date":"2019-07-19","year":2019,"month":7,"hour":12,"weekday":4,"is_weekend":false,"location_name":"","precision":"published_point"}},{"type":"Feature","geometry":{"type":"Point","coordinates":[-105.282976,39.999699]},"properties":{"incident_id":"BFD190720-007807","incident_type":"Medical, no patient contact","call_type":"Auto-Aid Tech Rescue","category":"mountain","date":"2019-07-20","year":2019,"month":7,"hour":15,"weekday":5,"is_weekend":true,"location_name":"","precision":"published_point"}},{"type":"Feature","geometry":{"type":"Point","coordinates":[-105.293968,40.012954]},"properties":{"incident_id":"BFD190722-007880","incident_type":"Swift water rescue","call_type":"Water Rescue","category":"water","date":"2019-07-22","year":2019,"month":7,"hour":17,"weekday":0,"is_weekend":false,"location_name":"","precision":"published_point"}},{"type":"Feature","geometry":{"type":"Point","coordinates":[-105.283391,40.013171]},"properties":{"incident_id":"BFD190723-007925","incident_type":"Swift water rescue","call_type":"Water Rescue","category":"water","date":"2019-07-23","year":2019,"month":7,"hour":17,"weekday":1,"is_weekend":false,"location_name":"","precision":"published_point"}},{"type":"Feature","geometry":{"type":"Point","coordinates":[-105.250788,40.01761]},"properties":{"incident_id":"BFD190727-008093","incident_type":"Rescue","call_type":"Rescue","category":"mountain","date":"2019-07-27","year":2019,"month":7,"hour":10,"weekday":5,"is_weekend":true,"location_name":"","precision":"published_point"}},{"type":"Feature","geometry":{"type":"Point","coordinates":[-105.267011,39.976786]},"properties":{"incident_id":"BFD190727-008098","incident_type":"Rescue or EMS standby","call_type":"Auto-Aid Tech Rescue","category":"mountain","date":"2019-07-27","year":2019,"month":7,"hour":12,"weekday":5,"is_weekend":true,"location_name":"","precision":"published_point"}},{"type":"Feature","geometry":{"type":"Point","coordinates":[-105.295009,40.013722]},"properties":{"incident_id":"BFD190803-008391","incident_type":"No Incident found on arrival at dispatch address","call_type":"Water Rescue","category":"water","date":"2019-08-03","year":2019,"month":8,"hour":10,"weekday":5,"is_weekend":true,"location_name":"","precision":"published_point"}},{"type":"Feature","geometry":{"type":"Point","coordinates":[-105.282976,39.999699]},"properties":{"incident_id":"BFD190804-008434","incident_type":"Auto-Aid Tech Rescue","call_type":"Auto-Aid Tech Rescue","category":"mountain","date":"2019-08-04","year":2019,"month":8,"hour":9,"weekday":6,"is_weekend":true,"location_name":"","precision":"published_point"}},{"type":"Feature","geometry":{"type":"Point","coordinates":[-105.260567,40.012143]},"properties":{"incident_id":"BFD190809-008662","incident_type":"EMS call, excluding vehicle accident with injury","call_type":"Rescue","category":"mountain","date":"2019-08-09","year":2019,"month":8,"hour":17,"weekday":4,"is_weekend":false,"location_name":"","precision":"published_point"}},{"type":"Feature","geometry":{"type":"Point","coordinates":[-105.282976,39.999699]},"properties":{"incident_id":"BFD190812-008781","incident_type":"Auto-Aid Rescue","call_type":"Auto-Aid Rescue","category":"mountain","date":"2019-08-12","year":2019,"month":8,"hour":11,"weekday":0,"is_weekend":false,"location_name":"","precision":"published_point"}},{"type":"Feature","geometry":{"type":"Point","coordinates":[-105.292671,39.997647]},"properties":{"incident_id":"BFD190812-008792","incident_type":"EMS call, excluding vehicle accident with injury","call_type":"Auto-Aid Tech Rescue","category":"mountain","date":"2019-08-12","year":2019,"month":8,"hour":15,"weekday":0,"is_weekend":false,"location_name":"","precision":"published_point"}},{"type":"Feature","geometry":{"type":"Point","coordinates":[-105.250788,40.01761]},"properties":{"incident_id":"BFD190815-008908","incident_type":"Water Rescue","call_type":"Water Rescue","category":"water","date":"2019-08-15","year":2019,"month":8,"hour":16,"weekday":3,"is_weekend":false,"location_name":"","precision":"published_point"}},{"type":"Feature","geometry":{"type":"Point","coordinates":[-105.249267,40.030609]},"properties":{"incident_id":"BFD190820-009124","incident_type":"Search for person on land","call_type":"Fire Other","category":"mountain","date":"2019-08-20","year":2019,"month":8,"hour":22,"weekday":1,"is_weekend":false,"location_name":"","precision":"published_point"}},{"type":"Feature","geometry":{"type":"Point","coordinates":[-105.282976,39.999699]},"properties":{"incident_id":"BFD190823-009259","incident_type":"Dispatched & cancelled en route","call_type":"Auto-Aid Tech Rescue","category":"mountain","date":"2019-08-23","year":2019,"month":8,"hour":10,"weekday":4,"is_weekend":false,"location_name":"","precision":"published_point"}},{"type":"Feature","geometry":{"type":"Point","coordinates":[-105.294482,40.01455]},"properties":{"incident_id":"BFD190824-009320","incident_type":"EMS call, excluding vehicle accident with injury","call_type":"Rescue","category":"mountain","date":"2019-08-24","year":2019,"month":8,"hour":16,"weekday":5,"is_weekend":true,"location_name":"","precision":"published_point"}},{"type":"Feature","geometry":{"type":"Point","coordinates":[-105.300229,39.959069]},"properties":{"incident_id":"BFD190825-009387","incident_type":"Medical assist, assist EMS crew","call_type":"Auto-Aid Tech Rescue","category":"mountain","date":"2019-08-25","year":2019,"month":8,"hour":14,"weekday":6,"is_weekend":true,"location_name":"","precision":"published_point"}},{"type":"Feature","geometry":{"type":"Point","coordinates":[-105.281699,39.995996]},"properties":{"incident_id":"BFD190910-010127","incident_type":"Dispatched & cancelled en route","call_type":"Auto-Aid Rescue","category":"mountain","date":"2019-09-10","year":2019,"month":9,"hour":20,"weekday":1,"is_weekend":false,"location_name":"","precision":"published_point"}},{"type":"Feature","geometry":{"type":"Point","coordinates":[-105.282976,39.999699]},"properties":{"incident_id":"BFD190912-010202","incident_type":"EMS call, excluding vehicle accident with injury","call_type":"Auto-Aid Rescue","category":"mountain","date":"2019-09-12","year":2019,"month":9,"hour":15,"weekday":3,"is_weekend":false,"location_name":"","precision":"published_point"}},{"type":"Feature","geometry":{"type":"Point","coordinates":[-105.282976,39.999699]},"properties":{"incident_id":"BFD190913-010244","incident_type":"Medical, no patient contact","call_type":"Auto-Aid Tech Rescue","category":"mountain","date":"2019-09-13","year":2019,"month":9,"hour":16,"weekday":4,"is_weekend":false,"location_name":"","precision":"published_point"}},{"type":"Feature","geometry":{"type":"Point","coordinates":[-105.231949,40.071413]},"properties":{"incident_id":"BFD190922-010712","incident_type":"Water Rescue","call_type":"Water Rescue","category":"water","date":"2019-09-22","year":2019,"month":9,"hour":10,"weekday":6,"is_weekend":true,"location_name":"","precision":"published_point"}},{"type":"Feature","geometry":{"type":"Point","coordinates":[-105.270242,40.051821]},"properties":{"incident_id":"BFD190924-010809","incident_type":"Water & ice-related rescue, other","call_type":"Water Rescue","category":"water","date":"2019-09-24","year":2019,"month":9,"hour":13,"weekday":1,"is_weekend":false,"location_name":"","precision":"published_point"}},{"type":"Feature","geometry":{"type":"Point","coordinates":[-105.282976,39.999699]},"properties":{"incident_id":"BFD190927-010962","incident_type":"Auto-Aid Rescue","call_type":"Auto-Aid Rescue","category":"mountain","date":"2019-09-27","year":2019,"month":9,"hour":18,"weekday":4,"is_weekend":false,"location_name":"","precision":"published_point"}},{"type":"Feature","geometry":{"type":"Point","coordinates":[-105.282976,39.999699]},"properties":{"incident_id":"BFD191013-011743","incident_type":"Dispatched & cancelled en route","call_type":"Auto-Aid Tech Rescue","category":"mountain","date":"2019-10-13","year":2019,"month":10,"hour":16,"weekday":6,"is_weekend":true,"location_name":"","precision":"published_point"}},{"type":"Feature","geometry":{"type":"Point","coordinates":[-105.282976,39.999699]},"properties":{"incident_id":"BFD191017-011898","incident_type":"Auto-Aid Tech Rescue","call_type":"Auto-Aid Tech Rescue","category":"mountain","date":"2019-10-17","year":2019,"month":10,"hour":9,"weekday":3,"is_weekend":false,"location_name":"","precision":"published_point"}},{"type":"Feature","geometry":{"type":"Point","coordinates":[-105.282976,39.999699]},"properties":{"incident_id":"BFD191019-012007","incident_type":"Auto-Aid Tech Rescue","call_type":"Auto-Aid Tech Rescue","category":"mountain","date":"2019-10-19","year":2019,"month":10,"hour":19,"weekday":5,"is_weekend":true,"location_name":"","precision":"published_point"}},{"type":"Feature","geometry":{"type":"Point","coordinates":[-105.300229,39.959069]},"properties":{"incident_id":"BFD191024-012185","incident_type":"Dispatched & cancelled en route","call_type":"Auto-Aid Rescue","category":"mountain","date":"2019-10-24","year":2019,"month":10,"hour":12,"weekday":3,"is_weekend":false,"location_name":"","precision":"published_point"}},{"type":"Feature","geometry":{"type":"Point","coordinates":[-105.300229,39.959069]},"properties":{"incident_id":"BFD191102-012655","incident_type":"Auto-Aid Tech Rescue","call_type":"Auto-Aid Tech Rescue","category":"mountain","date":"2019-11-02","year":2019,"month":11,"hour":18,"weekday":5,"is_weekend":true,"location_name":"","precision":"published_point"}},{"type":"Feature","geometry":{"type":"Point","coordinates":[-105.292152,40.004123]},"properties":{"incident_id":"BFD191116-013279","incident_type":"Medical assist, assist EMS crew","call_type":"Auto-Aid Tech Rescue","category":"mountain","date":"2019-11-16","year":2019,"month":11,"hour":22,"weekday":5,"is_weekend":true,"location_name":"","precision":"published_point"}},{"type":"Feature","geometry":{"type":"Point","coordinates":[-105.262979,39.968521]},"properties":{"incident_id":"BFD191218-014636","incident_type":"Dispatched & cancelled en route","call_type":"Auto-Aid Rescue","category":"mountain","date":"2019-12-18","year":2019,"month":12,"hour":14,"weekday":2,"is_weekend":false,"location_name":"","precision":"published_point"}},{"type":"Feature","geometry":{"type":"Point","coordinates":[-105.282976,39.999699]},"properties":{"incident_id":"BFD191221-014749","incident_type":"Rescue or EMS standby","call_type":"Auto-Aid Tech Rescue","category":"mountain","date":"2019-12-21","year":2019,"month":12,"hour":13,"weekday":5,"is_weekend":true,"location_name":"","precision":"published_point"}},{"type":"Feature","geometry":{"type":"Point","coordinates":[-105.282976,39.999699]},"properties":{"incident_id":"BFD191221-014756","incident_type":"Dispatched & cancelled en route","call_type":"Auto-Aid Tech Rescue","category":"mountain","date":"2019-12-21","year":2019,"month":12,"hour":15,"weekday":5,"is_weekend":true,"location_name":"","precision":"published_point"}},{"type":"Feature","geometry":{"type":"Point","coordinates":[-105.2875,40.015199]},"properties":{"incident_id":"BFD191223-014821","incident_type":"Person in distress, Other","call_type":"Water Rescue","category":"water","date":"2019-12-23","year":2019,"month":12,"hour":15,"weekday":0,"is_weekend":false,"location_name":"","precision":"published_point"}},{"type":"Feature","geometry":{"type":"Point","coordinates":[-105.207048,40.085839]},"properties":{"incident_id":"BFD200101-000014","incident_type":"Ice rescue","call_type":"Water Rescue","category":"water","date":"2020-01-01","year":2020,"month":1,"hour":11,"weekday":2,"is_weekend":false,"location_name":"","precision":"published_point"}},{"type":"Feature","geometry":{"type":"Point","coordinates":[-105.207048,40.085839]},"properties":{"incident_id":"BFD200106-000164","incident_type":"Dispatched & cancelled en route","call_type":"Water Rescue","category":"water","date":"2020-01-06","year":2020,"month":1,"hour":7,"weekday":0,"is_weekend":false,"location_name":"","precision":"published_point"}},{"type":"Feature","geometry":{"type":"Point","coordinates":[-105.231232,39.982661]},"properties":{"incident_id":"BFD200205-001396","incident_type":"Ice rescue","call_type":"Water Rescue","category":"water","date":"2020-02-05","year":2020,"month":2,"hour":8,"weekday":2,"is_weekend":false,"location_name":"","precision":"published_point"}},{"type":"Feature","geometry":{"type":"Point","coordinates":[-105.231232,39.982661]},"properties":{"incident_id":"BFD200210-001617","incident_type":"Water Rescue","call_type":"Water Rescue","category":"water","date":"2020-02-10","year":2020,"month":2,"hour":6,"weekday":0,"is_weekend":false,"location_name":"","precision":"published_point"}},{"type":"Feature","geometry":{"type":"Point","coordinates":[-105.231949,40.071413]},"properties":{"incident_id":"BFD200223-002183","incident_type":"Ice rescue","call_type":"Water Rescue","category":"water","date":"2020-02-23","year":2020,"month":2,"hour":12,"weekday":6,"is_weekend":true,"location_name":"","precision":"published_point"}},{"type":"Feature","geometry":{"type":"Point","coordinates":[-105.272553,40.014589]},"properties":{"incident_id":"BFD200229-002398","incident_type":"No Incident found on arrival at dispatch address","call_type":"Water Rescue","category":"water","date":"2020-02-29","year":2020,"month":2,"hour":8,"weekday":5,"is_weekend":true,"location_name":"","precision":"published_point"}},{"type":"Feature","geometry":{"type":"Point","coordinates":[-105.281925,39.999959]},"properties":{"incident_id":"BFD200229-002404","incident_type":"Dispatched & cancelled en route","call_type":"Auto-Aid Tech Rescue","category":"mountain","date":"2020-02-29","year":2020,"month":2,"hour":11,"weekday":5,"is_weekend":true,"location_name":"","precision":"published_point"}},{"type":"Feature","geometry":{"type":"Point","coordinates":[-105.281925,39.999959]},"properties":{"incident_id":"BFD200304-002568","incident_type":"Dispatched & cancelled en route","call_type":"Auto-Aid Rescue","category":"mountain","date":"2020-03-04","year":2020,"month":3,"hour":19,"weekday":2,"is_weekend":false,"location_name":"","precision":"published_point"}},{"type":"Feature","geometry":{"type":"Point","coordinates":[-105.282976,39.999699]},"properties":{"incident_id":"BFD200307-002703","incident_type":"Rescue or EMS standby","call_type":"Auto-Aid Rescue","category":"mountain","date":"2020-03-07","year":2020,"month":3,"hour":18,"weekday":5,"is_weekend":true,"location_name":"","precision":"published_point"}},{"type":"Feature","geometry":{"type":"Point","coordinates":[-105.282976,39.999699]},"properties":{"incident_id":"BFD200409-003820","incident_type":"Dispatched & cancelled en route","call_type":"Auto-Aid Tech Rescue","category":"mountain","date":"2020-04-09","year":2020,"month":4,"hour":16,"weekday":3,"is_weekend":false,"location_name":"","precision":"published_point"}},{"type":"Feature","geometry":{"type":"Point","coordinates":[-105.300229,39.959069]},"properties":{"incident_id":"BFD200411-003882","incident_type":"Dispatched & cancelled en route","call_type":"Auto-Aid Tech Rescue","category":"mountain","date":"2020-04-11","year":2020,"month":4,"hour":14,"weekday":5,"is_weekend":true,"location_name":"","precision":"published_point"}},{"type":"Feature","geometry":{"type":"Point","coordinates":[-105.269652,40.005894]},"properties":{"incident_id":"BFD200422-004210","incident_type":"High-angle rescue","call_type":"Fall and Injury","category":"mountain","date":"2020-04-22","year":2020,"month":4,"hour":11,"weekday":2,"is_weekend":false,"location_name":"","precision":"published_point"}},{"type":"Feature","geometry":{"type":"Point","coordinates":[-105.275013,39.97915]},"properties":{"incident_id":"BFD200422-004211","incident_type":"Dispatched & cancelled en route","call_type":"Auto-Aid Tech Rescue","category":"mountain","date":"2020-04-22","year":2020,"month":4,"hour":12,"weekday":2,"is_weekend":false,"location_name":"","precision":"published_point"}},{"type":"Feature","geometry":{"type":"Point","coordinates":[-105.276211,39.978341]},"properties":{"incident_id":"BFD200429-004426","incident_type":"EMS call, excluding vehicle accident with injury","call_type":"Auto-Aid Tech Rescue","category":"mountain","date":"2020-04-29","year":2020,"month":4,"hour":15,"weekday":2,"is_weekend":false,"location_name":"","precision":"published_point"}},{"type":"Feature","geometry":{"type":"Point","coordinates":[-105.300229,39.959069]},"properties":{"incident_id":"BFD200501-004473","incident_type":"Dispatched & cancelled en route","call_type":"Auto-Aid Tech Rescue","category":"mountain","date":"2020-05-01","year":2020,"month":5,"hour":7,"weekday":4,"is_weekend":false,"location_name":"","precision":"published_point"}},{"type":"Feature","geometry":{"type":"Point","coordinates":[-105.267011,39.976794]},"properties":{"incident_id":"BFD200508-004702","incident_type":"Medical, no patient contact","call_type":"Auto-Aid Tech Rescue","category":"mountain","date":"2020-05-08","year":2020,"month":5,"hour":17,"weekday":4,"is_weekend":false,"location_name":"","precision":"published_point"}},{"type":"Feature","geometry":{"type":"Point","coordinates":[-105.267011,39.976794]},"properties":{"incident_id":"BFD200518-005002","incident_type":"Dispatched & cancelled en route","call_type":"Auto-Aid Tech Rescue","category":"mountain","date":"2020-05-18","year":2020,"month":5,"hour":17,"weekday":0,"is_weekend":false,"location_name":"","precision":"published_point"}},{"type":"Feature","geometry":{"type":"Point","coordinates":[-105.290783,39.999498]},"properties":{"incident_id":"BFD200523-005166","incident_type":"Dispatched & cancelled en route","call_type":"Auto-Aid Tech Rescue","category":"mountain","date":"2020-05-23","year":2020,"month":5,"hour":11,"weekday":5,"is_weekend":true,"location_name":"","precision":"published_point"}},{"type":"Feature","geometry":{"type":"Point","coordinates":[-105.281902,39.999959]},"properties":{"incident_id":"BFD200524-005196","incident_type":"Medical, no patient contact","call_type":"Auto-Aid Tech Rescue","category":"mountain","date":"2020-05-24","year":2020,"month":5,"hour":11,"weekday":6,"is_weekend":true,"location_name":"","precision":"published_point"}},{"type":"Feature","geometry":{"type":"Point","coordinates":[-105.300229,39.959069]},"properties":{"incident_id":"BFD200528-005313","incident_type":"Medical, no patient contact","call_type":"Auto-Aid Tech Rescue","category":"mountain","date":"2020-05-28","year":2020,"month":5,"hour":13,"weekday":3,"is_weekend":false,"location_name":"","precision":"published_point"}},{"type":"Feature","geometry":{"type":"Point","coordinates":[-105.282976,39.999699]},"properties":{"incident_id":"BFD200601-005439","incident_type":"EMS call, excluding vehicle accident with injury","call_type":"Auto-Aid Tech Rescue","category":"mountain","date":"2020-06-01","year":2020,"month":6,"hour":8,"weekday":0,"is_weekend":false,"location_name":"","precision":"published_point"}},{"type":"Feature","geometry":{"type":"Point","coordinates":[-105.279301,40.015916]},"properties":{"incident_id":"BFD200601-005464","incident_type":"Search for person in water","call_type":"Water Rescue","category":"water","date":"2020-06-01","year":2020,"month":6,"hour":23,"weekday":0,"is_weekend":false,"location_name":"","precision":"published_point"}},{"type":"Feature","geometry":{"type":"Point","coordinates":[-105.36966,40.22306]},"properties":{"incident_id":"BFD200605-005617","incident_type":"Swift water rescue","call_type":"Mutual Aid","category":"water","date":"2020-06-05","year":2020,"month":6,"hour":13,"weekday":4,"is_weekend":false,"location_name":"","precision":"published_point"}},{"type":"Feature","geometry":{"type":"Point","coordinates":[-105.282976,39.999699]},"properties":{"incident_id":"BFD200605-005626","incident_type":"Dispatched & cancelled en route","call_type":"Auto-Aid Tech Rescue","category":"mountain","date":"2020-06-05","year":2020,"month":6,"hour":16,"weekday":4,"is_weekend":false,"location_name":"","precision":"published_point"}},{"type":"Feature","geometry":{"type":"Point","coordinates":[-105.292194,40.013378]},"properties":{"incident_id":"BFD200605-005640","incident_type":"Person in distress, Other","call_type":"Water Rescue","category":"water","date":"2020-06-05","year":2020,"month":6,"hour":20,"weekday":4,"is_weekend":false,"location_name":"","precision":"published_point"}},{"type":"Feature","geometry":{"type":"Point","coordinates":[-105.290783,39.999498]},"properties":{"incident_id":"BFD200607-005696","incident_type":"Dispatched & cancelled en route","call_type":"Auto-Aid Tech Rescue","category":"mountain","date":"2020-06-07","year":2020,"month":6,"hour":10,"weekday":6,"is_weekend":true,"location_name":"","precision":"published_point"}},{"type":"Feature","geometry":{"type":"Point","coordinates":[-105.300229,39.959069]},"properties":{"incident_id":"BFD200607-005699","incident_type":"Dispatched & cancelled en route","call_type":"Auto-Aid Tech Rescue","category":"mountain","date":"2020-06-07","year":2020,"month":6,"hour":12,"weekday":6,"is_weekend":true,"location_name":"","precision":"published_point"}},{"type":"Feature","geometry":{"type":"Point","coordinates":[-105.281902,39.999959]},"properties":{"incident_id":"BFD200612-005904","incident_type":"Dispatched & cancelled en route","call_type":"Auto-Aid Tech Rescue","category":"mountain","date":"2020-06-12","year":2020,"month":6,"hour":21,"weekday":4,"is_weekend":false,"location_name":"","precision":"published_point"}},{"type":"Feature","geometry":{"type":"Point","coordinates":[-105.279301,40.015916]},"properties":{"incident_id":"BFD200615-005988","incident_type":"Swift water rescue","call_type":"Illness and Other","category":"water","date":"2020-06-15","year":2020,"month":6,"hour":15,"weekday":0,"is_weekend":false,"location_name":"","precision":"published_point"}},{"type":"Feature","geometry":{"type":"Point","coordinates":[-105.300229,39.959069]},"properties":{"incident_id":"BFD200623-006256","incident_type":"Dispatched & cancelled en route","call_type":"Auto-Aid Tech Rescue","category":"mountain","date":"2020-06-23","year":2020,"month":6,"hour":16,"weekday":1,"is_weekend":false,"location_name":"","precision":"published_point"}},{"type":"Feature","geometry":{"type":"Point","coordinates":[-105.282976,39.999699]},"properties":{"incident_id":"BFD200626-006368","incident_type":"Dispatched & cancelled en route","call_type":"Auto-Aid Tech Rescue","category":"mountain","date":"2020-06-26","year":2020,"month":6,"hour":19,"weekday":4,"is_weekend":false,"location_name":"","precision":"published_point"}},{"type":"Feature","geometry":{"type":"Point","coordinates":[-105.100896,40.162991]},"properties":{"incident_id":"BFD200629-006473","incident_type":"Rescue","call_type":"Rescue","category":"mountain","date":"2020-06-29","year":2020,"month":6,"hour":12,"weekday":0,"is_weekend":false,"location_name":"","precision":"published_point"}},{"type":"Feature","geometry":{"type":"Point","coordinates":[-105.240898,40.014687]},"properties":{"incident_id":"BFD200629-006477","incident_type":"Person in distress, Other","call_type":"Water Rescue","category":"water","date":"2020-06-29","year":2020,"month":6,"hour":14,"weekday":0,"is_weekend":false,"location_name":"","precision":"published_point"}},{"type":"Feature","geometry":{"type":"Point","coordinates":[-105.231949,40.071413]},"properties":{"incident_id":"BFD200630-006518","incident_type":"Water Rescue","call_type":"Water Rescue","category":"water","date":"2020-06-30","year":2020,"month":6,"hour":13,"weekday":1,"is_weekend":false,"location_name":"","precision":"published_point"}},{"type":"Feature","geometry":{"type":"Point","coordinates":[-105.282976,39.999699]},"properties":{"incident_id":"BFD200704-006721","incident_type":"Dispatched & cancelled en route","call_type":"Auto-Aid Tech Rescue","category":"mountain","date":"2020-07-04","year":2020,"month":7,"hour":22,"weekday":5,"is_weekend":true,"location_name":"","precision":"published_point"}},{"type":"Feature","geometry":{"type":"Point","coordinates":[-105.281298,40.013696]},"properties":{"incident_id":"BFD200718-007236","incident_type":"No Incident found on arrival at dispatch address","call_type":"Water Rescue","category":"water","date":"2020-07-18","year":2020,"month":7,"hour":15,"weekday":5,"is_weekend":true,"location_name":"","precision":"published_point"}},{"type":"Feature","geometry":{"type":"Point","coordinates":[-105.282976,39.999699]},"properties":{"incident_id":"BFD200719-007270","incident_type":"Dispatched & cancelled en route","call_type":"Auto-Aid Tech Rescue","category":"mountain","date":"2020-07-19","year":2020,"month":7,"hour":11,"weekday":6,"is_weekend":true,"location_name":"","precision":"published_point"}},{"type":"Feature","geometry":{"type":"Point","coordinates":[-105.322811,39.98352]},"properties":{"incident_id":"BFD200719-007277","incident_type":"Medical, no patient contact","call_type":"Auto-Aid Tech Rescue","category":"mountain","date":"2020-07-19","year":2020,"month":7,"hour":12,"weekday":6,"is_weekend":true,"location_name":"","precision":"published_point"}},{"type":"Feature","geometry":{"type":"Point","coordinates":[-105.258777,40.010156]},"properties":{"incident_id":"BFD200719-007282","incident_type":"EMS call, excluding vehicle accident with injury","call_type":"Water Rescue","category":"water","date":"2020-07-19","year":2020,"month":7,"hour":17,"weekday":6,"is_weekend":true,"location_name":"","precision":"published_point"}},{"type":"Feature","geometry":{"type":"Point","coordinates":[-105.258879,40.011733]},"properties":{"incident_id":"BFD200722-007391","incident_type":"Water Rescue","call_type":"Water Rescue","category":"water","date":"2020-07-22","year":2020,"month":7,"hour":11,"weekday":2,"is_weekend":false,"location_name":"","precision":"published_point"}},{"type":"Feature","geometry":{"type":"Point","coordinates":[-105.294728,40.006434]},"properties":{"incident_id":"BFD200723-007449","incident_type":"EMS call, excluding vehicle accident with injury","call_type":"Auto-Aid Tech Rescue","category":"mountain","date":"2020-07-23","year":2020,"month":7,"hour":20,"weekday":3,"is_weekend":false,"location_name":"","precision":"published_point"}},{"type":"Feature","geometry":{"type":"Point","coordinates":[-105.282976,39.999699]},"properties":{"incident_id":"BFD200724-007488","incident_type":"Auto-Aid Tech Rescue","call_type":"Auto-Aid Tech Rescue","category":"mountain","date":"2020-07-24","year":2020,"month":7,"hour":15,"weekday":4,"is_weekend":false,"location_name":"","precision":"published_point"}},{"type":"Feature","geometry":{"type":"Point","coordinates":[-105.282976,39.999699]},"properties":{"incident_id":"BFD200728-007657","incident_type":"Dispatched & cancelled en route","call_type":"Auto-Aid Tech Rescue","category":"mountain","date":"2020-07-28","year":2020,"month":7,"hour":15,"weekday":1,"is_weekend":false,"location_name":"","precision":"published_point"}},{"type":"Feature","geometry":{"type":"Point","coordinates":[-105.300229,39.959069]},"properties":{"incident_id":"BFD200803-007872","incident_type":"Rescue","call_type":"Rescue","category":"mountain","date":"2020-08-03","year":2020,"month":8,"hour":0,"weekday":0,"is_weekend":false,"location_name":"","precision":"published_point"}},{"type":"Feature","geometry":{"type":"Point","coordinates":[-105.239339,40.076628]},"properties":{"incident_id":"BFD200809-008159","incident_type":"Water Rescue","call_type":"Water Rescue","category":"water","date":"2020-08-09","year":2020,"month":8,"hour":14,"weekday":6,"is_weekend":true,"location_name":"","precision":"published_point"}},{"type":"Feature","geometry":{"type":"Point","coordinates":[-105.278133,39.97843]},"properties":{"incident_id":"BFD200809-008171","incident_type":"Rescue","call_type":"Rescue","category":"mountain","date":"2020-08-09","year":2020,"month":8,"hour":20,"weekday":6,"is_weekend":true,"location_name":"","precision":"published_point"}},{"type":"Feature","geometry":{"type":"Point","coordinates":[-105.282976,39.999699]},"properties":{"incident_id":"BFD200810-008198","incident_type":"No Incident found on arrival at dispatch address","call_type":"Auto-Aid Tech Rescue","category":"mountain","date":"2020-08-10","year":2020,"month":8,"hour":12,"weekday":0,"is_weekend":false,"location_name":"","precision":"published_point"}},{"type":"Feature","geometry":{"type":"Point","coordinates":[-105.281902,39.999959]},"properties":{"incident_id":"BFD200818-008471","incident_type":"EMS call, excluding vehicle accident with injury","call_type":"Rescue","category":"mountain","date":"2020-08-18","year":2020,"month":8,"hour":9,"weekday":1,"is_weekend":false,"location_name":"","precision":"published_point"}},{"type":"Feature","geometry":{"type":"Point","coordinates":[-105.568141,40.077428]},"properties":{"incident_id":"BFD200818-008481","incident_type":"Water & ice-related rescue, other","call_type":"Mutual Aid","category":"water","date":"2020-08-18","year":2020,"month":8,"hour":12,"weekday":1,"is_weekend":false,"location_name":"","precision":"published_point"}},{"type":"Feature","geometry":{"type":"Point","coordinates":[-105.300229,39.959069]},"properties":{"incident_id":"BFD200818-008490","incident_type":"Medical, no patient contact","call_type":"Auto-Aid Tech Rescue","category":"mountain","date":"2020-08-18","year":2020,"month":8,"hour":17,"weekday":1,"is_weekend":false,"location_name":"","precision":"published_point"}},{"type":"Feature","geometry":{"type":"Point","coordinates":[-105.296088,40.001643]},"properties":{"incident_id":"BFD200820-008557","incident_type":"EMS call, excluding vehicle accident with injury","call_type":"Auto-Aid Tech Rescue","category":"mountain","date":"2020-08-20","year":2020,"month":8,"hour":12,"weekday":3,"is_weekend":false,"location_name":"","precision":"published_point"}},{"type":"Feature","geometry":{"type":"Point","coordinates":[-105.282976,39.999699]},"properties":{"incident_id":"BFD200821-008629","incident_type":"Auto-Aid Tech Rescue","call_type":"Auto-Aid Tech Rescue","category":"mountain","date":"2020-08-21","year":2020,"month":8,"hour":19,"weekday":4,"is_weekend":false,"location_name":"","precision":"published_point"}},{"type":"Feature","geometry":{"type":"Point","coordinates":[-105.28182,40.000041]},"properties":{"incident_id":"BFD200823-008720","incident_type":"Medical, no patient contact","call_type":"Auto-Aid Tech Rescue","category":"mountain","date":"2020-08-23","year":2020,"month":8,"hour":16,"weekday":6,"is_weekend":true,"location_name":"","precision":"published_point"}},{"type":"Feature","geometry":{"type":"Point","coordinates":[-105.231949,40.071413]},"properties":{"incident_id":"BFD200827-008915","incident_type":"EMS call, excluding vehicle accident with injury","call_type":"Rescue","category":"mountain","date":"2020-08-27","year":2020,"month":8,"hour":17,"weekday":3,"is_weekend":false,"location_name":"","precision":"published_point"}},{"type":"Feature","geometry":{"type":"Point","coordinates":[-105.300229,39.959069]},"properties":{"incident_id":"BFD200828-008950","incident_type":"Auto-Aid Tech Rescue","call_type":"Auto-Aid Tech Rescue","category":"mountain","date":"2020-08-28","year":2020,"month":8,"hour":14,"weekday":4,"is_weekend":false,"location_name":"","precision":"published_point"}},{"type":"Feature","geometry":{"type":"Point","coordinates":[-105.100896,40.162991]},"properties":{"incident_id":"BFD200907-009313","incident_type":"Rescue","call_type":"Rescue","category":"mountain","date":"2020-09-07","year":2020,"month":9,"hour":10,"weekday":0,"is_weekend":false,"location_name":"","precision":"published_point"}},{"type":"Feature","geometry":{"type":"Point","coordinates":[-105.300229,39.959069]},"properties":{"incident_id":"BFD200911-009580","incident_type":"Auto-Aid Tech Rescue","call_type":"Auto-Aid Tech Rescue","category":"mountain","date":"2020-09-11","year":2020,"month":9,"hour":14,"weekday":4,"is_weekend":false,"location_name":"","precision":"published_point"}},{"type":"Feature","geometry":{"type":"Point","coordinates":[-105.294676,40.014711]},"properties":{"incident_id":"BFD200915-009756","incident_type":"Rescue or EMS standby","call_type":"Rescue","category":"mountain","date":"2020-09-15","year":2020,"month":9,"hour":15,"weekday":1,"is_weekend":false,"location_name":"","precision":"published_point"}},{"type":"Feature","geometry":{"type":"Point","coordinates":[-105.279301,40.015916]},"properties":{"incident_id":"BFD200920-009937","incident_type":"EMS call, excluding vehicle accident with injury","call_type":"Water Rescue","category":"water","date":"2020-09-20","year":2020,"month":9,"hour":14,"weekday":6,"is_weekend":true,"location_name":"","precision":"published_point"}},{"type":"Feature","geometry":{"type":"Point","coordinates":[-105.282976,39.999699]},"properties":{"incident_id":"BFD200925-010159","incident_type":"Auto-Aid Tech Rescue","call_type":"Auto-Aid Tech Rescue","category":"mountain","date":"2020-09-25","year":2020,"month":9,"hour":23,"weekday":4,"is_weekend":false,"location_name":"","precision":"published_point"}},{"type":"Feature","geometry":{"type":"Point","coordinates":[-105.265492,40.016144]},"properties":{"incident_id":"BFD200927-010227","incident_type":"Rescue","call_type":"Rescue","category":"mountain","date":"2020-09-27","year":2020,"month":9,"hour":21,"weekday":6,"is_weekend":true,"location_name":"","precision":"published_point"}},{"type":"Feature","geometry":{"type":"Point","coordinates":[-105.279742,39.982409]},"properties":{"incident_id":"BFD201009-010871","incident_type":"EMS call, excluding vehicle accident with injury","call_type":"Auto-Aid Tech Rescue","category":"mountain","date":"2020-10-09","year":2020,"month":10,"hour":14,"weekday":4,"is_weekend":false,"location_name":"","precision":"published_point"}},{"type":"Feature","geometry":{"type":"Point","coordinates":[-105.282976,39.999699]},"properties":{"incident_id":"BFD201010-010895","incident_type":"Dispatched & cancelled en route","call_type":"Auto-Aid Tech Rescue","category":"mountain","date":"2020-10-10","year":2020,"month":10,"hour":8,"weekday":5,"is_weekend":true,"location_name":"","precision":"published_point"}},{"type":"Feature","geometry":{"type":"Point","coordinates":[-105.083874,39.971901]},"properties":{"incident_id":"BFD201011-010963","incident_type":"Rescue","call_type":"Rescue","category":"mountain","date":"2020-10-11","year":2020,"month":10,"hour":16,"weekday":6,"is_weekend":true,"location_name":"","precision":"published_point"}},{"type":"Feature","geometry":{"type":"Point","coordinates":[-105.235941,39.981305]},"properties":{"incident_id":"BFD201021-011355","incident_type":"Dispatched & cancelled en route","call_type":"Water Rescue","category":"water","date":"2020-10-21","year":2020,"month":10,"hour":14,"weekday":2,"is_weekend":false,"location_name":"","precision":"published_point"}},{"type":"Feature","geometry":{"type":"Point","coordinates":[-105.282976,39.999699]},"properties":{"incident_id":"BFD201021-011365","incident_type":"High-angle rescue","call_type":"Auto-Aid Tech Rescue","category":"mountain","date":"2020-10-21","year":2020,"month":10,"hour":17,"weekday":2,"is_weekend":false,"location_name":"","precision":"published_point"}},{"type":"Feature","geometry":{"type":"Point","coordinates":[-105.300229,39.959069]},"properties":{"incident_id":"BFD201026-011576","incident_type":"Medical assist, assist EMS crew","call_type":"Auto-Aid Tech Rescue","category":"mountain","date":"2020-10-26","year":2020,"month":10,"hour":15,"weekday":0,"is_weekend":false,"location_name":"","precision":"published_point"}},{"type":"Feature","geometry":{"type":"Point","coordinates":[-105.282976,39.999699]},"properties":{"incident_id":"BFD201030-011740","incident_type":"EMS call, excluding vehicle accident with injury","call_type":"Auto-Aid Tech Rescue","category":"mountain","date":"2020-10-30","year":2020,"month":10,"hour":8,"weekday":4,"is_weekend":false,"location_name":"","precision":"published_point"}},{"type":"Feature","geometry":{"type":"Point","coordinates":[-105.282976,39.999699]},"properties":{"incident_id":"BFD201108-012095","incident_type":"Auto-Aid Tech Rescue","call_type":"Auto-Aid Tech Rescue","category":"mountain","date":"2020-11-08","year":2020,"month":11,"hour":13,"weekday":6,"is_weekend":true,"location_name":"","precision":"published_point"}},{"type":"Feature","geometry":{"type":"Point","coordinates":[-105.299546,40.037284]},"properties":{"incident_id":"BFD201108-012098","incident_type":"Auto-Aid Tech Rescue","call_type":"Auto-Aid Tech Rescue","category":"mountain","date":"2020-11-08","year":2020,"month":11,"hour":14,"weekday":6,"is_weekend":true,"location_name":"","precision":"published_point"}},{"type":"Feature","geometry":{"type":"Point","coordinates":[-105.282976,39.999699]},"properties":{"incident_id":"BFD201113-012308","incident_type":"High-angle rescue","call_type":"Auto-Aid Tech Rescue","category":"mountain","date":"2020-11-13","year":2020,"month":11,"hour":17,"weekday":4,"is_weekend":false,"location_name":"","precision":"published_point"}},{"type":"Feature","geometry":{"type":"Point","coordinates":[-105.282976,39.999699]},"properties":{"incident_id":"BFD201117-012438","incident_type":"Auto-Aid Tech Rescue","call_type":"Auto-Aid Tech Rescue","category":"mountain","date":"2020-11-17","year":2020,"month":11,"hour":11,"weekday":1,"is_weekend":false,"location_name":"","precision":"published_point"}},{"type":"Feature","geometry":{"type":"Point","coordinates":[-105.282976,39.999699]},"properties":{"incident_id":"BFD201121-012590","incident_type":"Auto-Aid Tech Rescue","call_type":"Auto-Aid Tech Rescue","category":"mountain","date":"2020-11-21","year":2020,"month":11,"hour":18,"weekday":5,"is_weekend":true,"location_name":"","precision":"published_point"}},{"type":"Feature","geometry":{"type":"Point","coordinates":[-105.281902,39.999959]},"properties":{"incident_id":"BFD201124-012675","incident_type":"Dispatched & cancelled en route","call_type":"Auto-Aid Tech Rescue","category":"mountain","date":"2020-11-24","year":2020,"month":11,"hour":11,"weekday":1,"is_weekend":false,"location_name":"","precision":"published_point"}},{"type":"Feature","geometry":{"type":"Point","coordinates":[-105.282976,39.999699]},"properties":{"incident_id":"BFD201126-012737","incident_type":"Auto-Aid Tech Rescue","call_type":"Auto-Aid Tech Rescue","category":"mountain","date":"2020-11-26","year":2020,"month":11,"hour":8,"weekday":3,"is_weekend":false,"location_name":"","precision":"published_point"}},{"type":"Feature","geometry":{"type":"Point","coordinates":[-105.24752,40.029203]},"properties":{"incident_id":"BFD201202-012887","incident_type":"Medical assist, assist EMS crew","call_type":"Water Rescue","category":"water","date":"2020-12-02","year":2020,"month":12,"hour":0,"weekday":2,"is_weekend":false,"location_name":"","precision":"published_point"}},{"type":"Feature","geometry":{"type":"Point","coordinates":[-105.256174,40.028617]},"properties":{"incident_id":"BFD201203-012944","incident_type":"High-angle rescue","call_type":"Fall and Injury","category":"mountain","date":"2020-12-03","year":2020,"month":12,"hour":14,"weekday":3,"is_weekend":false,"location_name":"","precision":"published_point"}},{"type":"Feature","geometry":{"type":"Point","coordinates":[-105.281902,39.999959]},"properties":{"incident_id":"BFD201208-013090","incident_type":"Dispatched & cancelled en route","call_type":"Auto-Aid Tech Rescue","category":"mountain","date":"2020-12-08","year":2020,"month":12,"hour":11,"weekday":1,"is_weekend":false,"location_name":"","precision":"published_point"}},{"type":"Feature","geometry":{"type":"Point","coordinates":[-105.276211,39.978341]},"properties":{"incident_id":"BFD201215-013322","incident_type":"Rescue","call_type":"Rescue","category":"mountain","date":"2020-12-15","year":2020,"month":12,"hour":17,"weekday":1,"is_weekend":false,"location_name":"","precision":"published_point"}},{"type":"Feature","geometry":{"type":"Point","coordinates":[-105.257907,39.965171]},"properties":{"incident_id":"BFD201218-013421","incident_type":"Dispatched & cancelled en route","call_type":"Auto-Aid Tech Rescue","category":"mountain","date":"2020-12-18","year":2020,"month":12,"hour":10,"weekday":4,"is_weekend":false,"location_name":"","precision":"published_point"}},{"type":"Feature","geometry":{"type":"Point","coordinates":[-105.300229,39.959069]},"properties":{"incident_id":"BFD201227-013708","incident_type":"Medical assist, assist EMS crew","call_type":"Rescue","category":"mountain","date":"2020-12-27","year":2020,"month":12,"hour":17,"weekday":6,"is_weekend":true,"location_name":"","precision":"published_point"}},{"type":"Feature","geometry":{"type":"Point","coordinates":[-105.282976,39.999699]},"properties":{"incident_id":"BFD210102-000057","incident_type":"Auto-Aid Tech Rescue","call_type":"Auto-Aid Tech Rescue","category":"mountain","date":"2021-01-02","year":2021,"month":1,"hour":11,"weekday":5,"is_weekend":true,"location_name":"","precision":"published_point"}},{"type":"Feature","geometry":{"type":"Point","coordinates":[-105.282976,39.999699]},"properties":{"incident_id":"BFD210103-000099","incident_type":"Auto-Aid Tech Rescue","call_type":"Auto-Aid Tech Rescue","category":"mountain","date":"2021-01-03","year":2021,"month":1,"hour":17,"weekday":6,"is_weekend":true,"location_name":"","precision":"published_point"}},{"type":"Feature","geometry":{"type":"Point","coordinates":[-105.231232,39.982661]},"properties":{"incident_id":"BFD210130-001105","incident_type":"Ice rescue","call_type":"Water Rescue","category":"water","date":"2021-01-30","year":2021,"month":1,"hour":9,"weekday":5,"is_weekend":true,"location_name":"","precision":"published_point"}},{"type":"Feature","geometry":{"type":"Point","coordinates":[-105.282976,39.999699]},"properties":{"incident_id":"BFD210207-001355","incident_type":"Auto-Aid Tech Rescue","call_type":"Auto-Aid Tech Rescue","category":"mountain","date":"2021-02-07","year":2021,"month":2,"hour":17,"weekday":6,"is_weekend":true,"location_name":"","precision":"published_point"}},{"type":"Feature","geometry":{"type":"Point","coordinates":[-105.231232,39.982661]},"properties":{"incident_id":"BFD210210-001459","incident_type":"Ice rescue","call_type":"Water Rescue","category":"water","date":"2021-02-10","year":2021,"month":2,"hour":7,"weekday":2,"is_weekend":false,"location_name":"","precision":"published_point"}},{"type":"Feature","geometry":{"type":"Point","coordinates":[-105.231232,39.982661]},"properties":{"incident_id":"BFD210210-001472","incident_type":"Water Rescue","call_type":"Water Rescue","category":"water","date":"2021-02-10","year":2021,"month":2,"hour":16,"weekday":2,"is_weekend":false,"location_name":"","precision":"published_point"}},{"type":"Feature","geometry":{"type":"Point","coordinates":[-105.207048,40.085836]},"properties":{"incident_id":"BFD210304-002439","incident_type":"Ice rescue","call_type":"Water Rescue","category":"water","date":"2021-03-04","year":2021,"month":3,"hour":12,"weekday":3,"is_weekend":false,"location_name":"","precision":"published_point"}},{"type":"Feature","geometry":{"type":"Point","coordinates":[-105.282976,39.999699]},"properties":{"incident_id":"BFD210320-003048","incident_type":"Auto-Aid Tech Rescue","call_type":"Auto-Aid Tech Rescue","category":"mountain","date":"2021-03-20","year":2021,"month":3,"hour":10,"weekday":5,"is_weekend":true,"location_name":"","precision":"published_point"}},{"type":"Feature","geometry":{"type":"Point","coordinates":[-105.282976,39.999699]},"properties":{"incident_id":"BFD210421-004216","incident_type":"Auto-Aid Tech Rescue","call_type":"Auto-Aid Tech Rescue","category":"mountain","date":"2021-04-21","year":2021,"month":4,"hour":7,"weekday":2,"is_weekend":false,"location_name":"","precision":"published_point"}},{"type":"Feature","geometry":{"type":"Point","coordinates":[-105.282976,39.999699]},"properties":{"incident_id":"BFD210425-004380","incident_type":"Dispatched & cancelled en route","call_type":"Auto-Aid Tech Rescue","category":"mountain","date":"2021-04-25","year":2021,"month":4,"hour":13,"weekday":6,"is_weekend":true,"location_name":"","precision":"published_point"}},{"type":"Feature","geometry":{"type":"Point","coordinates":[-105.300229,39.959069]},"properties":{"incident_id":"BFD210501-004614","incident_type":"Auto-Aid Tech Rescue","call_type":"Auto-Aid Tech Rescue","category":"mountain","date":"2021-05-01","year":2021,"month":5,"hour":14,"weekday":5,"is_weekend":true,"location_name":"","precision":"published_point"}},{"type":"Feature","geometry":{"type":"Point","coordinates":[-105.300229,39.959069]},"properties":{"incident_id":"BFD210505-004750","incident_type":"Auto-Aid Tech Rescue","call_type":"Auto-Aid Tech Rescue","category":"mountain","date":"2021-05-05","year":2021,"month":5,"hour":12,"weekday":2,"is_weekend":false,"location_name":"","precision":"published_point"}},{"type":"Feature","geometry":{"type":"Point","coordinates":[-105.282976,39.999699]},"properties":{"incident_id":"BFD210526-005497","incident_type":"Auto-Aid Tech Rescue","call_type":"Auto-Aid Tech Rescue","category":"mountain","date":"2021-05-26","year":2021,"month":5,"hour":8,"weekday":2,"is_weekend":false,"location_name":"","precision":"published_point"}},{"type":"Feature","geometry":{"type":"Point","coordinates":[-105.300229,39.959069]},"properties":{"incident_id":"BFD210604-005833","incident_type":"Auto-Aid Tech Rescue","call_type":"Auto-Aid Tech Rescue","category":"mountain","date":"2021-06-04","year":2021,"month":6,"hour":13,"weekday":4,"is_weekend":false,"location_name":"","precision":"published_point"}},{"type":"Feature","geometry":{"type":"Point","coordinates":[-105.254027,40.013984]},"properties":{"incident_id":"BFD210605-005876","incident_type":"Water Rescue","call_type":"Water Rescue","category":"water","date":"2021-06-05","year":2021,"month":6,"hour":11,"weekday":5,"is_weekend":true,"location_name":"","precision":"published_point"}},{"type":"Feature","geometry":{"type":"Point","coordinates":[-105.291325,40.014518]},"properties":{"incident_id":"BFD210605-005888","incident_type":"Water Rescue","call_type":"Water Rescue","category":"water","date":"2021-06-05","year":2021,"month":6,"hour":16,"weekday":5,"is_weekend":true,"location_name":"","precision":"published_point"}},{"type":"Feature","geometry":{"type":"Point","coordinates":[-105.282976,39.999699]},"properties":{"incident_id":"BFD210606-005922","incident_type":"Auto-Aid Tech Rescue","call_type":"Auto-Aid Tech Rescue","category":"mountain","date":"2021-06-06","year":2021,"month":6,"hour":16,"weekday":6,"is_weekend":true,"location_name":"","precision":"published_point"}},{"type":"Feature","geometry":{"type":"Point","coordinates":[-105.267011,39.976794]},"properties":{"incident_id":"BFD210606-005923","incident_type":"Auto-Aid Tech Rescue","call_type":"Auto-Aid Tech Rescue","category":"mountain","date":"2021-06-06","year":2021,"month":6,"hour":17,"weekday":6,"is_weekend":true,"location_name":"","precision":"published_point"}},{"type":"Feature","geometry":{"type":"Point","coordinates":[-105.293969,40.012954]},"properties":{"incident_id":"BFD210612-006153","incident_type":"Water Rescue","call_type":"Water Rescue","category":"water","date":"2021-06-12","year":2021,"month":6,"hour":15,"weekday":5,"is_weekend":true,"location_name":"","precision":"published_point"}},{"type":"Feature","geometry":{"type":"Point","coordinates":[-105.320639,40.014786]},"properties":{"incident_id":"BFD210612-006154","incident_type":"Auto-Aid Water Rescue","call_type":"Auto-Aid Water Rescue","category":"water","date":"2021-06-12","year":2021,"month":6,"hour":17,"weekday":5,"is_weekend":true,"location_name":"","precision":"published_point"}},{"type":"Feature","geometry":{"type":"Point","coordinates":[-105.300229,39.959069]},"properties":{"incident_id":"BFD210619-006440","incident_type":"Auto-Aid Tech Rescue","call_type":"Auto-Aid Tech Rescue","category":"mountain","date":"2021-06-19","year":2021,"month":6,"hour":10,"weekday":5,"is_weekend":true,"location_name":"","precision":"published_point"}},{"type":"Feature","geometry":{"type":"Point","coordinates":[-105.282976,39.999699]},"properties":{"incident_id":"BFD210623-006631","incident_type":"Auto-Aid Tech Rescue","call_type":"Auto-Aid Tech Rescue","category":"mountain","date":"2021-06-23","year":2021,"month":6,"hour":20,"weekday":2,"is_weekend":false,"location_name":"","precision":"published_point"}},{"type":"Feature","geometry":{"type":"Point","coordinates":[-105.27049,40.017216]},"properties":{"incident_id":"BFD210624-006660","incident_type":"Water Rescue","call_type":"Water Rescue","category":"water","date":"2021-06-24","year":2021,"month":6,"hour":17,"weekday":3,"is_weekend":false,"location_name":"","precision":"published_point"}},{"type":"Feature","geometry":{"type":"Point","coordinates":[-105.276211,39.978341]},"properties":{"incident_id":"BFD210703-007017","incident_type":"Auto-Aid Tech Rescue","call_type":"Auto-Aid Tech Rescue","category":"mountain","date":"2021-07-03","year":2021,"month":7,"hour":12,"weekday":5,"is_weekend":true,"location_name":"","precision":"published_point"}},{"type":"Feature","geometry":{"type":"Point","coordinates":[-105.282976,39.999699]},"properties":{"incident_id":"BFD210703-007021","incident_type":"Auto-Aid Tech Rescue","call_type":"Auto-Aid Tech Rescue","category":"mountain","date":"2021-07-03","year":2021,"month":7,"hour":14,"weekday":5,"is_weekend":true,"location_name":"","precision":"published_point"}},{"type":"Feature","geometry":{"type":"Point","coordinates":[-105.271755,40.223609]},"properties":{"incident_id":"BFD210704-007078","incident_type":"Water Rescue","call_type":"Water Rescue","category":"water","date":"2021-07-04","year":2021,"month":7,"hour":19,"weekday":6,"is_weekend":true,"location_name":"","precision":"published_point"}},{"type":"Feature","geometry":{"type":"Point","coordinates":[-105.282976,39.999699]},"properties":{"incident_id":"BFD210707-007205","incident_type":"Auto-Aid Tech Rescue","call_type":"Auto-Aid Tech Rescue","category":"mountain","date":"2021-07-07","year":2021,"month":7,"hour":17,"weekday":2,"is_weekend":false,"location_name":"","precision":"published_point"}},{"type":"Feature","geometry":{"type":"Point","coordinates":[-105.282976,39.999699]},"properties":{"incident_id":"BFD210709-007289","incident_type":"Auto-Aid Tech Rescue","call_type":"Auto-Aid Tech Rescue","category":"mountain","date":"2021-07-09","year":2021,"month":7,"hour":13,"weekday":4,"is_weekend":false,"location_name":"","precision":"published_point"}},{"type":"Feature","geometry":{"type":"Point","coordinates":[-105.231949,40.071413]},"properties":{"incident_id":"BFD210710-007337","incident_type":"Water Rescue","call_type":"Water Rescue","category":"water","date":"2021-07-10","year":2021,"month":7,"hour":12,"weekday":5,"is_weekend":true,"location_name":"","precision":"published_point"}},{"type":"Feature","geometry":{"type":"Point","coordinates":[-105.297009,40.020368]},"properties":{"incident_id":"BFD210713-007468","incident_type":"Auto-Aid Tech Rescue","call_type":"Auto-Aid Tech Rescue","category":"mountain","date":"2021-07-13","year":2021,"month":7,"hour":10,"weekday":1,"is_weekend":false,"location_name":"","precision":"published_point"}},{"type":"Feature","geometry":{"type":"Point","coordinates":[-105.281647,39.991697]},"properties":{"incident_id":"BFD210717-007625","incident_type":"Auto-Aid Tech Rescue","call_type":"Auto-Aid Tech Rescue","category":"mountain","date":"2021-07-17","year":2021,"month":7,"hour":13,"weekday":5,"is_weekend":true,"location_name":"","precision":"published_point"}},{"type":"Feature","geometry":{"type":"Point","coordinates":[-105.300229,39.959069]},"properties":{"incident_id":"BFD210723-007844","incident_type":"Auto-Aid Tech Rescue","call_type":"Auto-Aid Tech Rescue","category":"mountain","date":"2021-07-23","year":2021,"month":7,"hour":12,"weekday":4,"is_weekend":false,"location_name":"","precision":"published_point"}},{"type":"Feature","geometry":{"type":"Point","coordinates":[-105.300229,39.959069]},"properties":{"incident_id":"BFD210727-008048","incident_type":"Auto-Aid Tech Rescue","call_type":"Auto-Aid Tech Rescue","category":"mountain","date":"2021-07-27","year":2021,"month":7,"hour":14,"weekday":1,"is_weekend":false,"location_name":"","precision":"published_point"}},{"type":"Feature","geometry":{"type":"Point","coordinates":[-105.282976,39.999699]},"properties":{"incident_id":"BFD210731-008238","incident_type":"Auto-Aid Tech Rescue","call_type":"Auto-Aid Tech Rescue","category":"mountain","date":"2021-07-31","year":2021,"month":7,"hour":13,"weekday":5,"is_weekend":true,"location_name":"","precision":"published_point"}},{"type":"Feature","geometry":{"type":"Point","coordinates":[-105.23748,39.985649]},"properties":{"incident_id":"BFD210803-008338","incident_type":"Rescue","call_type":"Rescue","category":"mountain","date":"2021-08-03","year":2021,"month":8,"hour":14,"weekday":1,"is_weekend":false,"location_name":"","precision":"published_point"}},{"type":"Feature","geometry":{"type":"Point","coordinates":[-105.300229,39.959069]},"properties":{"incident_id":"BFD210814-008846","incident_type":"Auto-Aid Tech Rescue","call_type":"Auto-Aid Tech Rescue","category":"mountain","date":"2021-08-14","year":2021,"month":8,"hour":14,"weekday":5,"is_weekend":true,"location_name":"","precision":"published_point"}},{"type":"Feature","geometry":{"type":"Point","coordinates":[-105.254027,40.013984]},"properties":{"incident_id":"BFD210818-009040","incident_type":"Water Rescue","call_type":"Water Rescue","category":"water","date":"2021-08-18","year":2021,"month":8,"hour":10,"weekday":2,"is_weekend":false,"location_name":"","precision":"published_point"}},{"type":"Feature","geometry":{"type":"Point","coordinates":[-105.300229,39.959069]},"properties":{"incident_id":"BFD210821-009205","incident_type":"Auto-Aid Tech Rescue","call_type":"Auto-Aid Tech Rescue","category":"mountain","date":"2021-08-21","year":2021,"month":8,"hour":12,"weekday":5,"is_weekend":true,"location_name":"","precision":"published_point"}},{"type":"Feature","geometry":{"type":"Point","coordinates":[-105.282976,39.999699]},"properties":{"incident_id":"BFD210824-009336","incident_type":"Auto-Aid Tech Rescue","call_type":"Auto-Aid Tech Rescue","category":"mountain","date":"2021-08-24","year":2021,"month":8,"hour":6,"weekday":1,"is_weekend":false,"location_name":"","precision":"published_point"}},{"type":"Feature","geometry":{"type":"Point","coordinates":[-105.281985,40.013556]},"properties":{"incident_id":"BFD210824-009361","incident_type":"Rescue","call_type":"Rescue","category":"mountain","date":"2021-08-24","year":2021,"month":8,"hour":16,"weekday":1,"is_weekend":false,"location_name":"","precision":"published_point"}},{"type":"Feature","geometry":{"type":"Point","coordinates":[-105.241397,39.972754]},"properties":{"incident_id":"BFD210831-009721","incident_type":"Rescue","call_type":"Rescue","category":"mountain","date":"2021-08-31","year":2021,"month":8,"hour":14,"weekday":1,"is_weekend":false,"location_name":"","precision":"published_point"}},{"type":"Feature","geometry":{"type":"Point","coordinates":[-105.153682,40.18448]},"properties":{"incident_id":"BFD210907-010055","incident_type":"Auto-Aid Tech Rescue","call_type":"Auto-Aid Tech Rescue","category":"mountain","date":"2021-09-07","year":2021,"month":9,"hour":12,"weekday":1,"is_weekend":false,"location_name":"","precision":"published_point"}},{"type":"Feature","geometry":{"type":"Point","coordinates":[-105.293969,40.012954]},"properties":{"incident_id":"BFD210910-010207","incident_type":"Water Rescue","call_type":"Water Rescue","category":"water","date":"2021-09-10","year":2021,"month":9,"hour":16,"weekday":4,"is_weekend":false,"location_name":"","precision":"published_point"}},{"type":"Feature","geometry":{"type":"Point","coordinates":[-105.304545,39.999542]},"properties":{"incident_id":"BFD210911-010253","incident_type":"Auto-Aid Tech Rescue","call_type":"Auto-Aid Tech Rescue","category":"mountain","date":"2021-09-11","year":2021,"month":9,"hour":10,"weekday":5,"is_weekend":true,"location_name":"","precision":"published_point"}},{"type":"Feature","geometry":{"type":"Point","coordinates":[-105.282976,39.999699]},"properties":{"incident_id":"BFD210918-010669","incident_type":"Auto-Aid Tech Rescue","call_type":"Auto-Aid Tech Rescue","category":"mountain","date":"2021-09-18","year":2021,"month":9,"hour":20,"weekday":5,"is_weekend":true,"location_name":"","precision":"published_point"}},{"type":"Feature","geometry":{"type":"Point","coordinates":[-105.300229,39.959069]},"properties":{"incident_id":"BFD211003-011389","incident_type":"Auto-Aid Tech Rescue","call_type":"Auto-Aid Tech Rescue","category":"mountain","date":"2021-10-03","year":2021,"month":10,"hour":9,"weekday":6,"is_weekend":true,"location_name":"","precision":"published_point"}},{"type":"Feature","geometry":{"type":"Point","coordinates":[-105.300229,39.959069]},"properties":{"incident_id":"BFD211005-011504","incident_type":"Auto-Aid Tech Rescue","call_type":"Auto-Aid Tech Rescue","category":"mountain","date":"2021-10-05","year":2021,"month":10,"hour":12,"weekday":1,"is_weekend":false,"location_name":"","precision":"published_point"}},{"type":"Feature","geometry":{"type":"Point","coordinates":[-105.300229,39.959069]},"properties":{"incident_id":"BFD211005-011505","incident_type":"Auto-Aid Tech Rescue","call_type":"Auto-Aid Tech Rescue","category":"mountain","date":"2021-10-05","year":2021,"month":10,"hour":12,"weekday":1,"is_weekend":false,"location_name":"","precision":"published_point"}},{"type":"Feature","geometry":{"type":"Point","coordinates":[-105.250266,40.017929]},"properties":{"incident_id":"BFD211006-011564","incident_type":"Rescue","call_type":"Rescue","category":"mountain","date":"2021-10-06","year":2021,"month":10,"hour":12,"weekday":2,"is_weekend":false,"location_name":"","precision":"published_point"}},{"type":"Feature","geometry":{"type":"Point","coordinates":[-105.294728,40.006434]},"properties":{"incident_id":"BFD211006-011571","incident_type":"Rescue","call_type":"Rescue","category":"mountain","date":"2021-10-06","year":2021,"month":10,"hour":14,"weekday":2,"is_weekend":false,"location_name":"","precision":"published_point"}},{"type":"Feature","geometry":{"type":"Point","coordinates":[-105.300229,39.959069]},"properties":{"incident_id":"BFD211010-011773","incident_type":"Auto-Aid Tech Rescue","call_type":"Auto-Aid Tech Rescue","category":"mountain","date":"2021-10-10","year":2021,"month":10,"hour":16,"weekday":6,"is_weekend":true,"location_name":"","precision":"published_point"}},{"type":"Feature","geometry":{"type":"Point","coordinates":[-105.267011,39.976794]},"properties":{"incident_id":"BFD211023-012358","incident_type":"Auto-Aid Tech Rescue","call_type":"Auto-Aid Tech Rescue","category":"mountain","date":"2021-10-23","year":2021,"month":10,"hour":12,"weekday":5,"is_weekend":true,"location_name":"","precision":"published_point"}},{"type":"Feature","geometry":{"type":"Point","coordinates":[-105.300229,39.959069]},"properties":{"incident_id":"BFD211027-012534","incident_type":"Auto-Aid Tech Rescue","call_type":"Auto-Aid Tech Rescue","category":"mountain","date":"2021-10-27","year":2021,"month":10,"hour":18,"weekday":2,"is_weekend":false,"location_name":"","precision":"published_point"}},{"type":"Feature","geometry":{"type":"Point","coordinates":[-105.300229,39.959069]},"properties":{"incident_id":"BFD211029-012631","incident_type":"Auto-Aid Tech Rescue","call_type":"Auto-Aid Tech Rescue","category":"mountain","date":"2021-10-29","year":2021,"month":10,"hour":13,"weekday":4,"is_weekend":false,"location_name":"","precision":"published_point"}},{"type":"Feature","geometry":{"type":"Point","coordinates":[-105.282976,39.999699]},"properties":{"incident_id":"BFD211127-013842","incident_type":"Auto-Aid Tech Rescue","call_type":"Auto-Aid Tech Rescue","category":"mountain","date":"2021-11-27","year":2021,"month":11,"hour":17,"weekday":5,"is_weekend":true,"location_name":"","precision":"published_point"}},{"type":"Feature","geometry":{"type":"Point","coordinates":[-105.282976,39.999699]},"properties":{"incident_id":"BFD211219-014865","incident_type":"Auto-Aid Tech Rescue","call_type":"Auto-Aid Tech Rescue","category":"mountain","date":"2021-12-19","year":2021,"month":12,"hour":12,"weekday":6,"is_weekend":true,"location_name":"","precision":"published_point"}},{"type":"Feature","geometry":{"type":"Point","coordinates":[-105.300229,39.959069]},"properties":{"incident_id":"BFD211222-014979","incident_type":"Auto-Aid Tech Rescue","call_type":"Auto-Aid Tech Rescue","category":"mountain","date":"2021-12-22","year":2021,"month":12,"hour":7,"weekday":2,"is_weekend":false,"location_name":"","precision":"published_point"}},{"type":"Feature","geometry":{"type":"Point","coordinates":[-105.304545,39.999542]},"properties":{"incident_id":"BFD211222-014988","incident_type":"Auto-Aid Tech Rescue","call_type":"Auto-Aid Tech Rescue","category":"mountain","date":"2021-12-22","year":2021,"month":12,"hour":12,"weekday":2,"is_weekend":false,"location_name":"","precision":"published_point"}},{"type":"Feature","geometry":{"type":"Point","coordinates":[-105.300229,39.959069]},"properties":{"incident_id":"BFD211223-015028","incident_type":"Auto-Aid Tech Rescue","call_type":"Auto-Aid Tech Rescue","category":"mountain","date":"2021-12-23","year":2021,"month":12,"hour":16,"weekday":3,"is_weekend":false,"location_name":"","precision":"published_point"}},{"type":"Feature","geometry":{"type":"Point","coordinates":[-105.282976,39.999699]},"properties":{"incident_id":"BFD211230-015341","incident_type":"Auto-Aid Tech Rescue","call_type":"Auto-Aid Tech Rescue","category":"mountain","date":"2021-12-30","year":2021,"month":12,"hour":14,"weekday":3,"is_weekend":false,"location_name":"","precision":"published_point"}},{"type":"Feature","geometry":{"type":"Point","coordinates":[-105.282976,39.999699]},"properties":{"incident_id":"BFD220108-000314","incident_type":"Auto-Aid Tech Rescue","call_type":"Auto-Aid Tech Rescue","category":"mountain","date":"2022-01-08","year":2022,"month":1,"hour":13,"weekday":5,"is_weekend":true,"location_name":"","precision":"published_point"}},{"type":"Feature","geometry":{"type":"Point","coordinates":[-105.282976,39.999699]},"properties":{"incident_id":"BFD220312-003090","incident_type":"Auto-Aid Tech Rescue","call_type":"Auto-Aid Tech Rescue","category":"mountain","date":"2022-03-12","year":2022,"month":3,"hour":15,"weekday":5,"is_weekend":true,"location_name":"","precision":"published_point"}},{"type":"Feature","geometry":{"type":"Point","coordinates":[-105.207048,40.085836]},"properties":{"incident_id":"BFD220312-003096","incident_type":"Water Rescue","call_type":"Water Rescue","category":"water","date":"2022-03-12","year":2022,"month":3,"hour":17,"weekday":5,"is_weekend":true,"location_name":"","precision":"published_point"}},{"type":"Feature","geometry":{"type":"Point","coordinates":[-105.254752,40.029262]},"properties":{"incident_id":"BFD220318-003336","incident_type":"Water Rescue","call_type":"Water Rescue","category":"water","date":"2022-03-18","year":2022,"month":3,"hour":13,"weekday":4,"is_weekend":false,"location_name":"","precision":"published_point"}},{"type":"Feature","geometry":{"type":"Point","coordinates":[-105.282976,39.999699]},"properties":{"incident_id":"BFD220324-003555","incident_type":"Auto-Aid Tech Rescue","call_type":"Auto-Aid Tech Rescue","category":"mountain","date":"2022-03-24","year":2022,"month":3,"hour":20,"weekday":3,"is_weekend":false,"location_name":"","precision":"published_point"}},{"type":"Feature","geometry":{"type":"Point","coordinates":[-105.300229,39.959069]},"properties":{"incident_id":"BFD220402-003926","incident_type":"Auto-Aid Tech Rescue","call_type":"Auto-Aid Tech Rescue","category":"mountain","date":"2022-04-02","year":2022,"month":4,"hour":15,"weekday":5,"is_weekend":true,"location_name":"","precision":"published_point"}},{"type":"Feature","geometry":{"type":"Point","coordinates":[-105.300229,39.959069]},"properties":{"incident_id":"BFD220405-004040","incident_type":"Auto-Aid Tech Rescue","call_type":"Auto-Aid Tech Rescue","category":"mountain","date":"2022-04-05","year":2022,"month":4,"hour":11,"weekday":1,"is_weekend":false,"location_name":"","precision":"published_point"}},{"type":"Feature","geometry":{"type":"Point","coordinates":[-105.282976,39.999699]},"properties":{"incident_id":"BFD220407-004146","incident_type":"Auto-Aid Tech Rescue","call_type":"Auto-Aid Tech Rescue","category":"mountain","date":"2022-04-07","year":2022,"month":4,"hour":19,"weekday":3,"is_weekend":false,"location_name":"","precision":"published_point"}},{"type":"Feature","geometry":{"type":"Point","coordinates":[-105.300229,39.959069]},"properties":{"incident_id":"BFD220416-004538","incident_type":"Auto-Aid Tech Rescue","call_type":"Auto-Aid Tech Rescue","category":"mountain","date":"2022-04-16","year":2022,"month":4,"hour":14,"weekday":5,"is_weekend":true,"location_name":"","precision":"published_point"}},{"type":"Feature","geometry":{"type":"Point","coordinates":[-105.282976,39.999699]},"properties":{"incident_id":"BFD220416-004540","incident_type":"Auto-Aid Tech Rescue","call_type":"Auto-Aid Tech Rescue","category":"mountain","date":"2022-04-16","year":2022,"month":4,"hour":15,"weekday":5,"is_weekend":true,"location_name":"","precision":"published_point"}},{"type":"Feature","geometry":{"type":"Point","coordinates":[-105.300229,39.959069]},"properties":{"incident_id":"BFD220416-004545","incident_type":"Auto-Aid Tech Rescue","call_type":"Auto-Aid Tech Rescue","category":"mountain","date":"2022-04-16","year":2022,"month":4,"hour":17,"weekday":5,"is_weekend":true,"location_name":"","precision":"published_point"}},{"type":"Feature","geometry":{"type":"Point","coordinates":[-105.300229,39.959069]},"properties":{"incident_id":"BFD220416-004547","incident_type":"Auto-Aid Tech Rescue","call_type":"Auto-Aid Tech Rescue","category":"mountain","date":"2022-04-16","year":2022,"month":4,"hour":18,"weekday":5,"is_weekend":true,"location_name":"","precision":"published_point"}},{"type":"Feature","geometry":{"type":"Point","coordinates":[-105.282976,39.999699]},"properties":{"incident_id":"BFD220430-005156","incident_type":"Auto-Aid Tech Rescue","call_type":"Auto-Aid Tech Rescue","category":"mountain","date":"2022-04-30","year":2022,"month":4,"hour":11,"weekday":5,"is_weekend":true,"location_name":"","precision":"published_point"}},{"type":"Feature","geometry":{"type":"Point","coordinates":[-105.282976,39.999699]},"properties":{"incident_id":"BFD220430-005162","incident_type":"Auto-Aid Tech Rescue","call_type":"Auto-Aid Tech Rescue","category":"mountain","date":"2022-04-30","year":2022,"month":4,"hour":13,"weekday":5,"is_weekend":true,"location_name":"","precision":"published_point"}},{"type":"Feature","geometry":{"type":"Point","coordinates":[-105.282976,39.999699]},"properties":{"incident_id":"BFD220430-005164","incident_type":"Auto-Aid Tech Rescue","call_type":"Auto-Aid Tech Rescue","category":"mountain","date":"2022-04-30","year":2022,"month":4,"hour":16,"weekday":5,"is_weekend":true,"location_name":"","precision":"published_point"}},{"type":"Feature","geometry":{"type":"Point","coordinates":[-105.300229,39.959069]},"properties":{"incident_id":"BFD220501-005205","incident_type":"Auto-Aid Tech Rescue","call_type":"Auto-Aid Tech Rescue","category":"mountain","date":"2022-05-01","year":2022,"month":5,"hour":15,"weekday":6,"is_weekend":true,"location_name":"","precision":"published_point"}},{"type":"Feature","geometry":{"type":"Point","coordinates":[-105.315769,39.991169]},"properties":{"incident_id":"BFD220509-005583","incident_type":"Auto-Aid Tech Rescue","call_type":"Auto-Aid Tech Rescue","category":"mountain","date":"2022-05-09","year":2022,"month":5,"hour":15,"weekday":0,"is_weekend":false,"location_name":"","precision":"published_point"}},{"type":"Feature","geometry":{"type":"Point","coordinates":[-105.282976,39.999699]},"properties":{"incident_id":"BFD220510-005620","incident_type":"Auto-Aid Tech Rescue","call_type":"Auto-Aid Tech Rescue","category":"mountain","date":"2022-05-10","year":2022,"month":5,"hour":12,"weekday":1,"is_weekend":false,"location_name":"","precision":"published_point"}},{"type":"Feature","geometry":{"type":"Point","coordinates":[-105.281902,39.999959]},"properties":{"incident_id":"BFD220514-005786","incident_type":"Auto-Aid Tech Rescue","call_type":"Auto-Aid Tech Rescue","category":"mountain","date":"2022-05-14","year":2022,"month":5,"hour":12,"weekday":5,"is_weekend":true,"location_name":"","precision":"published_point"}},{"type":"Feature","geometry":{"type":"Point","coordinates":[-105.300229,39.959069]},"properties":{"incident_id":"BFD220518-005945","incident_type":"Auto-Aid Tech Rescue","call_type":"Auto-Aid Tech Rescue","category":"mountain","date":"2022-05-18","year":2022,"month":5,"hour":12,"weekday":2,"is_weekend":false,"location_name":"","precision":"published_point"}},{"type":"Feature","geometry":{"type":"Point","coordinates":[-105.300229,39.959069]},"properties":{"incident_id":"BFD220522-006173","incident_type":"Auto-Aid Tech Rescue","call_type":"Auto-Aid Tech Rescue","category":"mountain","date":"2022-05-22","year":2022,"month":5,"hour":11,"weekday":6,"is_weekend":true,"location_name":"","precision":"published_point"}},{"type":"Feature","geometry":{"type":"Point","coordinates":[-105.300229,39.959069]},"properties":{"incident_id":"BFD220527-006363","incident_type":"Auto-Aid Tech Rescue","call_type":"Auto-Aid Tech Rescue","category":"mountain","date":"2022-05-27","year":2022,"month":5,"hour":8,"weekday":4,"is_weekend":false,"location_name":"","precision":"published_point"}},{"type":"Feature","geometry":{"type":"Point","coordinates":[-105.315876,40.033497]},"properties":{"incident_id":"BFD220605-006753","incident_type":"Auto-Aid Tech Rescue","call_type":"Auto-Aid Tech Rescue","category":"mountain","date":"2022-06-05","year":2022,"month":6,"hour":11,"weekday":6,"is_weekend":true,"location_name":"","precision":"published_point"}},{"type":"Feature","geometry":{"type":"Point","coordinates":[-105.281902,39.999959]},"properties":{"incident_id":"BFD220610-006963","incident_type":"Rescue","call_type":"Rescue","category":"mountain","date":"2022-06-10","year":2022,"month":6,"hour":14,"weekday":4,"is_weekend":false,"location_name":"","precision":"published_point"}},{"type":"Feature","geometry":{"type":"Point","coordinates":[-105.256266,39.939513]},"properties":{"incident_id":"BFD220615-007220","incident_type":"Auto-Aid Tech Rescue","call_type":"Auto-Aid Tech Rescue","category":"mountain","date":"2022-06-15","year":2022,"month":6,"hour":14,"weekday":2,"is_weekend":false,"location_name":"","precision":"published_point"}},{"type":"Feature","geometry":{"type":"Point","coordinates":[-105.282976,39.999699]},"properties":{"incident_id":"BFD220618-007406","incident_type":"Auto-Aid Tech Rescue","call_type":"Auto-Aid Tech Rescue","category":"mountain","date":"2022-06-18","year":2022,"month":6,"hour":15,"weekday":5,"is_weekend":true,"location_name":"","precision":"published_point"}},{"type":"Feature","geometry":{"type":"Point","coordinates":[-105.231949,40.071413]},"properties":{"incident_id":"BFD220619-007482","incident_type":"Water Rescue","call_type":"Water Rescue","category":"water","date":"2022-06-19","year":2022,"month":6,"hour":14,"weekday":6,"is_weekend":true,"location_name":"","precision":"published_point"}},{"type":"Feature","geometry":{"type":"Point","coordinates":[-105.282976,39.999699]},"properties":{"incident_id":"BFD220625-007722","incident_type":"Auto-Aid Tech Rescue","call_type":"Auto-Aid Tech Rescue","category":"mountain","date":"2022-06-25","year":2022,"month":6,"hour":12,"weekday":5,"is_weekend":true,"location_name":"","precision":"published_point"}},{"type":"Feature","geometry":{"type":"Point","coordinates":[-105.300229,39.959069]},"properties":{"incident_id":"BFD220625-007730","incident_type":"Auto-Aid Tech Rescue","call_type":"Auto-Aid Tech Rescue","category":"mountain","date":"2022-06-25","year":2022,"month":6,"hour":16,"weekday":5,"is_weekend":true,"location_name":"","precision":"published_point"}},{"type":"Feature","geometry":{"type":"Point","coordinates":[-105.278133,39.97843]},"properties":{"incident_id":"BFD220626-007748","incident_type":"Auto-Aid Tech Rescue","call_type":"Auto-Aid Tech Rescue","category":"mountain","date":"2022-06-26","year":2022,"month":6,"hour":11,"weekday":6,"is_weekend":true,"location_name":"","precision":"published_point"}},{"type":"Feature","geometry":{"type":"Point","coordinates":[-105.282976,39.999699]},"properties":{"incident_id":"BFD220627-007789","incident_type":"Auto-Aid Tech Rescue","call_type":"Auto-Aid Tech Rescue","category":"mountain","date":"2022-06-27","year":2022,"month":6,"hour":10,"weekday":0,"is_weekend":false,"location_name":"","precision":"published_point"}},{"type":"Feature","geometry":{"type":"Point","coordinates":[-105.282976,39.999699]},"properties":{"incident_id":"BFD220703-008078","incident_type":"Auto-Aid Tech Rescue","call_type":"Auto-Aid Tech Rescue","category":"mountain","date":"2022-07-03","year":2022,"month":7,"hour":11,"weekday":6,"is_weekend":true,"location_name":"","precision":"published_point"}},{"type":"Feature","geometry":{"type":"Point","coordinates":[-105.282976,39.999699]},"properties":{"incident_id":"BFD220704-008108","incident_type":"Auto-Aid Tech Rescue","call_type":"Auto-Aid Tech Rescue","category":"mountain","date":"2022-07-04","year":2022,"month":7,"hour":9,"weekday":0,"is_weekend":false,"location_name":"","precision":"published_point"}},{"type":"Feature","geometry":{"type":"Point","coordinates":[-105.300229,39.959069]},"properties":{"incident_id":"BFD220710-008354","incident_type":"Auto-Aid Tech Rescue","call_type":"Auto-Aid Tech Rescue","category":"mountain","date":"2022-07-10","year":2022,"month":7,"hour":12,"weekday":6,"is_weekend":true,"location_name":"","precision":"published_point"}},{"type":"Feature","geometry":{"type":"Point","coordinates":[-105.287517,40.015241]},"properties":{"incident_id":"BFD220720-008814","incident_type":"Water Rescue","call_type":"Water Rescue","category":"water","date":"2022-07-20","year":2022,"month":7,"hour":14,"weekday":2,"is_weekend":false,"location_name":"","precision":"published_point"}},{"type":"Feature","geometry":{"type":"Point","coordinates":[-105.282976,39.999699]},"properties":{"incident_id":"BFD220728-009182","incident_type":"Auto-Aid Tech Rescue","call_type":"Auto-Aid Tech Rescue","category":"mountain","date":"2022-07-28","year":2022,"month":7,"hour":16,"weekday":3,"is_weekend":false,"location_name":"","precision":"published_point"}},{"type":"Feature","geometry":{"type":"Point","coordinates":[-105.300229,39.959069]},"properties":{"incident_id":"BFD220805-009525","incident_type":"Auto-Aid Tech Rescue","call_type":"Auto-Aid Tech Rescue","category":"mountain","date":"2022-08-05","year":2022,"month":8,"hour":11,"weekday":4,"is_weekend":false,"location_name":"","precision":"published_point"}},{"type":"Feature","geometry":{"type":"Point","coordinates":[-105.300229,39.959069]},"properties":{"incident_id":"BFD220806-009580","incident_type":"Auto-Aid Tech Rescue","call_type":"Auto-Aid Tech Rescue","category":"mountain","date":"2022-08-06","year":2022,"month":8,"hour":13,"weekday":5,"is_weekend":true,"location_name":"","precision":"published_point"}},{"type":"Feature","geometry":{"type":"Point","coordinates":[-105.315876,40.033497]},"properties":{"incident_id":"BFD220810-009773","incident_type":"Auto-Aid Tech Rescue","call_type":"Auto-Aid Tech Rescue","category":"mountain","date":"2022-08-10","year":2022,"month":8,"hour":13,"weekday":2,"is_weekend":false,"location_name":"","precision":"published_point"}},{"type":"Feature","geometry":{"type":"Point","coordinates":[-105.315876,40.033497]},"properties":{"incident_id":"BFD220814-009961","incident_type":"Auto-Aid Tech Rescue","call_type":"Auto-Aid Tech Rescue","category":"mountain","date":"2022-08-14","year":2022,"month":8,"hour":11,"weekday":6,"is_weekend":true,"location_name":"","precision":"published_point"}},{"type":"Feature","geometry":{"type":"Point","coordinates":[-105.282976,39.999699]},"properties":{"incident_id":"BFD220814-009976","incident_type":"Auto-Aid Tech Rescue","call_type":"Auto-Aid Tech Rescue","category":"mountain","date":"2022-08-14","year":2022,"month":8,"hour":20,"weekday":6,"is_weekend":true,"location_name":"","precision":"published_point"}},{"type":"Feature","geometry":{"type":"Point","coordinates":[-105.300229,39.959069]},"properties":{"incident_id":"BFD220905-011050","incident_type":"Auto-Aid Tech Rescue","call_type":"Auto-Aid Tech Rescue","category":"mountain","date":"2022-09-05","year":2022,"month":9,"hour":10,"weekday":0,"is_weekend":false,"location_name":"","precision":"published_point"}},{"type":"Feature","geometry":{"type":"Point","coordinates":[-105.275013,39.97915]},"properties":{"incident_id":"BFD220907-011148","incident_type":"Auto-Aid Tech Rescue","call_type":"Auto-Aid Tech Rescue","category":"mountain","date":"2022-09-07","year":2022,"month":9,"hour":13,"weekday":2,"is_weekend":false,"location_name":"","precision":"published_point"}},{"type":"Feature","geometry":{"type":"Point","coordinates":[-105.297009,40.020368]},"properties":{"incident_id":"BFD220908-011193","incident_type":"Auto-Aid Tech Rescue","call_type":"Auto-Aid Tech Rescue","category":"mountain","date":"2022-09-08","year":2022,"month":9,"hour":11,"weekday":3,"is_weekend":false,"location_name":"","precision":"published_point"}},{"type":"Feature","geometry":{"type":"Point","coordinates":[-105.290783,39.999498]},"properties":{"incident_id":"BFD220911-011368","incident_type":"Auto-Aid Tech Rescue","call_type":"Auto-Aid Tech Rescue","category":"mountain","date":"2022-09-11","year":2022,"month":9,"hour":13,"weekday":6,"is_weekend":true,"location_name":"","precision":"published_point"}},{"type":"Feature","geometry":{"type":"Point","coordinates":[-105.216933,40.069723]},"properties":{"incident_id":"BFD220914-011492","incident_type":"Rescue","call_type":"Rescue","category":"mountain","date":"2022-09-14","year":2022,"month":9,"hour":8,"weekday":2,"is_weekend":false,"location_name":"","precision":"published_point"}},{"type":"Feature","geometry":{"type":"Point","coordinates":[-105.300229,39.959069]},"properties":{"incident_id":"BFD220918-011703","incident_type":"Auto-Aid Tech Rescue","call_type":"Auto-Aid Tech Rescue","category":"mountain","date":"2022-09-18","year":2022,"month":9,"hour":16,"weekday":6,"is_weekend":true,"location_name":"","precision":"published_point"}},{"type":"Feature","geometry":{"type":"Point","coordinates":[-105.300229,39.959069]},"properties":{"incident_id":"BFD221020-013270","incident_type":"Auto-Aid Tech Rescue","call_type":"Auto-Aid Tech Rescue","category":"mountain","date":"2022-10-20","year":2022,"month":10,"hour":13,"weekday":3,"is_weekend":false,"location_name":"","precision":"published_point"}},{"type":"Feature","geometry":{"type":"Point","coordinates":[-105.300229,39.959069]},"properties":{"incident_id":"BFD221023-013424","incident_type":"Auto-Aid Tech Rescue","call_type":"Auto-Aid Tech Rescue","category":"mountain","date":"2022-10-23","year":2022,"month":10,"hour":7,"weekday":6,"is_weekend":true,"location_name":"","precision":"published_point"}},{"type":"Feature","geometry":{"type":"Point","coordinates":[-105.282976,39.999699]},"properties":{"incident_id":"BFD221028-013678","incident_type":"Auto-Aid Tech Rescue","call_type":"Auto-Aid Tech Rescue","category":"mountain","date":"2022-10-28","year":2022,"month":10,"hour":17,"weekday":4,"is_weekend":false,"location_name":"","precision":"published_point"}},{"type":"Feature","geometry":{"type":"Point","coordinates":[-105.300229,39.959069]},"properties":{"incident_id":"BFD221030-013783","incident_type":"Auto-Aid Tech Rescue","call_type":"Auto-Aid Tech Rescue","category":"mountain","date":"2022-10-30","year":2022,"month":10,"hour":8,"weekday":6,"is_weekend":true,"location_name":"","precision":"published_point"}},{"type":"Feature","geometry":{"type":"Point","coordinates":[-105.282976,39.999699]},"properties":{"incident_id":"BFD221101-013904","incident_type":"Auto-Aid Tech Rescue","call_type":"Auto-Aid Tech Rescue","category":"mountain","date":"2022-11-01","year":2022,"month":11,"hour":15,"weekday":1,"is_weekend":false,"location_name":"","precision":"published_point"}},{"type":"Feature","geometry":{"type":"Point","coordinates":[-105.238264,40.023407]},"properties":{"incident_id":"BFD221102-013920","incident_type":"Rescue","call_type":"Rescue","category":"mountain","date":"2022-11-02","year":2022,"month":11,"hour":4,"weekday":2,"is_weekend":false,"location_name":"","precision":"published_point"}},{"type":"Feature","geometry":{"type":"Point","coordinates":[-105.282976,39.999699]},"properties":{"incident_id":"BFD221102-013954","incident_type":"Auto-Aid Tech Rescue","call_type":"Auto-Aid Tech Rescue","category":"mountain","date":"2022-11-02","year":2022,"month":11,"hour":17,"weekday":2,"is_weekend":false,"location_name":"","precision":"published_point"}},{"type":"Feature","geometry":{"type":"Point","coordinates":[-105.300229,39.959069]},"properties":{"incident_id":"BFD221106-014135","incident_type":"Auto-Aid Tech Rescue","call_type":"Auto-Aid Tech Rescue","category":"mountain","date":"2022-11-06","year":2022,"month":11,"hour":11,"weekday":6,"is_weekend":true,"location_name":"","precision":"published_point"}},{"type":"Feature","geometry":{"type":"Point","coordinates":[-105.300229,39.959069]},"properties":{"incident_id":"BFD221112-014403","incident_type":"Auto-Aid Tech Rescue","call_type":"Auto-Aid Tech Rescue","category":"mountain","date":"2022-11-12","year":2022,"month":11,"hour":13,"weekday":5,"is_weekend":true,"location_name":"","precision":"published_point"}},{"type":"Feature","geometry":{"type":"Point","coordinates":[-105.207048,40.085836]},"properties":{"incident_id":"BFD221125-014944","incident_type":"Water Rescue","call_type":"Water Rescue","category":"water","date":"2022-11-25","year":2022,"month":11,"hour":14,"weekday":4,"is_weekend":false,"location_name":"","precision":"published_point"}},{"type":"Feature","geometry":{"type":"Point","coordinates":[-105.254027,40.013984]},"properties":{"incident_id":"BFD230111-000380","incident_type":"Water Rescue","call_type":"Water Rescue","category":"water","date":"2023-01-11","year":2023,"month":1,"hour":9,"weekday":2,"is_weekend":false,"location_name":"","precision":"published_point"}},{"type":"Feature","geometry":{"type":"Point","coordinates":[-105.250266,40.017929]},"properties":{"incident_id":"BFD230111-000385","incident_type":"Water Rescue","call_type":"Water Rescue","category":"water","date":"2023-01-11","year":2023,"month":1,"hour":12,"weekday":2,"is_weekend":false,"location_name":"","precision":"published_point"}},{"type":"Feature","geometry":{"type":"Point","coordinates":[-105.250266,40.017929]},"properties":{"incident_id":"BFD230111-000387","incident_type":"Water Rescue","call_type":"Water Rescue","category":"water","date":"2023-01-11","year":2023,"month":1,"hour":12,"weekday":2,"is_weekend":false,"location_name":"","precision":"published_point"}},{"type":"Feature","geometry":{"type":"Point","coordinates":[-105.250266,40.017929]},"properties":{"incident_id":"BFD230111-000388","incident_type":"Water Rescue","call_type":"Water Rescue","category":"water","date":"2023-01-11","year":2023,"month":1,"hour":12,"weekday":2,"is_weekend":false,"location_name":"","precision":"published_point"}},{"type":"Feature","geometry":{"type":"Point","coordinates":[-105.225462,40.019587]},"properties":{"incident_id":"BFD230115-000561","incident_type":"Rescue","call_type":"Rescue","category":"mountain","date":"2023-01-15","year":2023,"month":1,"hour":16,"weekday":6,"is_weekend":true,"location_name":"","precision":"published_point"}},{"type":"Feature","geometry":{"type":"Point","coordinates":[-105.281902,39.999959]},"properties":{"incident_id":"BFD230213-001793","incident_type":"Auto-Aid Tech Rescue","call_type":"Auto-Aid Tech Rescue","category":"mountain","date":"2023-02-13","year":2023,"month":2,"hour":11,"weekday":0,"is_weekend":false,"location_name":"","precision":"published_point"}},{"type":"Feature","geometry":{"type":"Point","coordinates":[-105.225624,40.023004]},"properties":{"incident_id":"BFD230219-002035","incident_type":"Water Rescue","call_type":"Water Rescue","category":"water","date":"2023-02-19","year":2023,"month":2,"hour":9,"weekday":6,"is_weekend":true,"location_name":"","precision":"published_point"}},{"type":"Feature","geometry":{"type":"Point","coordinates":[-105.276211,39.978341]},"properties":{"incident_id":"BFD230311-002912","incident_type":"Auto-Aid Tech Rescue","call_type":"Auto-Aid Tech Rescue","category":"mountain","date":"2023-03-11","year":2023,"month":3,"hour":10,"weekday":5,"is_weekend":true,"location_name":"","precision":"published_point"}},{"type":"Feature","geometry":{"type":"Point","coordinates":[-105.290783,39.999498]},"properties":{"incident_id":"BFD230312-002972","incident_type":"Auto-Aid Tech Rescue","call_type":"Auto-Aid Tech Rescue","category":"mountain","date":"2023-03-12","year":2023,"month":3,"hour":18,"weekday":6,"is_weekend":true,"location_name":"","precision":"published_point"}},{"type":"Feature","geometry":{"type":"Point","coordinates":[-105.282976,39.999699]},"properties":{"incident_id":"BFD230319-003256","incident_type":"Auto-Aid Tech Rescue","call_type":"Auto-Aid Tech Rescue","category":"mountain","date":"2023-03-19","year":2023,"month":3,"hour":7,"weekday":6,"is_weekend":true,"location_name":"","precision":"published_point"}},{"type":"Feature","geometry":{"type":"Point","coordinates":[-105.250266,40.017929]},"properties":{"incident_id":"BFD230329-003704","incident_type":"Rescue","call_type":"Rescue","category":"mountain","date":"2023-03-29","year":2023,"month":3,"hour":22,"weekday":2,"is_weekend":false,"location_name":"","precision":"published_point"}},{"type":"Feature","geometry":{"type":"Point","coordinates":[-105.250266,40.017929]},"properties":{"incident_id":"BFD230329-003707","incident_type":"Water Rescue","call_type":"Water Rescue","category":"water","date":"2023-03-29","year":2023,"month":3,"hour":22,"weekday":2,"is_weekend":false,"location_name":"","precision":"published_point"}},{"type":"Feature","geometry":{"type":"Point","coordinates":[-105.300229,39.959069]},"properties":{"incident_id":"BFD230406-004027","incident_type":"Auto-Aid Tech Rescue","call_type":"Auto-Aid Tech Rescue","category":"mountain","date":"2023-04-06","year":2023,"month":4,"hour":12,"weekday":3,"is_weekend":false,"location_name":"","precision":"published_point"}},{"type":"Feature","geometry":{"type":"Point","coordinates":[-105.282976,39.999699]},"properties":{"incident_id":"BFD230408-004116","incident_type":"Auto-Aid Tech Rescue","call_type":"Auto-Aid Tech Rescue","category":"mountain","date":"2023-04-08","year":2023,"month":4,"hour":14,"weekday":5,"is_weekend":true,"location_name":"","precision":"published_point"}},{"type":"Feature","geometry":{"type":"Point","coordinates":[-105.282976,39.999699]},"properties":{"incident_id":"BFD230512-005656","incident_type":"Auto-Aid Tech Rescue","call_type":"Auto-Aid Tech Rescue","category":"mountain","date":"2023-05-12","year":2023,"month":5,"hour":20,"weekday":4,"is_weekend":false,"location_name":"","precision":"published_point"}},{"type":"Feature","geometry":{"type":"Point","coordinates":[-105.294484,40.014548]},"properties":{"incident_id":"BFD230514-005720","incident_type":"Rescue","call_type":"Rescue","category":"mountain","date":"2023-05-14","year":2023,"month":5,"hour":17,"weekday":6,"is_weekend":true,"location_name":"","precision":"published_point"}},{"type":"Feature","geometry":{"type":"Point","coordinates":[-105.279301,40.015916]},"properties":{"incident_id":"BFD230527-006252","incident_type":"Water Rescue","call_type":"Water Rescue","category":"water","date":"2023-05-27","year":2023,"month":5,"hour":16,"weekday":5,"is_weekend":true,"location_name":"","precision":"published_point"}},{"type":"Feature","geometry":{"type":"Point","coordinates":[-105.300229,39.959069]},"properties":{"incident_id":"BFD230601-006477","incident_type":"Auto-Aid Tech Rescue","call_type":"Auto-Aid Tech Rescue","category":"mountain","date":"2023-06-01","year":2023,"month":6,"hour":12,"weekday":3,"is_weekend":false,"location_name":"","precision":"published_point"}},{"type":"Feature","geometry":{"type":"Point","coordinates":[-105.282976,39.999699]},"properties":{"incident_id":"BFD230601-006479","incident_type":"Auto-Aid Tech Rescue","call_type":"Auto-Aid Tech Rescue","category":"mountain","date":"2023-06-01","year":2023,"month":6,"hour":12,"weekday":3,"is_weekend":false,"location_name":"","precision":"published_point"}},{"type":"Feature","geometry":{"type":"Point","coordinates":[-105.279301,40.015916]},"properties":{"incident_id":"BFD230602-006522","incident_type":"Water Rescue","call_type":"Water Rescue","category":"water","date":"2023-06-02","year":2023,"month":6,"hour":14,"weekday":4,"is_weekend":false,"location_name":"","precision":"published_point"}},{"type":"Feature","geometry":{"type":"Point","coordinates":[-105.293969,40.012954]},"properties":{"incident_id":"BFD230607-006732","incident_type":"Water Rescue","call_type":"Water Rescue","category":"water","date":"2023-06-07","year":2023,"month":6,"hour":13,"weekday":2,"is_weekend":false,"location_name":"","precision":"published_point"}},{"type":"Feature","geometry":{"type":"Point","coordinates":[-105.282976,39.999699]},"properties":{"incident_id":"BFD230608-006779","incident_type":"Auto-Aid Tech Rescue","call_type":"Auto-Aid Tech Rescue","category":"mountain","date":"2023-06-08","year":2023,"month":6,"hour":18,"weekday":3,"is_weekend":false,"location_name":"","precision":"published_point"}},{"type":"Feature","geometry":{"type":"Point","coordinates":[-105.275013,39.97915]},"properties":{"incident_id":"BFD230610-006846","incident_type":"Auto-Aid Tech Rescue","call_type":"Auto-Aid Tech Rescue","category":"mountain","date":"2023-06-10","year":2023,"month":6,"hour":11,"weekday":5,"is_weekend":true,"location_name":"","precision":"published_point"}},{"type":"Feature","geometry":{"type":"Point","coordinates":[-105.256147,40.016252]},"properties":{"incident_id":"BFD230611-006888","incident_type":"Rescue","call_type":"Rescue","category":"mountain","date":"2023-06-11","year":2023,"month":6,"hour":13,"weekday":6,"is_weekend":true,"location_name":"","precision":"published_point"}},{"type":"Feature","geometry":{"type":"Point","coordinates":[-105.293969,40.012954]},"properties":{"incident_id":"BFD230611-006895","incident_type":"Water Rescue","call_type":"Water Rescue","category":"water","date":"2023-06-11","year":2023,"month":6,"hour":16,"weekday":6,"is_weekend":true,"location_name":"","precision":"published_point"}},{"type":"Feature","geometry":{"type":"Point","coordinates":[-105.293969,40.012954]},"properties":{"incident_id":"BFD230615-007078","incident_type":"Water Rescue","call_type":"Water Rescue","category":"water","date":"2023-06-15","year":2023,"month":6,"hour":15,"weekday":3,"is_weekend":false,"location_name":"","precision":"published_point"}},{"type":"Feature","geometry":{"type":"Point","coordinates":[-105.302219,40.012319]},"properties":{"incident_id":"BFD230616-007128","incident_type":"Auto-Aid Water Rescue","call_type":"Auto-Aid Water Rescue","category":"water","date":"2023-06-16","year":2023,"month":6,"hour":17,"weekday":4,"is_weekend":false,"location_name":"","precision":"published_point"}},{"type":"Feature","geometry":{"type":"Point","coordinates":[-105.250266,40.017929]},"properties":{"incident_id":"BFD230616-007136","incident_type":"Water Rescue","call_type":"Water Rescue","category":"water","date":"2023-06-16","year":2023,"month":6,"hour":19,"weekday":4,"is_weekend":false,"location_name":"","precision":"published_point"}},{"type":"Feature","geometry":{"type":"Point","coordinates":[-105.256201,40.01068]},"properties":{"incident_id":"BFD230618-007217","incident_type":"Water Rescue","call_type":"Water Rescue","category":"water","date":"2023-06-18","year":2023,"month":6,"hour":18,"weekday":6,"is_weekend":true,"location_name":"","precision":"published_point"}},{"type":"Feature","geometry":{"type":"Point","coordinates":[-105.282124,40.056787]},"properties":{"incident_id":"BFD230622-007359","incident_type":"Water Rescue","call_type":"Water Rescue","category":"water","date":"2023-06-22","year":2023,"month":6,"hour":3,"weekday":3,"is_weekend":false,"location_name":"","precision":"published_point"}},{"type":"Feature","geometry":{"type":"Point","coordinates":[-105.295071,40.002748]},"properties":{"incident_id":"BFD230704-008015","incident_type":"Auto-Aid Tech Rescue","call_type":"Auto-Aid Tech Rescue","category":"mountain","date":"2023-07-04","year":2023,"month":7,"hour":11,"weekday":1,"is_weekend":false,"location_name":"","precision":"published_point"}},{"type":"Feature","geometry":{"type":"Point","coordinates":[-105.328666,40.008571]},"properties":{"incident_id":"BFD230704-008020","incident_type":"Water Rescue","call_type":"Water Rescue","category":"water","date":"2023-07-04","year":2023,"month":7,"hour":11,"weekday":1,"is_weekend":false,"location_name":"","precision":"published_point"}},{"type":"Feature","geometry":{"type":"Point","coordinates":[-105.300229,39.959069]},"properties":{"incident_id":"BFD230706-008108","incident_type":"Auto-Aid Tech Rescue","call_type":"Auto-Aid Tech Rescue","category":"mountain","date":"2023-07-06","year":2023,"month":7,"hour":13,"weekday":3,"is_weekend":false,"location_name":"","precision":"published_point"}},{"type":"Feature","geometry":{"type":"Point","coordinates":[-105.282976,39.999699]},"properties":{"incident_id":"BFD230709-008245","incident_type":"Auto-Aid Tech Rescue","call_type":"Auto-Aid Tech Rescue","category":"mountain","date":"2023-07-09","year":2023,"month":7,"hour":13,"weekday":6,"is_weekend":true,"location_name":"","precision":"published_point"}},{"type":"Feature","geometry":{"type":"Point","coordinates":[-105.282976,39.999699]},"properties":{"incident_id":"BFD230709-008246","incident_type":"Auto-Aid Tech Rescue","call_type":"Auto-Aid Tech Rescue","category":"mountain","date":"2023-07-09","year":2023,"month":7,"hour":13,"weekday":6,"is_weekend":true,"location_name":"","precision":"published_point"}},{"type":"Feature","geometry":{"type":"Point","coordinates":[-105.282976,39.999699]},"properties":{"incident_id":"BFD230709-008247","incident_type":"Auto-Aid Tech Rescue","call_type":"Auto-Aid Tech Rescue","category":"mountain","date":"2023-07-09","year":2023,"month":7,"hour":13,"weekday":6,"is_weekend":true,"location_name":"","precision":"published_point"}},{"type":"Feature","geometry":{"type":"Point","coordinates":[-105.300229,39.959069]},"properties":{"incident_id":"BFD230709-008249","incident_type":"Auto-Aid Tech Rescue","call_type":"Auto-Aid Tech Rescue","category":"mountain","date":"2023-07-09","year":2023,"month":7,"hour":15,"weekday":6,"is_weekend":true,"location_name":"","precision":"published_point"}},{"type":"Feature","geometry":{"type":"Point","coordinates":[-105.282976,39.999699]},"properties":{"incident_id":"BFD230710-008307","incident_type":"Auto-Aid Tech Rescue","call_type":"Auto-Aid Tech Rescue","category":"mountain","date":"2023-07-10","year":2023,"month":7,"hour":18,"weekday":0,"is_weekend":false,"location_name":"","precision":"published_point"}},{"type":"Feature","geometry":{"type":"Point","coordinates":[-105.287517,40.015241]},"properties":{"incident_id":"BFD230712-008365","incident_type":"Water Rescue","call_type":"Water Rescue","category":"water","date":"2023-07-12","year":2023,"month":7,"hour":4,"weekday":2,"is_weekend":false,"location_name":"","precision":"published_point"}},{"type":"Feature","geometry":{"type":"Point","coordinates":[-105.290436,40.063814]},"properties":{"incident_id":"BFD230714-008498","incident_type":"Rescue","call_type":"Rescue","category":"mountain","date":"2023-07-14","year":2023,"month":7,"hour":15,"weekday":4,"is_weekend":false,"location_name":"","precision":"published_point"}},{"type":"Feature","geometry":{"type":"Point","coordinates":[-105.283245,40.015095]},"properties":{"incident_id":"BFD230716-008576","incident_type":"Water Rescue","call_type":"Water Rescue","category":"water","date":"2023-07-16","year":2023,"month":7,"hour":12,"weekday":6,"is_weekend":true,"location_name":"","precision":"published_point"}},{"type":"Feature","geometry":{"type":"Point","coordinates":[-105.293969,40.012954]},"properties":{"incident_id":"BFD230722-008836","incident_type":"Water Rescue","call_type":"Water Rescue","category":"water","date":"2023-07-22","year":2023,"month":7,"hour":21,"weekday":5,"is_weekend":true,"location_name":"","precision":"published_point"}},{"type":"Feature","geometry":{"type":"Point","coordinates":[-105.282976,39.999699]},"properties":{"incident_id":"BFD230731-009234","incident_type":"Rescue","call_type":"Rescue","category":"mountain","date":"2023-07-31","year":2023,"month":7,"hour":19,"weekday":0,"is_weekend":false,"location_name":"","precision":"published_point"}},{"type":"Feature","geometry":{"type":"Point","coordinates":[-105.282976,39.999699]},"properties":{"incident_id":"BFD230805-009472","incident_type":"Auto-Aid Tech Rescue","call_type":"Auto-Aid Tech Rescue","category":"mountain","date":"2023-08-05","year":2023,"month":8,"hour":11,"weekday":5,"is_weekend":true,"location_name":"","precision":"published_point"}},{"type":"Feature","geometry":{"type":"Point","coordinates":[-105.300229,39.959069]},"properties":{"incident_id":"BFD230805-009480","incident_type":"Auto-Aid Tech Rescue","call_type":"Auto-Aid Tech Rescue","category":"mountain","date":"2023-08-05","year":2023,"month":8,"hour":15,"weekday":5,"is_weekend":true,"location_name":"","precision":"published_point"}},{"type":"Feature","geometry":{"type":"Point","coordinates":[-105.304443,40.002308]},"properties":{"incident_id":"BFD230807-009560","incident_type":"Auto-Aid Tech Rescue","call_type":"Auto-Aid Tech Rescue","category":"mountain","date":"2023-08-07","year":2023,"month":8,"hour":8,"weekday":0,"is_weekend":false,"location_name":"","precision":"published_point"}},{"type":"Feature","geometry":{"type":"Point","coordinates":[-105.083874,39.971901]},"properties":{"incident_id":"BFD230807-009570","incident_type":"Rescue","call_type":"Rescue","category":"mountain","date":"2023-08-07","year":2023,"month":8,"hour":11,"weekday":0,"is_weekend":false,"location_name":"","precision":"published_point"}},{"type":"Feature","geometry":{"type":"Point","coordinates":[-105.315876,40.033497]},"properties":{"incident_id":"BFD230815-009932","incident_type":"Auto-Aid Tech Rescue","call_type":"Auto-Aid Tech Rescue","category":"mountain","date":"2023-08-15","year":2023,"month":8,"hour":10,"weekday":1,"is_weekend":false,"location_name":"","precision":"published_point"}},{"type":"Feature","geometry":{"type":"Point","coordinates":[-105.304545,39.999542]},"properties":{"incident_id":"BFD230906-011105","incident_type":"Auto-Aid Tech Rescue","call_type":"Auto-Aid Tech Rescue","category":"mountain","date":"2023-09-06","year":2023,"month":9,"hour":12,"weekday":2,"is_weekend":false,"location_name":"","precision":"published_point"}},{"type":"Feature","geometry":{"type":"Point","coordinates":[-105.280374,39.997455]},"properties":{"incident_id":"BFD230907-011133","incident_type":"Auto-Aid Tech Rescue","call_type":"Auto-Aid Tech Rescue","category":"mountain","date":"2023-09-07","year":2023,"month":9,"hour":9,"weekday":3,"is_weekend":false,"location_name":"","precision":"published_point"}},{"type":"Feature","geometry":{"type":"Point","coordinates":[-105.282976,39.999699]},"properties":{"incident_id":"BFD230911-011391","incident_type":"Auto-Aid Tech Rescue","call_type":"Auto-Aid Tech Rescue","category":"mountain","date":"2023-09-11","year":2023,"month":9,"hour":14,"weekday":0,"is_weekend":false,"location_name":"","precision":"published_point"}},{"type":"Feature","geometry":{"type":"Point","coordinates":[-105.282976,39.999699]},"properties":{"incident_id":"BFD230916-011662","incident_type":"Auto-Aid Tech Rescue","call_type":"Auto-Aid Tech Rescue","category":"mountain","date":"2023-09-16","year":2023,"month":9,"hour":13,"weekday":5,"is_weekend":true,"location_name":"","precision":"published_point"}},{"type":"Feature","geometry":{"type":"Point","coordinates":[-105.300229,39.959069]},"properties":{"incident_id":"BFD230920-011871","incident_type":"Auto-Aid Tech Rescue","call_type":"Auto-Aid Tech Rescue","category":"mountain","date":"2023-09-20","year":2023,"month":9,"hour":11,"weekday":2,"is_weekend":false,"location_name":"","precision":"published_point"}},{"type":"Feature","geometry":{"type":"Point","coordinates":[-105.282976,39.999699]},"properties":{"incident_id":"BFD231022-013557","incident_type":"Auto-Aid Tech Rescue","call_type":"Auto-Aid Tech Rescue","category":"mountain","date":"2023-10-22","year":2023,"month":10,"hour":17,"weekday":6,"is_weekend":true,"location_name":"","precision":"published_point"}},{"type":"Feature","geometry":{"type":"Point","coordinates":[-105.231949,40.071413]},"properties":{"incident_id":"BFD231023-013599","incident_type":"Rescue","call_type":"Rescue","category":"mountain","date":"2023-10-23","year":2023,"month":10,"hour":18,"weekday":0,"is_weekend":false,"location_name":"","precision":"published_point"}},{"type":"Feature","geometry":{"type":"Point","coordinates":[-105.282976,39.999699]},"properties":{"incident_id":"BFD231024-013642","incident_type":"Auto-Aid Tech Rescue","call_type":"Auto-Aid Tech Rescue","category":"mountain","date":"2023-10-24","year":2023,"month":10,"hour":19,"weekday":1,"is_weekend":false,"location_name":"","precision":"published_point"}},{"type":"Feature","geometry":{"type":"Point","coordinates":[-105.231949,40.071413]},"properties":{"incident_id":"BFD231123-015074","incident_type":"Water Rescue","call_type":"Water Rescue","category":"water","date":"2023-11-23","year":2023,"month":11,"hour":12,"weekday":3,"is_weekend":false,"location_name":"","precision":"published_point"}},{"type":"Feature","geometry":{"type":"Point","coordinates":[-105.207048,40.085836]},"properties":{"incident_id":"BFD231129-015321","incident_type":"Water Rescue","call_type":"Water Rescue","category":"water","date":"2023-11-29","year":2023,"month":11,"hour":9,"weekday":2,"is_weekend":false,"location_name":"","precision":"published_point"}},{"type":"Feature","geometry":{"type":"Point","coordinates":[-105.282976,39.999699]},"properties":{"incident_id":"BFD231209-015839","incident_type":"Auto-Aid Tech Rescue","call_type":"Auto-Aid Tech Rescue","category":"mountain","date":"2023-12-09","year":2023,"month":12,"hour":15,"weekday":5,"is_weekend":true,"location_name":"","precision":"published_point"}},{"type":"Feature","geometry":{"type":"Point","coordinates":[-105.250266,40.017929]},"properties":{"incident_id":"BFD231214-016031","incident_type":"Rescue","call_type":"Rescue","category":"mountain","date":"2023-12-14","year":2023,"month":12,"hour":6,"weekday":3,"is_weekend":false,"location_name":"","precision":"published_point"}},{"type":"Feature","geometry":{"type":"Point","coordinates":[-105.235298,40.08089]},"properties":{"incident_id":"BFD231228-016576","incident_type":"Rescue","call_type":"Rescue","category":"mountain","date":"2023-12-28","year":2023,"month":12,"hour":10,"weekday":3,"is_weekend":false,"location_name":"","precision":"published_point"}},{"type":"Feature","geometry":{"type":"Point","coordinates":[-105.281902,39.999959]},"properties":{"incident_id":"BFD231229-016616","incident_type":"Rescue","call_type":"Rescue","category":"mountain","date":"2023-12-29","year":2023,"month":12,"hour":15,"weekday":4,"is_weekend":false,"location_name":"","precision":"published_point"}},{"type":"Feature","geometry":{"type":"Point","coordinates":[-105.231232,39.982661]},"properties":{"incident_id":"BFD240102-000059","incident_type":"Water Rescue","call_type":"Water Rescue","category":"water","date":"2024-01-02","year":2024,"month":1,"hour":16,"weekday":1,"is_weekend":false,"location_name":"","precision":"published_point"}},{"type":"Feature","geometry":{"type":"Point","coordinates":[-105.247407,40.026347]},"properties":{"incident_id":"BFD240114-000543","incident_type":"Water Rescue","call_type":"Water Rescue","category":"water","date":"2024-01-14","year":2024,"month":1,"hour":19,"weekday":6,"is_weekend":true,"location_name":"","precision":"published_point"}},{"type":"Feature","geometry":{"type":"Point","coordinates":[-105.300229,39.959069]},"properties":{"incident_id":"BFD240128-001254","incident_type":"Auto-Aid Tech Rescue","call_type":"Auto-Aid Tech Rescue","category":"mountain","date":"2024-01-28","year":2024,"month":1,"hour":11,"weekday":6,"is_weekend":true,"location_name":"","precision":"published_point"}},{"type":"Feature","geometry":{"type":"Point","coordinates":[-105.280446,40.022927]},"properties":{"incident_id":"BFD240217-002149","incident_type":"Rescue","call_type":"Rescue","category":"mountain","date":"2024-02-17","year":2024,"month":2,"hour":21,"weekday":5,"is_weekend":true,"location_name":"","precision":"published_point"}},{"type":"Feature","geometry":{"type":"Point","coordinates":[-105.282976,39.999699]},"properties":{"incident_id":"BFD240302-002736","incident_type":"Auto-Aid Tech Rescue","call_type":"Auto-Aid Tech Rescue","category":"mountain","date":"2024-03-02","year":2024,"month":3,"hour":12,"weekday":5,"is_weekend":true,"location_name":"","precision":"published_point"}},{"type":"Feature","geometry":{"type":"Point","coordinates":[-105.283228,40.014347]},"properties":{"incident_id":"BFD240322-003615","incident_type":"Water Rescue","call_type":"Water Rescue","category":"water","date":"2024-03-22","year":2024,"month":3,"hour":10,"weekday":4,"is_weekend":false,"location_name":"","precision":"published_point"}},{"type":"Feature","geometry":{"type":"Point","coordinates":[-105.283326,40.013507]},"properties":{"incident_id":"BFD240322-003622","incident_type":"Water Rescue","call_type":"Water Rescue","category":"water","date":"2024-03-22","year":2024,"month":3,"hour":12,"weekday":4,"is_weekend":false,"location_name":"","precision":"published_point"}},{"type":"Feature","geometry":{"type":"Point","coordinates":[-105.282976,39.999699]},"properties":{"incident_id":"BFD240328-003889","incident_type":"Auto-Aid Tech Rescue","call_type":"Auto-Aid Tech Rescue","category":"mountain","date":"2024-03-28","year":2024,"month":3,"hour":21,"weekday":3,"is_weekend":false,"location_name":"","precision":"published_point"}},{"type":"Feature","geometry":{"type":"Point","coordinates":[-105.297009,40.020368]},"properties":{"incident_id":"BFD240405-004196","incident_type":"Rescue","call_type":"Rescue","category":"mountain","date":"2024-04-05","year":2024,"month":4,"hour":13,"weekday":4,"is_weekend":false,"location_name":"","precision":"published_point"}},{"type":"Feature","geometry":{"type":"Point","coordinates":[-105.300229,39.959069]},"properties":{"incident_id":"BFD240414-004685","incident_type":"Auto-Aid Tech Rescue","call_type":"Auto-Aid Tech Rescue","category":"mountain","date":"2024-04-14","year":2024,"month":4,"hour":14,"weekday":6,"is_weekend":true,"location_name":"","precision":"published_point"}},{"type":"Feature","geometry":{"type":"Point","coordinates":[-105.282976,39.999699]},"properties":{"incident_id":"BFD240414-004686","incident_type":"Auto-Aid Tech Rescue","call_type":"Auto-Aid Tech Rescue","category":"mountain","date":"2024-04-14","year":2024,"month":4,"hour":14,"weekday":6,"is_weekend":true,"location_name":"","precision":"published_point"}},{"type":"Feature","geometry":{"type":"Point","coordinates":[-105.286456,40.0554]},"properties":{"incident_id":"BFD240414-004688","incident_type":"Rescue","call_type":"Rescue","category":"mountain","date":"2024-04-14","year":2024,"month":4,"hour":14,"weekday":6,"is_weekend":true,"location_name":"","precision":"published_point"}},{"type":"Feature","geometry":{"type":"Point","coordinates":[-105.300229,39.959069]},"properties":{"incident_id":"BFD240430-005459","incident_type":"Auto-Aid Tech Rescue","call_type":"Auto-Aid Tech Rescue","category":"mountain","date":"2024-04-30","year":2024,"month":4,"hour":16,"weekday":1,"is_weekend":false,"location_name":"","precision":"published_point"}},{"type":"Feature","geometry":{"type":"Point","coordinates":[-105.282976,39.999699]},"properties":{"incident_id":"BFD240505-005666","incident_type":"Auto-Aid Tech Rescue","call_type":"Auto-Aid Tech Rescue","category":"mountain","date":"2024-05-05","year":2024,"month":5,"hour":17,"weekday":6,"is_weekend":true,"location_name":"","precision":"published_point"}},{"type":"Feature","geometry":{"type":"Point","coordinates":[-105.253813,40.026391]},"properties":{"incident_id":"BFD240509-005844","incident_type":"Water Rescue","call_type":"Water Rescue","category":"water","date":"2024-05-09","year":2024,"month":5,"hour":7,"weekday":3,"is_weekend":false,"location_name":"","precision":"published_point"}},{"type":"Feature","geometry":{"type":"Point","coordinates":[-105.257907,39.965171]},"properties":{"incident_id":"BFD240513-006055","incident_type":"Auto-Aid Tech Rescue","call_type":"Auto-Aid Tech Rescue","category":"mountain","date":"2024-05-13","year":2024,"month":5,"hour":17,"weekday":0,"is_weekend":false,"location_name":"","precision":"published_point"}},{"type":"Feature","geometry":{"type":"Point","coordinates":[-105.290783,39.999498]},"properties":{"incident_id":"BFD240516-006188","incident_type":"Auto-Aid Tech Rescue","call_type":"Auto-Aid Tech Rescue","category":"mountain","date":"2024-05-16","year":2024,"month":5,"hour":12,"weekday":3,"is_weekend":false,"location_name":"","precision":"published_point"}},{"type":"Feature","geometry":{"type":"Point","coordinates":[-105.304566,40.001049]},"properties":{"incident_id":"BFD240518-006282","incident_type":"Auto-Aid Tech Rescue","call_type":"Auto-Aid Tech Rescue","category":"mountain","date":"2024-05-18","year":2024,"month":5,"hour":11,"weekday":5,"is_weekend":true,"location_name":"","precision":"published_point"}},{"type":"Feature","geometry":{"type":"Point","coordinates":[-105.281902,39.999959]},"properties":{"incident_id":"BFD240520-006358","incident_type":"Auto-Aid Tech Rescue","call_type":"Auto-Aid Tech Rescue","category":"mountain","date":"2024-05-20","year":2024,"month":5,"hour":15,"weekday":0,"is_weekend":false,"location_name":"","precision":"published_point"}},{"type":"Feature","geometry":{"type":"Point","coordinates":[-105.300229,39.959069]},"properties":{"incident_id":"BFD240523-006491","incident_type":"Auto-Aid Tech Rescue","call_type":"Auto-Aid Tech Rescue","category":"mountain","date":"2024-05-23","year":2024,"month":5,"hour":14,"weekday":3,"is_weekend":false,"location_name":"","precision":"published_point"}},{"type":"Feature","geometry":{"type":"Point","coordinates":[-105.250266,40.017929]},"properties":{"incident_id":"BFD240524-006514","incident_type":"Water Rescue","call_type":"Water Rescue","category":"water","date":"2024-05-24","year":2024,"month":5,"hour":4,"weekday":4,"is_weekend":false,"location_name":"","precision":"published_point"}},{"type":"Feature","geometry":{"type":"Point","coordinates":[-105.309324,40.012191]},"properties":{"incident_id":"BFD240531-006856","incident_type":"Auto-Aid Water Rescue","call_type":"Auto-Aid Water Rescue","category":"water","date":"2024-05-31","year":2024,"month":5,"hour":16,"weekday":4,"is_weekend":false,"location_name":"","precision":"published_point"}},{"type":"Feature","geometry":{"type":"Point","coordinates":[-105.304545,39.999542]},"properties":{"incident_id":"BFD240601-006914","incident_type":"Auto-Aid Tech Rescue","call_type":"Auto-Aid Tech Rescue","category":"mountain","date":"2024-06-01","year":2024,"month":6,"hour":23,"weekday":5,"is_weekend":true,"location_name":"","precision":"published_point"}},{"type":"Feature","geometry":{"type":"Point","coordinates":[-105.250266,40.017929]},"properties":{"incident_id":"BFD240602-006949","incident_type":"Water Rescue","call_type":"Water Rescue","category":"water","date":"2024-06-02","year":2024,"month":6,"hour":20,"weekday":6,"is_weekend":true,"location_name":"","precision":"published_point"}},{"type":"Feature","geometry":{"type":"Point","coordinates":[-105.302438,40.012237]},"properties":{"incident_id":"BFD240604-007031","incident_type":"Water Rescue","call_type":"Water Rescue","category":"water","date":"2024-06-04","year":2024,"month":6,"hour":18,"weekday":1,"is_weekend":false,"location_name":"","precision":"published_point"}},{"type":"Feature","geometry":{"type":"Point","coordinates":[-105.282976,39.999699]},"properties":{"incident_id":"BFD240605-007076","incident_type":"Auto-Aid Tech Rescue","call_type":"Auto-Aid Tech Rescue","category":"mountain","date":"2024-06-05","year":2024,"month":6,"hour":11,"weekday":2,"is_weekend":false,"location_name":"","precision":"published_point"}},{"type":"Feature","geometry":{"type":"Point","coordinates":[-105.293969,40.012954]},"properties":{"incident_id":"BFD240609-007256","incident_type":"Water Rescue","call_type":"Water Rescue","category":"water","date":"2024-06-09","year":2024,"month":6,"hour":13,"weekday":6,"is_weekend":true,"location_name":"","precision":"published_point"}},{"type":"Feature","geometry":{"type":"Point","coordinates":[-105.281902,39.999959]},"properties":{"incident_id":"BFD240613-007432","incident_type":"Auto-Aid Tech Rescue","call_type":"Auto-Aid Tech Rescue","category":"mountain","date":"2024-06-13","year":2024,"month":6,"hour":9,"weekday":3,"is_weekend":false,"location_name":"","precision":"published_point"}},{"type":"Feature","geometry":{"type":"Point","coordinates":[-105.278704,40.015831]},"properties":{"incident_id":"BFD240613-007440","incident_type":"Water Rescue","call_type":"Water Rescue","category":"water","date":"2024-06-13","year":2024,"month":6,"hour":13,"weekday":3,"is_weekend":false,"location_name":"","precision":"published_point"}},{"type":"Feature","geometry":{"type":"Point","coordinates":[-105.282976,39.999699]},"properties":{"incident_id":"BFD240623-007883","incident_type":"Auto-Aid Tech Rescue","call_type":"Auto-Aid Tech Rescue","category":"mountain","date":"2024-06-23","year":2024,"month":6,"hour":17,"weekday":6,"is_weekend":true,"location_name":"","precision":"published_point"}},{"type":"Feature","geometry":{"type":"Point","coordinates":[-105.276263,40.009483]},"properties":{"incident_id":"BFD240706-008463","incident_type":"Water Rescue","call_type":"Water Rescue","category":"water","date":"2024-07-06","year":2024,"month":7,"hour":20,"weekday":5,"is_weekend":true,"location_name":"","precision":"published_point"}},{"type":"Feature","geometry":{"type":"Point","coordinates":[-105.282976,39.999699]},"properties":{"incident_id":"BFD240711-008687","incident_type":"Auto-Aid Tech Rescue","call_type":"Auto-Aid Tech Rescue","category":"mountain","date":"2024-07-11","year":2024,"month":7,"hour":14,"weekday":3,"is_weekend":false,"location_name":"","precision":"published_point"}},{"type":"Feature","geometry":{"type":"Point","coordinates":[-105.282976,39.999699]},"properties":{"incident_id":"BFD240713-008780","incident_type":"Auto-Aid Tech Rescue","call_type":"Auto-Aid Tech Rescue","category":"mountain","date":"2024-07-13","year":2024,"month":7,"hour":9,"weekday":5,"is_weekend":true,"location_name":"","precision":"published_point"}},{"type":"Feature","geometry":{"type":"Point","coordinates":[-105.282976,39.999699]},"properties":{"incident_id":"BFD240720-009125","incident_type":"Auto-Aid Tech Rescue","call_type":"Auto-Aid Tech Rescue","category":"mountain","date":"2024-07-20","year":2024,"month":7,"hour":21,"weekday":5,"is_weekend":true,"location_name":"","precision":"published_point"}},{"type":"Feature","geometry":{"type":"Point","coordinates":[-105.250266,40.017929]},"properties":{"incident_id":"BFD240822-010658","incident_type":"Rescue","call_type":"Rescue","category":"mountain","date":"2024-08-22","year":2024,"month":8,"hour":3,"weekday":3,"is_weekend":false,"location_name":"","precision":"published_point"}},{"type":"Feature","geometry":{"type":"Point","coordinates":[-105.282976,39.999699]},"properties":{"incident_id":"BFD240903-011391","incident_type":"Auto-Aid Tech Rescue","call_type":"Auto-Aid Tech Rescue","category":"mountain","date":"2024-09-03","year":2024,"month":9,"hour":20,"weekday":1,"is_weekend":false,"location_name":"","precision":"published_point"}},{"type":"Feature","geometry":{"type":"Point","coordinates":[-105.315876,40.033497]},"properties":{"incident_id":"BFD241023-013913","incident_type":"Auto-Aid Tech Rescue","call_type":"Auto-Aid Tech Rescue","category":"mountain","date":"2024-10-23","year":2024,"month":10,"hour":8,"weekday":2,"is_weekend":false,"location_name":"","precision":"published_point"}},{"type":"Feature","geometry":{"type":"Point","coordinates":[-105.300229,39.959069]},"properties":{"incident_id":"BFD241027-014123","incident_type":"Auto-Aid Tech Rescue","call_type":"Auto-Aid Tech Rescue","category":"mountain","date":"2024-10-27","year":2024,"month":10,"hour":14,"weekday":6,"is_weekend":true,"location_name":"","precision":"published_point"}},{"type":"Feature","geometry":{"type":"Point","coordinates":[-105.276211,39.978341]},"properties":{"incident_id":"BFD241105-014612","incident_type":"Auto-Aid Tech Rescue","call_type":"Auto-Aid Tech Rescue","category":"mountain","date":"2024-11-05","year":2024,"month":11,"hour":13,"weekday":1,"is_weekend":false,"location_name":"","precision":"published_point"}},{"type":"Feature","geometry":{"type":"Point","coordinates":[-105.231232,39.982661]},"properties":{"incident_id":"BFD241212-016182","incident_type":"Water Rescue","call_type":"Water Rescue","category":"water","date":"2024-12-12","year":2024,"month":12,"hour":13,"weekday":3,"is_weekend":false,"location_name":"","precision":"published_point"}},{"type":"Feature","geometry":{"type":"Point","coordinates":[-105.282976,39.999699]},"properties":{"incident_id":"BFD241218-016433","incident_type":"Auto-Aid Tech Rescue","call_type":"Auto-Aid Tech Rescue","category":"mountain","date":"2024-12-18","year":2024,"month":12,"hour":11,"weekday":2,"is_weekend":false,"location_name":"","precision":"published_point"}},{"type":"Feature","geometry":{"type":"Point","coordinates":[-105.231949,40.071413]},"properties":{"incident_id":"BFD250129-001302","incident_type":"Water Rescue","call_type":"Water Rescue","category":"water","date":"2025-01-29","year":2025,"month":1,"hour":11,"weekday":2,"is_weekend":false,"location_name":"","precision":"published_point"}},{"type":"Feature","geometry":{"type":"Point","coordinates":[-105.187395,40.056155]},"properties":{"incident_id":"BFD250129-001311","incident_type":"Auto-Aid Water Rescue","call_type":"Auto-Aid Water Rescue","category":"water","date":"2025-01-29","year":2025,"month":1,"hour":14,"weekday":2,"is_weekend":false,"location_name":"","precision":"published_point"}},{"type":"Feature","geometry":{"type":"Point","coordinates":[-105.231949,40.071413]},"properties":{"incident_id":"BFD250213-001997","incident_type":"Water Rescue","call_type":"Water Rescue","category":"water","date":"2025-02-13","year":2025,"month":2,"hour":16,"weekday":3,"is_weekend":false,"location_name":"","precision":"published_point"}},{"type":"Feature","geometry":{"type":"Point","coordinates":[-105.256059,40.005736]},"properties":{"incident_id":"BFD250214-002059","incident_type":"Rescue","call_type":"Rescue","category":"mountain","date":"2025-02-14","year":2025,"month":2,"hour":18,"weekday":4,"is_weekend":false,"location_name":"","precision":"published_point"}},{"type":"Feature","geometry":{"type":"Point","coordinates":[-105.282976,39.999699]},"properties":{"incident_id":"BFD250219-002263","incident_type":"Auto-Aid Tech Rescue","call_type":"Auto-Aid Tech Rescue","category":"mountain","date":"2025-02-19","year":2025,"month":2,"hour":5,"weekday":2,"is_weekend":false,"location_name":"","precision":"published_point"}},{"type":"Feature","geometry":{"type":"Point","coordinates":[-105.282976,39.999699]},"properties":{"incident_id":"BFD250228-002673","incident_type":"Auto-Aid Tech Rescue","call_type":"Auto-Aid Tech Rescue","category":"mountain","date":"2025-02-28","year":2025,"month":2,"hour":11,"weekday":4,"is_weekend":false,"location_name":"","precision":"published_point"}},{"type":"Feature","geometry":{"type":"Point","coordinates":[-105.282976,39.999699]},"properties":{"incident_id":"BFD250401-004235","incident_type":"Auto-Aid Tech Rescue","call_type":"Auto-Aid Tech Rescue","category":"mountain","date":"2025-04-01","year":2025,"month":4,"hour":17,"weekday":1,"is_weekend":false,"location_name":"","precision":"published_point"}},{"type":"Feature","geometry":{"type":"Point","coordinates":[-105.234638,40.00757]},"properties":{"incident_id":"BFD250407-004482","incident_type":"Rescue","call_type":"Rescue","category":"mountain","date":"2025-04-07","year":2025,"month":4,"hour":11,"weekday":0,"is_weekend":false,"location_name":"","precision":"published_point"}},{"type":"Feature","geometry":{"type":"Point","coordinates":[-105.282976,39.999699]},"properties":{"incident_id":"BFD250410-004664","incident_type":"Auto-Aid Tech Rescue","call_type":"Auto-Aid Tech Rescue","category":"mountain","date":"2025-04-10","year":2025,"month":4,"hour":18,"weekday":3,"is_weekend":false,"location_name":"","precision":"published_point"}},{"type":"Feature","geometry":{"type":"Point","coordinates":[-105.300229,39.959069]},"properties":{"incident_id":"BFD250410-004665","incident_type":"Auto-Aid Tech Rescue","call_type":"Auto-Aid Tech Rescue","category":"mountain","date":"2025-04-10","year":2025,"month":4,"hour":19,"weekday":3,"is_weekend":false,"location_name":"","precision":"published_point"}},{"type":"Feature","geometry":{"type":"Point","coordinates":[-105.281902,39.999959]},"properties":{"incident_id":"BFD250414-004846","incident_type":"Auto-Aid Tech Rescue","call_type":"Auto-Aid Tech Rescue","category":"mountain","date":"2025-04-14","year":2025,"month":4,"hour":17,"weekday":0,"is_weekend":false,"location_name":"","precision":"published_point"}},{"type":"Feature","geometry":{"type":"Point","coordinates":[-105.267011,39.976794]},"properties":{"incident_id":"BFD250502-005597","incident_type":"Auto-Aid Tech Rescue","call_type":"Auto-Aid Tech Rescue","category":"mountain","date":"2025-05-02","year":2025,"month":5,"hour":6,"weekday":4,"is_weekend":false,"location_name":"","precision":"published_point"}},{"type":"Feature","geometry":{"type":"Point","coordinates":[-105.28691,40.048051]},"properties":{"incident_id":"BFD250503-005653","incident_type":"Rescue","call_type":"Rescue","category":"mountain","date":"2025-05-03","year":2025,"month":5,"hour":8,"weekday":5,"is_weekend":true,"location_name":"","precision":"published_point"}},{"type":"Feature","geometry":{"type":"Point","coordinates":[-105.282976,39.999699]},"properties":{"incident_id":"BFD250511-005998","incident_type":"Auto-Aid Tech Rescue","call_type":"Auto-Aid Tech Rescue","category":"mountain","date":"2025-05-11","year":2025,"month":5,"hour":13,"weekday":6,"is_weekend":true,"location_name":"","precision":"published_point"}},{"type":"Feature","geometry":{"type":"Point","coordinates":[-105.300229,39.959069]},"properties":{"incident_id":"BFD250519-006359","incident_type":"Auto-Aid Tech Rescue","call_type":"Auto-Aid Tech Rescue","category":"mountain","date":"2025-05-19","year":2025,"month":5,"hour":12,"weekday":0,"is_weekend":false,"location_name":"","precision":"published_point"}},{"type":"Feature","geometry":{"type":"Point","coordinates":[-105.231949,40.071413]},"properties":{"incident_id":"BFD250605-007059","incident_type":"Water Rescue","call_type":"Water Rescue","category":"water","date":"2025-06-05","year":2025,"month":6,"hour":18,"weekday":3,"is_weekend":false,"location_name":"","precision":"published_point"}},{"type":"Feature","geometry":{"type":"Point","coordinates":[-105.282976,39.999699]},"properties":{"incident_id":"BFD250613-007401","incident_type":"Auto-Aid Tech Rescue","call_type":"Auto-Aid Tech Rescue","category":"mountain","date":"2025-06-13","year":2025,"month":6,"hour":20,"weekday":4,"is_weekend":false,"location_name":"","precision":"published_point"}},{"type":"Feature","geometry":{"type":"Point","coordinates":[-105.300229,39.959069]},"properties":{"incident_id":"BFD250614-007436","incident_type":"Auto-Aid Tech Rescue","call_type":"Auto-Aid Tech Rescue","category":"mountain","date":"2025-06-14","year":2025,"month":6,"hour":10,"weekday":5,"is_weekend":true,"location_name":"","precision":"published_point"}},{"type":"Feature","geometry":{"type":"Point","coordinates":[-105.257907,39.965171]},"properties":{"incident_id":"BFD250614-007437","incident_type":"Rescue","call_type":"Rescue","category":"mountain","date":"2025-06-14","year":2025,"month":6,"hour":11,"weekday":5,"is_weekend":true,"location_name":"","precision":"published_point"}},{"type":"Feature","geometry":{"type":"Point","coordinates":[-105.282976,39.999699]},"properties":{"incident_id":"BFD250619-007697","incident_type":"Auto-Aid Tech Rescue","call_type":"Auto-Aid Tech Rescue","category":"mountain","date":"2025-06-19","year":2025,"month":6,"hour":16,"weekday":3,"is_weekend":false,"location_name":"","precision":"published_point"}},{"type":"Feature","geometry":{"type":"Point","coordinates":[-105.234279,40.086608]},"properties":{"incident_id":"BFD250623-007890","incident_type":"Rescue","call_type":"Rescue","category":"mountain","date":"2025-06-23","year":2025,"month":6,"hour":13,"weekday":0,"is_weekend":false,"location_name":"","precision":"published_point"}},{"type":"Feature","geometry":{"type":"Point","coordinates":[-105.28691,40.048051]},"properties":{"incident_id":"BFD250630-008230","incident_type":"Rescue","call_type":"Rescue","category":"mountain","date":"2025-06-30","year":2025,"month":6,"hour":19,"weekday":0,"is_weekend":false,"location_name":"","precision":"published_point"}},{"type":"Feature","geometry":{"type":"Point","coordinates":[-105.225064,40.025475]},"properties":{"incident_id":"BFD250704-008440","incident_type":"Water Rescue","call_type":"Water Rescue","category":"water","date":"2025-07-04","year":2025,"month":7,"hour":14,"weekday":4,"is_weekend":false,"location_name":"","precision":"published_point"}},{"type":"Feature","geometry":{"type":"Point","coordinates":[-105.231949,40.071413]},"properties":{"incident_id":"BFD250708-008628","incident_type":"Rescue","call_type":"Rescue","category":"mountain","date":"2025-07-08","year":2025,"month":7,"hour":14,"weekday":1,"is_weekend":false,"location_name":"","precision":"published_point"}},{"type":"Feature","geometry":{"type":"Point","coordinates":[-105.210851,40.06782]},"properties":{"incident_id":"BFD250711-008779","incident_type":"Water Rescue","call_type":"Water Rescue","category":"water","date":"2025-07-11","year":2025,"month":7,"hour":18,"weekday":4,"is_weekend":false,"location_name":"","precision":"published_point"}},{"type":"Feature","geometry":{"type":"Point","coordinates":[-105.300229,39.959069]},"properties":{"incident_id":"BFD250716-008989","incident_type":"Auto-Aid Tech Rescue","call_type":"Auto-Aid Tech Rescue","category":"mountain","date":"2025-07-16","year":2025,"month":7,"hour":9,"weekday":2,"is_weekend":false,"location_name":"","precision":"published_point"}},{"type":"Feature","geometry":{"type":"Point","coordinates":[-105.257907,39.965171]},"properties":{"incident_id":"BFD250717-009042","incident_type":"Rescue","call_type":"Rescue","category":"mountain","date":"2025-07-17","year":2025,"month":7,"hour":12,"weekday":3,"is_weekend":false,"location_name":"","precision":"published_point"}},{"type":"Feature","geometry":{"type":"Point","coordinates":[-105.225041,40.027665]},"properties":{"incident_id":"BFD250720-009192","incident_type":"Water Rescue","call_type":"Water Rescue","category":"water","date":"2025-07-20","year":2025,"month":7,"hour":16,"weekday":6,"is_weekend":true,"location_name":"","precision":"published_point"}},{"type":"Feature","geometry":{"type":"Point","coordinates":[-105.286456,40.0554]},"properties":{"incident_id":"BFD250725-009384","incident_type":"Rescue","call_type":"Rescue","category":"mountain","date":"2025-07-25","year":2025,"month":7,"hour":9,"weekday":4,"is_weekend":false,"location_name":"","precision":"published_point"}},{"type":"Feature","geometry":{"type":"Point","coordinates":[-105.282976,39.999699]},"properties":{"incident_id":"BFD250725-009394","incident_type":"Auto-Aid Tech Rescue","call_type":"Auto-Aid Tech Rescue","category":"mountain","date":"2025-07-25","year":2025,"month":7,"hour":14,"weekday":4,"is_weekend":false,"location_name":"","precision":"published_point"}},{"type":"Feature","geometry":{"type":"Point","coordinates":[-105.28182,40.000041]},"properties":{"incident_id":"BFD250727-009454","incident_type":"Auto-Aid Tech Rescue","call_type":"Auto-Aid Tech Rescue","category":"mountain","date":"2025-07-27","year":2025,"month":7,"hour":13,"weekday":6,"is_weekend":true,"location_name":"","precision":"published_point"}},{"type":"Feature","geometry":{"type":"Point","coordinates":[-105.257907,39.965171]},"properties":{"incident_id":"BFD250729-009566","incident_type":"Auto-Aid Tech Rescue","call_type":"Auto-Aid Tech Rescue","category":"mountain","date":"2025-07-29","year":2025,"month":7,"hour":13,"weekday":1,"is_weekend":false,"location_name":"","precision":"published_point"}},{"type":"Feature","geometry":{"type":"Point","coordinates":[-105.315876,40.033497]},"properties":{"incident_id":"BFD250802-009760","incident_type":"Auto-Aid Tech Rescue","call_type":"Auto-Aid Tech Rescue","category":"mountain","date":"2025-08-02","year":2025,"month":8,"hour":17,"weekday":5,"is_weekend":true,"location_name":"","precision":"published_point"}},{"type":"Feature","geometry":{"type":"Point","coordinates":[-105.276211,39.978341]},"properties":{"incident_id":"BFD250809-010066","incident_type":"Auto-Aid Tech Rescue","call_type":"Auto-Aid Tech Rescue","category":"mountain","date":"2025-08-09","year":2025,"month":8,"hour":13,"weekday":5,"is_weekend":true,"location_name":"","precision":"published_point"}},{"type":"Feature","geometry":{"type":"Point","coordinates":[-105.231949,40.071413]},"properties":{"incident_id":"BFD250809-010077","incident_type":"Rescue","call_type":"Rescue","category":"mountain","date":"2025-08-09","year":2025,"month":8,"hour":17,"weekday":5,"is_weekend":true,"location_name":"","precision":"published_point"}},{"type":"Feature","geometry":{"type":"Point","coordinates":[-105.231949,40.071413]},"properties":{"incident_id":"BFD250814-010323","incident_type":"Rescue","call_type":"Rescue","category":"mountain","date":"2025-08-14","year":2025,"month":8,"hour":15,"weekday":3,"is_weekend":false,"location_name":"","precision":"published_point"}},{"type":"Feature","geometry":{"type":"Point","coordinates":[-105.282976,39.999699]},"properties":{"incident_id":"BFD250814-010332","incident_type":"Auto-Aid Tech Rescue","call_type":"Auto-Aid Tech Rescue","category":"mountain","date":"2025-08-14","year":2025,"month":8,"hour":18,"weekday":3,"is_weekend":false,"location_name":"","precision":"published_point"}},{"type":"Feature","geometry":{"type":"Point","coordinates":[-105.300229,39.959069]},"properties":{"incident_id":"BFD250816-010413","incident_type":"Auto-Aid Tech Rescue","call_type":"Auto-Aid Tech Rescue","category":"mountain","date":"2025-08-16","year":2025,"month":8,"hour":11,"weekday":5,"is_weekend":true,"location_name":"","precision":"published_point"}},{"type":"Feature","geometry":{"type":"Point","coordinates":[-105.276496,40.018592]},"properties":{"incident_id":"BFD250817-010469","incident_type":"Rescue","call_type":"Rescue","category":"mountain","date":"2025-08-17","year":2025,"month":8,"hour":11,"weekday":6,"is_weekend":true,"location_name":"","precision":"published_point"}},{"type":"Feature","geometry":{"type":"Point","coordinates":[-105.282976,39.999699]},"properties":{"incident_id":"BFD250826-010947","incident_type":"Auto-Aid Tech Rescue","call_type":"Auto-Aid Tech Rescue","category":"mountain","date":"2025-08-26","year":2025,"month":8,"hour":16,"weekday":1,"is_weekend":false,"location_name":"","precision":"published_point"}},{"type":"Feature","geometry":{"type":"Point","coordinates":[-105.292152,40.004123]},"properties":{"incident_id":"BFD250913-011840","incident_type":"Auto-Aid Tech Rescue","call_type":"Auto-Aid Tech Rescue","category":"mountain","date":"2025-09-13","year":2025,"month":9,"hour":1,"weekday":5,"is_weekend":true,"location_name":"","precision":"published_point"}},{"type":"Feature","geometry":{"type":"Point","coordinates":[-105.272537,40.012614]},"properties":{"incident_id":"BFD250914-011920","incident_type":"Water Rescue","call_type":"Water Rescue","category":"water","date":"2025-09-14","year":2025,"month":9,"hour":14,"weekday":6,"is_weekend":true,"location_name":"","precision":"published_point"}},{"type":"Feature","geometry":{"type":"Point","coordinates":[-105.300229,39.959069]},"properties":{"incident_id":"BFD250920-012204","incident_type":"Auto-Aid Tech Rescue","call_type":"Auto-Aid Tech Rescue","category":"mountain","date":"2025-09-20","year":2025,"month":9,"hour":2,"weekday":5,"is_weekend":true,"location_name":"","precision":"published_point"}},{"type":"Feature","geometry":{"type":"Point","coordinates":[-105.262979,39.968521]},"properties":{"incident_id":"BFD250929-012685","incident_type":"Rescue","call_type":"Rescue","category":"mountain","date":"2025-09-29","year":2025,"month":9,"hour":14,"weekday":0,"is_weekend":false,"location_name":"","precision":"published_point"}},{"type":"Feature","geometry":{"type":"Point","coordinates":[-105.282976,39.999699]},"properties":{"incident_id":"BFD251004-012918","incident_type":"Auto-Aid Tech Rescue","call_type":"Auto-Aid Tech Rescue","category":"mountain","date":"2025-10-04","year":2025,"month":10,"hour":6,"weekday":5,"is_weekend":true,"location_name":"","precision":"published_point"}},{"type":"Feature","geometry":{"type":"Point","coordinates":[-105.267011,39.976794]},"properties":{"incident_id":"BFD251009-013166","incident_type":"Auto-Aid Tech Rescue","call_type":"Auto-Aid Tech Rescue","category":"mountain","date":"2025-10-09","year":2025,"month":10,"hour":11,"weekday":3,"is_weekend":false,"location_name":"","precision":"published_point"}},{"type":"Feature","geometry":{"type":"Point","coordinates":[-105.282976,39.999699]},"properties":{"incident_id":"BFD251022-013844","incident_type":"Auto-Aid Tech Rescue","call_type":"Auto-Aid Tech Rescue","category":"mountain","date":"2025-10-22","year":2025,"month":10,"hour":18,"weekday":2,"is_weekend":false,"location_name":"","precision":"published_point"}},{"type":"Feature","geometry":{"type":"Point","coordinates":[-105.282254,40.050821]},"properties":{"incident_id":"BFD251024-013926","incident_type":"Rescue","call_type":"Rescue","category":"mountain","date":"2025-10-24","year":2025,"month":10,"hour":12,"weekday":4,"is_weekend":false,"location_name":"","precision":"published_point"}},{"type":"Feature","geometry":{"type":"Point","coordinates":[-105.267011,39.976794]},"properties":{"incident_id":"BFD251101-014396","incident_type":"Auto-Aid Tech Rescue","call_type":"Auto-Aid Tech Rescue","category":"mountain","date":"2025-11-01","year":2025,"month":11,"hour":14,"weekday":5,"is_weekend":true,"location_name":"","precision":"published_point"}},{"type":"Feature","geometry":{"type":"Point","coordinates":[-105.276211,39.978341]},"properties":{"incident_id":"BFD251102-014458","incident_type":"Rescue","call_type":"Rescue","category":"mountain","date":"2025-11-02","year":2025,"month":11,"hour":11,"weekday":6,"is_weekend":true,"location_name":"","precision":"published_point"}},{"type":"Feature","geometry":{"type":"Point","coordinates":[-105.281902,39.999959]},"properties":{"incident_id":"BFD251109-014797","incident_type":"Rescue","call_type":"Rescue","category":"mountain","date":"2025-11-09","year":2025,"month":11,"hour":12,"weekday":6,"is_weekend":true,"location_name":"","precision":"published_point"}},{"type":"Feature","geometry":{"type":"Point","coordinates":[-105.282976,39.999699]},"properties":{"incident_id":"BFD260103-000093","incident_type":"Auto-Aid Tech Rescue","call_type":"Auto-Aid Tech Rescue","category":"mountain","date":"2026-01-03","year":2026,"month":1,"hour":8,"weekday":5,"is_weekend":true,"location_name":"","precision":"published_point"}},{"type":"Feature","geometry":{"type":"Point","coordinates":[-105.212066,40.023673]},"properties":{"incident_id":"BFD260107-000278","incident_type":"Water Rescue","call_type":"Water Rescue","category":"water","date":"2026-01-07","year":2026,"month":1,"hour":13,"weekday":2,"is_weekend":false,"location_name":"","precision":"published_point"}},{"type":"Feature","geometry":{"type":"Point","coordinates":[-105.300229,39.959069]},"properties":{"incident_id":"BFD260118-000760","incident_type":"Auto-Aid Tech Rescue","call_type":"Auto-Aid Tech Rescue","category":"mountain","date":"2026-01-18","year":2026,"month":1,"hour":11,"weekday":6,"is_weekend":true,"location_name":"","precision":"published_point"}},{"type":"Feature","geometry":{"type":"Point","coordinates":[-105.220385,39.993043]},"properties":{"incident_id":"BFD260119-000801","incident_type":"Water Rescue","call_type":"Water Rescue","category":"water","date":"2026-01-19","year":2026,"month":1,"hour":14,"weekday":0,"is_weekend":false,"location_name":"","precision":"published_point"}},{"type":"Feature","geometry":{"type":"Point","coordinates":[-105.282976,39.999699]},"properties":{"incident_id":"BFD260121-000883","incident_type":"Auto-Aid Tech Rescue","call_type":"Auto-Aid Tech Rescue","category":"mountain","date":"2026-01-21","year":2026,"month":1,"hour":14,"weekday":2,"is_weekend":false,"location_name":"","precision":"published_point"}},{"type":"Feature","geometry":{"type":"Point","coordinates":[-105.300229,39.959069]},"properties":{"incident_id":"BFD260209-001838","incident_type":"Auto-Aid Tech Rescue","call_type":"Auto-Aid Tech Rescue","category":"mountain","date":"2026-02-09","year":2026,"month":2,"hour":8,"weekday":0,"is_weekend":false,"location_name":"","precision":"published_point"}},{"type":"Feature","geometry":{"type":"Point","coordinates":[-105.300229,39.959069]},"properties":{"incident_id":"BFD260219-002277","incident_type":"Rescue","call_type":"Rescue","category":"mountain","date":"2026-02-19","year":2026,"month":2,"hour":8,"weekday":3,"is_weekend":false,"location_name":"","precision":"published_point"}},{"type":"Feature","geometry":{"type":"Point","coordinates":[-105.300229,39.959069]},"properties":{"incident_id":"BFD260220-002325","incident_type":"Auto-Aid Tech Rescue","call_type":"Auto-Aid Tech Rescue","category":"mountain","date":"2026-02-20","year":2026,"month":2,"hour":11,"weekday":4,"is_weekend":false,"location_name":"","precision":"published_point"}},{"type":"Feature","geometry":{"type":"Point","coordinates":[-105.294484,40.014548]},"properties":{"incident_id":"BFD260301-002722","incident_type":"Rescue","call_type":"Rescue","category":"mountain","date":"2026-03-01","year":2026,"month":3,"hour":15,"weekday":6,"is_weekend":true,"location_name":"","precision":"published_point"}},{"type":"Feature","geometry":{"type":"Point","coordinates":[-105.300229,39.959069]},"properties":{"incident_id":"BFD260303-002787","incident_type":"Auto-Aid Tech Rescue","call_type":"Auto-Aid Tech Rescue","category":"mountain","date":"2026-03-03","year":2026,"month":3,"hour":10,"weekday":1,"is_weekend":false,"location_name":"","precision":"published_point"}},{"type":"Feature","geometry":{"type":"Point","coordinates":[-105.300229,39.959069]},"properties":{"incident_id":"BFD260305-002898","incident_type":"Rescue","call_type":"Rescue","category":"mountain","date":"2026-03-05","year":2026,"month":3,"hour":16,"weekday":3,"is_weekend":false,"location_name":"","precision":"published_point"}},{"type":"Feature","geometry":{"type":"Point","coordinates":[-105.282976,39.999699]},"properties":{"incident_id":"BFD260305-002904","incident_type":"Auto-Aid Tech Rescue","call_type":"Auto-Aid Tech Rescue","category":"mountain","date":"2026-03-05","year":2026,"month":3,"hour":19,"weekday":3,"is_weekend":false,"location_name":"","precision":"published_point"}},{"type":"Feature","geometry":{"type":"Point","coordinates":[-105.250159,40.018152]},"properties":{"incident_id":"BFD260309-003055","incident_type":"Rescue","call_type":"Rescue","category":"mountain","date":"2026-03-09","year":2026,"month":3,"hour":15,"weekday":0,"is_weekend":false,"location_name":"","precision":"published_point"}},{"type":"Feature","geometry":{"type":"Point","coordinates":[-105.300229,39.959069]},"properties":{"incident_id":"BFD260419-004839","incident_type":"Auto-Aid Tech Rescue","call_type":"Auto-Aid Tech Rescue","category":"mountain","date":"2026-04-19","year":2026,"month":4,"hour":13,"weekday":6,"is_weekend":true,"location_name":"","precision":"published_point"}},{"type":"Feature","geometry":{"type":"Point","coordinates":[-105.300229,39.959069]},"properties":{"incident_id":"BFD260421-004953","incident_type":"Auto-Aid Tech Rescue","call_type":"Auto-Aid Tech Rescue","category":"mountain","date":"2026-04-21","year":2026,"month":4,"hour":13,"weekday":1,"is_weekend":false,"location_name":"","precision":"published_point"}},{"type":"Feature","geometry":{"type":"Point","coordinates":[-105.278133,39.97843]},"properties":{"incident_id":"BFD260422-005003","incident_type":"Auto-Aid Tech Rescue","call_type":"Auto-Aid Tech Rescue","category":"mountain","date":"2026-04-22","year":2026,"month":4,"hour":12,"weekday":2,"is_weekend":false,"location_name":"","precision":"published_point"}},{"type":"Feature","geometry":{"type":"Point","coordinates":[-105.300229,39.959069]},"properties":{"incident_id":"BFD260502-005474","incident_type":"Rescue","call_type":"Rescue","category":"mountain","date":"2026-05-02","year":2026,"month":5,"hour":16,"weekday":5,"is_weekend":true,"location_name":"","precision":"published_point"}},{"type":"Feature","geometry":{"type":"Point","coordinates":[-105.282976,39.999699]},"properties":{"incident_id":"BFD260512-005940","incident_type":"Auto-Aid Tech Rescue","call_type":"Auto-Aid Tech Rescue","category":"mountain","date":"2026-05-12","year":2026,"month":5,"hour":13,"weekday":1,"is_weekend":false,"location_name":"","precision":"published_point"}},{"type":"Feature","geometry":{"type":"Point","coordinates":[-105.300229,39.959069]},"properties":{"incident_id":"BFD260514-006044","incident_type":"Auto-Aid Tech Rescue","call_type":"Auto-Aid Tech Rescue","category":"mountain","date":"2026-05-14","year":2026,"month":5,"hour":11,"weekday":3,"is_weekend":false,"location_name":"","precision":"published_point"}},{"type":"Feature","geometry":{"type":"Point","coordinates":[-105.282976,39.999699]},"properties":{"incident_id":"BFD260514-006058","incident_type":"Auto-Aid Tech Rescue","call_type":"Auto-Aid Tech Rescue","category":"mountain","date":"2026-05-14","year":2026,"month":5,"hour":15,"weekday":3,"is_weekend":false,"location_name":"","precision":"published_point"}},{"type":"Feature","geometry":{"type":"Point","coordinates":[-105.291901,40.046866]},"properties":{"incident_id":"BFD260522-006380","incident_type":"Rescue","call_type":"Rescue","category":"mountain","date":"2026-05-22","year":2026,"month":5,"hour":9,"weekday":4,"is_weekend":false,"location_name":"","precision":"published_point"}},{"type":"Feature","geometry":{"type":"Point","coordinates":[-105.300229,39.959069]},"properties":{"incident_id":"BFD260522-006389","incident_type":"Auto-Aid Tech Rescue","call_type":"Auto-Aid Tech Rescue","category":"mountain","date":"2026-05-22","year":2026,"month":5,"hour":12,"weekday":4,"is_weekend":false,"location_name":"","precision":"published_point"}},{"type":"Feature","geometry":{"type":"Point","coordinates":[-105.231949,40.071413]},"properties":{"incident_id":"BFD260524-006475","incident_type":"Rescue","call_type":"Rescue","category":"mountain","date":"2026-05-24","year":2026,"month":5,"hour":16,"weekday":6,"is_weekend":true,"location_name":"","precision":"published_point"}},{"type":"Feature","geometry":{"type":"Point","coordinates":[-105.300229,39.959069]},"properties":{"incident_id":"BFD260526-006603","incident_type":"Auto-Aid Tech Rescue","call_type":"Auto-Aid Tech Rescue","category":"mountain","date":"2026-05-26","year":2026,"month":5,"hour":10,"weekday":1,"is_weekend":false,"location_name":"","precision":"published_point"}},{"type":"Feature","geometry":{"type":"Point","coordinates":[-105.300229,39.959069]},"properties":{"incident_id":"BFD260605-007032","incident_type":"Auto-Aid Tech Rescue","call_type":"Auto-Aid Tech Rescue","category":"mountain","date":"2026-06-05","year":2026,"month":6,"hour":6,"weekday":4,"is_weekend":false,"location_name":"","precision":"published_point"}},{"type":"Feature","geometry":{"type":"Point","coordinates":[-105.300229,39.959069]},"properties":{"incident_id":"BFD260605-007047","incident_type":"Auto-Aid Tech Rescue","call_type":"Auto-Aid Tech Rescue","category":"mountain","date":"2026-06-05","year":2026,"month":6,"hour":14,"weekday":4,"is_weekend":false,"location_name":"","precision":"published_point"}},{"type":"Feature","geometry":{"type":"Point","coordinates":[-105.290783,39.999498]},"properties":{"incident_id":"BFD260606-007099","incident_type":"Auto-Aid Tech Rescue","call_type":"Auto-Aid Tech Rescue","category":"mountain","date":"2026-06-06","year":2026,"month":6,"hour":11,"weekday":5,"is_weekend":true,"location_name":"","precision":"published_point"}},{"type":"Feature","geometry":{"type":"Point","coordinates":[-105.281304,40.01762]},"properties":{"incident_id":"BFD260612-007368","incident_type":"Rescue","call_type":"Rescue","category":"mountain","date":"2026-06-12","year":2026,"month":6,"hour":23,"weekday":4,"is_weekend":false,"location_name":"","precision":"published_point"}},{"type":"Feature","geometry":{"type":"Point","coordinates":[-105.250159,40.018152]},"properties":{"incident_id":"BFD260614-007431","incident_type":"Rescue","call_type":"Rescue","category":"mountain","date":"2026-06-14","year":2026,"month":6,"hour":18,"weekday":6,"is_weekend":true,"location_name":"","precision":"published_point"}},{"type":"Feature","geometry":{"type":"Point","coordinates":[-105.300229,39.959069]},"properties":{"incident_id":"BFD260620-007707","incident_type":"Auto-Aid Tech Rescue","call_type":"Auto-Aid Tech Rescue","category":"mountain","date":"2026-06-20","year":2026,"month":6,"hour":12,"weekday":5,"is_weekend":true,"location_name":"","precision":"published_point"}},{"type":"Feature","geometry":{"type":"Point","coordinates":[-105.296751,40.012725]},"properties":{"incident_id":"BFD260620-007713","incident_type":"Water Rescue","call_type":"Water Rescue","category":"water","date":"2026-06-20","year":2026,"month":6,"hour":15,"weekday":5,"is_weekend":true,"location_name":"","precision":"published_point"}},{"type":"Feature","geometry":{"type":"Point","coordinates":[-105.231949,40.071413]},"properties":{"incident_id":"BFD260621-007772","incident_type":"Rescue","call_type":"Rescue","category":"mountain","date":"2026-06-21","year":2026,"month":6,"hour":15,"weekday":6,"is_weekend":true,"location_name":"","precision":"published_point"}},{"type":"Feature","geometry":{"type":"Point","coordinates":[-105.300229,39.959069]},"properties":{"incident_id":"BFD260626-007994","incident_type":"Auto-Aid Tech Rescue","call_type":"Auto-Aid Tech Rescue","category":"mountain","date":"2026-06-26","year":2026,"month":6,"hour":12,"weekday":4,"is_weekend":false,"location_name":"","precision":"published_point"}},{"type":"Feature","geometry":{"type":"Point","coordinates":[-105.282976,39.999699]},"properties":{"incident_id":"BFD260702-008274","incident_type":"Auto-Aid Tech Rescue","call_type":"Auto-Aid Tech Rescue","category":"mountain","date":"2026-07-02","year":2026,"month":7,"hour":12,"weekday":3,"is_weekend":false,"location_name":"","precision":"published_point"}},{"type":"Feature","geometry":{"type":"Point","coordinates":[-105.231949,40.071413]},"properties":{"incident_id":"BFD260703-008315","incident_type":"Water Rescue","call_type":"Water Rescue","category":"water","date":"2026-07-03","year":2026,"month":7,"hour":10,"weekday":4,"is_weekend":false,"location_name":"","precision":"published_point"}},{"type":"Feature","geometry":{"type":"Point","coordinates":[-105.300229,39.959069]},"properties":{"incident_id":"BFD260703-008317","incident_type":"Auto-Aid Tech Rescue","call_type":"Auto-Aid Tech Rescue","category":"mountain","date":"2026-07-03","year":2026,"month":7,"hour":11,"weekday":4,"is_weekend":false,"location_name":"","precision":"published_point"}},{"type":"Feature","geometry":{"type":"Point","coordinates":[-105.300229,39.959069]},"properties":{"incident_id":"BFD260709-008560","incident_type":"Rescue","call_type":"Rescue","category":"mountain","date":"2026-07-09","year":2026,"month":7,"hour":13,"weekday":3,"is_weekend":false,"location_name":"","precision":"published_point"}},{"type":"Feature","geometry":{"type":"Point","coordinates":[-105.282976,39.999699]},"properties":{"incident_id":"BFD260710-008611","incident_type":"Auto-Aid Tech Rescue","call_type":"Auto-Aid Tech Rescue","category":"mountain","date":"2026-07-10","year":2026,"month":7,"hour":19,"weekday":4,"is_weekend":false,"location_name":"","precision":"published_point"}},{"type":"Feature","geometry":{"type":"Point","coordinates":[-105.286909,40.04805]},"properties":{"incident_id":"BFD260711-008647","incident_type":"Rescue","call_type":"Rescue","category":"mountain","date":"2026-07-11","year":2026,"month":7,"hour":17,"weekday":5,"is_weekend":true,"location_name":"","precision":"published_point"}},{"type":"Feature","geometry":{"type":"Point","coordinates":[-105.282976,39.999699]},"properties":{"incident_id":"BFD260711-008656","incident_type":"Auto-Aid Tech Rescue","call_type":"Auto-Aid Tech Rescue","category":"mountain","date":"2026-07-11","year":2026,"month":7,"hour":21,"weekday":5,"is_weekend":true,"location_name":"","precision":"published_point"}},{"type":"Feature","geometry":{"type":"Point","coordinates":[-105.300229,39.959069]},"properties":{"incident_id":"BFD260712-008681","incident_type":"Auto-Aid Tech Rescue","call_type":"Auto-Aid Tech Rescue","category":"mountain","date":"2026-07-12","year":2026,"month":7,"hour":11,"weekday":6,"is_weekend":true,"location_name":"","precision":"published_point"}},{"type":"Feature","geometry":{"type":"Point","coordinates":[-105.282976,39.999699]},"properties":{"incident_id":"BFD260722-009140","incident_type":"Auto-Aid Tech Rescue","call_type":"Auto-Aid Tech Rescue","category":"mountain","date":"2026-07-22","year":2026,"month":7,"hour":12,"weekday":2,"is_weekend":false,"location_name":"","precision":"published_point"}},{"type":"Feature","geometry":{"type":"Point","coordinates":[-105.300229,39.959069]},"properties":{"incident_id":"BFD260809-009950","incident_type":"Auto-Aid Tech Rescue","call_type":"Auto-Aid Tech Rescue","category":"mountain","date":"2026-08-09","year":2026,"month":8,"hour":10,"weekday":6,"is_weekend":true,"location_name":"","precision":"published_point"}},{"type":"Feature","geometry":{"type":"Point","coordinates":[-105.282976,39.999699]},"properties":{"incident_id":"BFD260809-009957","incident_type":"Auto-Aid Tech Rescue","call_type":"Auto-Aid Tech Rescue","category":"mountain","date":"2026-08-09","year":2026,"month":8,"hour":13,"weekday":6,"is_weekend":true,"location_name":"","precision":"published_point"}},{"type":"Feature","geometry":{"type":"Point","coordinates":[-105.300229,39.959069]},"properties":{"incident_id":"BFD260810-009985","incident_type":"Auto-Aid Tech Rescue","call_type":"Auto-Aid Tech Rescue","category":"mountain","date":"2026-08-10","year":2026,"month":8,"hour":12,"weekday":0,"is_weekend":false,"location_name":"","precision":"published_point"}},{"type":"Feature","geometry":{"type":"Point","coordinates":[-105.178407,40.042993]},"properties":{"incident_id":"BFD260812-010088","incident_type":"Rescue","call_type":"Rescue","category":"mountain","date":"2026-08-12","year":2026,"month":8,"hour":15,"weekday":2,"is_weekend":false,"location_name":"","precision":"published_point"}},{"type":"Feature","geometry":{"type":"Point","coordinates":[-105.300229,39.959069]},"properties":{"incident_id":"BFD260816-010255","incident_type":"Auto-Aid Tech Rescue","call_type":"Auto-Aid Tech Rescue","category":"mountain","date":"2026-08-16","year":2026,"month":8,"hour":16,"weekday":6,"is_weekend":true,"location_name":"","precision":"published_point"}},{"type":"Feature","geometry":{"type":"Point","coordinates":[-105.282976,39.999699]},"properties":{"incident_id":"BFD260820-010465","incident_type":"Auto-Aid Tech Rescue","call_type":"Auto-Aid Tech Rescue","category":"mountain","date":"2026-08-20","year":2026,"month":8,"hour":13,"weekday":3,"is_weekend":false,"location_name":"","precision":"published_point"}},{"type":"Feature","geometry":{"type":"Point","coordinates":[-105.282976,39.999699]},"properties":{"incident_id":"BFD260823-010663","incident_type":"Auto-Aid Tech Rescue","call_type":"Auto-Aid Tech Rescue","category":"mountain","date":"2026-08-23","year":2026,"month":8,"hour":12,"weekday":6,"is_weekend":true,"location_name":"","precision":"published_point"}},{"type":"Feature","geometry":{"type":"Point","coordinates":[-105.250159,40.018152]},"properties":{"incident_id":"BFD260903-011183","incident_type":"Rescue","call_type":"Rescue","category":"mountain","date":"2026-09-03","year":2026,"month":9,"hour":6,"weekday":3,"is_weekend":false,"location_name":"","precision":"published_point"}},{"type":"Feature","geometry":{"type":"Point","coordinates":[-105.250159,40.018152]},"properties":{"incident_id":"BFD260903-011184","incident_type":"Rescue","call_type":"Rescue","category":"mountain","date":"2026-09-03","year":2026,"month":9,"hour":6,"weekday":3,"is_weekend":false,"location_name":"","precision":"published_point"}},{"type":"Feature","geometry":{"type":"Point","coordinates":[-105.27216,39.986281]},"properties":{"incident_id":"BFD260905-011315","incident_type":"Auto-Aid Tech Rescue","call_type":"Auto-Aid Tech Rescue","category":"mountain","date":"2026-09-05","year":2026,"month":9,"hour":12,"weekday":5,"is_weekend":true,"location_name":"","precision":"published_point"}},{"type":"Feature","geometry":{"type":"Point","coordinates":[-105.286344,40.055463]},"properties":{"incident_id":"BFD260906-011361","incident_type":"Rescue","call_type":"Rescue","category":"mountain","date":"2026-09-06","year":2026,"month":9,"hour":12,"weekday":6,"is_weekend":true,"location_name":"","precision":"published_point"}},{"type":"Feature","geometry":{"type":"Point","coordinates":[-105.300229,39.959069]},"properties":{"incident_id":"BFD260912-011675","incident_type":"Auto-Aid Tech Rescue","call_type":"Auto-Aid Tech Rescue","category":"mountain","date":"2026-09-12","year":2026,"month":9,"hour":11,"weekday":5,"is_weekend":true,"location_name":"","precision":"published_point"}},{"type":"Feature","geometry":{"type":"Point","coordinates":[-105.290436,40.063814]},"properties":{"incident_id":"BFD260915-011820","incident_type":"Rescue","call_type":"Rescue","category":"mountain","date":"2026-09-15","year":2026,"month":9,"hour":10,"weekday":1,"is_weekend":false,"location_name":"","precision":"published_point"}},{"type":"Feature","geometry":{"type":"Point","coordinates":[-105.083874,39.971901]},"properties":{"incident_id":"BFD260916-011876","incident_type":"Rescue","call_type":"Rescue","category":"mountain","date":"2026-09-16","year":2026,"month":9,"hour":16,"weekday":2,"is_weekend":false,"location_name":"","precision":"published_point"}},{"type":"Feature","geometry":{"type":"Point","coordinates":[-105.083874,39.971901]},"properties":{"incident_id":"BFD260917-011913","incident_type":"Rescue","call_type":"Rescue","category":"mountain","date":"2026-09-17","year":2026,"month":9,"hour":10,"weekday":3,"is_weekend":false,"location_name":"","precision":"published_point"}},{"type":"Feature","geometry":{"type":"Point","coordinates":[-105.300229,39.959069]},"properties":{"incident_id":"BFD260921-012106","incident_type":"Auto-Aid Tech Rescue","call_type":"Auto-Aid Tech Rescue","category":"mountain","date":"2026-09-21","year":2026,"month":9,"hour":11,"weekday":0,"is_weekend":false,"location_name":"","precision":"published_point"}},{"type":"Feature","geometry":{"type":"Point","coordinates":[-105.24926,39.975173]},"properties":{"incident_id":"BFD260922-012148","incident_type":"Rescue","call_type":"Rescue","category":"mountain","date":"2026-09-22","year":2026,"month":9,"hour":8,"weekday":1,"is_weekend":false,"location_name":"","precision":"published_point"}},{"type":"Feature","geometry":{"type":"Point","coordinates":[-105.300229,39.959069]},"properties":{"incident_id":"BFD260924-012235","incident_type":"Auto-Aid Tech Rescue","call_type":"Auto-Aid Tech Rescue","category":"mountain","date":"2026-09-24","year":2026,"month":9,"hour":8,"weekday":3,"is_weekend":false,"location_name":"","precision":"published_point"}},{"type":"Feature","geometry":{"type":"Point","coordinates":[-105.218873,39.993142]},"properties":{"incident_id":"BFD260925-012312","incident_type":"Rescue","call_type":"Rescue","category":"mountain","date":"2026-09-25","year":2026,"month":9,"hour":15,"weekday":4,"is_weekend":false,"location_name":"","precision":"published_point"}}]}