{"type":"FeatureCollection","features":[{"type":"Feature","geometry":{"type":"Point","coordinates":[-112.069562,33.536196]},"properties":{"incident_type":"check flooding condition","behavioral_cluster":"flash_flood_stranded","date":"2019-01-02","hour":10,"time_of_day_bucket":"day","is_weekend":false,"location_name":"1XX E LAMAR RD","year":2019,"precision":"hundred_block"}},{"type":"Feature","geometry":{"type":"Point","coordinates":[-112.017433,33.468768]},"properties":{"incident_type":"check flooding condition","behavioral_cluster":"flash_flood_stranded","date":"2019-01-02","hour":11,"time_of_day_bucket":"day","is_weekend":false,"location_name":"29XX E GRANADA RD","year":2019,"precision":"hundred_block"}},{"type":"Feature","geometry":{"type":"Point","coordinates":[-112.184316,33.480837]},"properties":{"incident_type":"check flooding condition","behavioral_cluster":"flash_flood_stranded","date":"2019-01-06","hour":23,"time_of_day_bucket":"night","is_weekend":true,"location_name":"57XX W THOMAS RD","year":2019,"precision":"hundred_block"}},{"type":"Feature","geometry":{"type":"Point","coordinates":[-112.100512,33.363225]},"properties":{"incident_type":"mountain rescue","behavioral_cluster":"recreational_underequipped","date":"2019-01-09","hour":10,"time_of_day_bucket":"day","is_weekend":false,"location_name":"S 19TH AV/W DOBBINS RD","year":2019,"precision":"intersection"}},{"type":"Feature","geometry":{"type":"Point","coordinates":[-112.101502,33.717186]},"properties":{"incident_type":"mountain rescue","behavioral_cluster":"recreational_underequipped","date":"2019-01-12","hour":14,"time_of_day_bucket":"day","is_weekend":true,"location_name":"19XX W DESERT VISTA TL","year":2019,"precision":"hundred_block"}},{"type":"Feature","geometry":{"type":"Point","coordinates":[-111.984285,33.59661]},"properties":{"incident_type":"check flooding condition","behavioral_cluster":"flash_flood_stranded","date":"2019-01-12","hour":22,"time_of_day_bucket":"night","is_weekend":true,"location_name":"44XX E PARADISE VILLAGE PW S","year":2019,"precision":"hundred_block"}},{"type":"Feature","geometry":{"type":"Point","coordinates":[-112.049142,33.763638]},"properties":{"incident_type":"mountain rescue","behavioral_cluster":"recreational_underequipped","date":"2019-01-19","hour":12,"time_of_day_bucket":"day","is_weekend":true,"location_name":"16XX E SONORAN DESERT DR","year":2019,"precision":"hundred_block"}},{"type":"Feature","geometry":{"type":"Point","coordinates":[-111.975488,33.599181]},"properties":{"incident_type":"check flooding condition","behavioral_cluster":"flash_flood_stranded","date":"2019-01-20","hour":6,"time_of_day_bucket":"dawn","is_weekend":true,"location_name":"122XX N PARADISE VILLAGE PW","year":2019,"precision":"hundred_block"}},{"type":"Feature","geometry":{"type":"Point","coordinates":[-111.994748,33.612034]},"properties":{"incident_type":"check flooding condition","behavioral_cluster":"flash_flood_stranded","date":"2019-01-22","hour":22,"time_of_day_bucket":"night","is_weekend":false,"location_name":"40XX E THUNDERBIRD RD","year":2019,"precision":"hundred_block"}},{"type":"Feature","geometry":{"type":"Point","coordinates":[-112.053564,33.394275]},"properties":{"incident_type":"check flooding condition","behavioral_cluster":"flash_flood_stranded","date":"2019-01-23","hour":20,"time_of_day_bucket":"dusk","is_weekend":false,"location_name":"56XX S 13TH AV","year":2019,"precision":"hundred_block"}},{"type":"Feature","geometry":{"type":"Point","coordinates":[-111.977276,33.52113]},"properties":{"incident_type":"mountain rescue","behavioral_cluster":"recreational_underequipped","date":"2019-01-24","hour":18,"time_of_day_bucket":"dusk","is_weekend":false,"location_name":"57XX N ECHO CANYON PW","year":2019,"precision":"hundred_block"}},{"type":"Feature","geometry":{"type":"Point","coordinates":[-112.118189,33.588027]},"properties":{"incident_type":"check flooding condition","behavioral_cluster":"flash_flood_stranded","date":"2019-02-01","hour":21,"time_of_day_bucket":"night","is_weekend":false,"location_name":"110XX N BILTMORE DR","year":2019,"precision":"hundred_block"}},{"type":"Feature","geometry":{"type":"Point","coordinates":[-112.160569,33.661476]},"properties":{"incident_type":"check flooding condition","behavioral_cluster":"flash_flood_stranded","date":"2019-02-02","hour":6,"time_of_day_bucket":"dawn","is_weekend":true,"location_name":"192XX N 47TH DR","year":2019,"precision":"hundred_block"}},{"type":"Feature","geometry":{"type":"Point","coordinates":[-112.032558,33.666336]},"properties":{"incident_type":"check flooding condition","behavioral_cluster":"flash_flood_stranded","date":"2019-02-12","hour":10,"time_of_day_bucket":"day","is_weekend":false,"location_name":"196XX N CAVE CREEK RD","year":2019,"precision":"hundred_block"}},{"type":"Feature","geometry":{"type":"Point","coordinates":[-112.021929,33.613002]},"properties":{"incident_type":"mountain rescue","behavioral_cluster":"recreational_underequipped","date":"2019-02-13","hour":15,"time_of_day_bucket":"day","is_weekend":false,"location_name":"N 28TH ST/E FRIESS DR","year":2019,"precision":"intersection"}},{"type":"Feature","geometry":{"type":"Point","coordinates":[-111.99573,33.582753]},"properties":{"incident_type":"mountain rescue","behavioral_cluster":"recreational_underequipped","date":"2019-02-17","hour":14,"time_of_day_bucket":"day","is_weekend":true,"location_name":"N 40TH ST/E SHEA BL","year":2019,"precision":"intersection"}},{"type":"Feature","geometry":{"type":"Point","coordinates":[-112.176455,33.495192]},"properties":{"incident_type":"check flooding condition","behavioral_cluster":"flash_flood_stranded","date":"2019-02-19","hour":21,"time_of_day_bucket":"night","is_weekend":false,"location_name":"54XX W INDIAN SCHOOL RD","year":2019,"precision":"hundred_block"}},{"type":"Feature","geometry":{"type":"Point","coordinates":[-112.004644,33.472836]},"properties":{"incident_type":"check flooding condition","behavioral_cluster":"flash_flood_stranded","date":"2019-02-28","hour":20,"time_of_day_bucket":"dusk","is_weekend":false,"location_name":"22XX N 36TH ST","year":2019,"precision":"hundred_block"}},{"type":"Feature","geometry":{"type":"Point","coordinates":[-112.030407,33.447447]},"properties":{"incident_type":"check flooding condition","behavioral_cluster":"flash_flood_stranded","date":"2019-03-01","hour":13,"time_of_day_bucket":"day","is_weekend":false,"location_name":"XX N 24TH ST","year":2019,"precision":"hundred_block"}},{"type":"Feature","geometry":{"type":"Point","coordinates":[-111.977276,33.52113]},"properties":{"incident_type":"mountain rescue","behavioral_cluster":"recreational_underequipped","date":"2019-03-05","hour":11,"time_of_day_bucket":"day","is_weekend":false,"location_name":"57XX N ECHO CANYON PW","year":2019,"precision":"hundred_block"}},{"type":"Feature","geometry":{"type":"Point","coordinates":[-111.993237,33.353307]},"properties":{"incident_type":"mountain rescue","behavioral_cluster":"recreational_underequipped","date":"2019-03-09","hour":7,"time_of_day_bucket":"dawn","is_weekend":true,"location_name":"S 43RD ST/E SUNRISE DR","year":2019,"precision":"intersection"}},{"type":"Feature","geometry":{"type":"Point","coordinates":[-112.199274,33.466194]},"properties":{"incident_type":"check flooding condition","behavioral_cluster":"flash_flood_stranded","date":"2019-03-11","hour":0,"time_of_day_bucket":"night","is_weekend":false,"location_name":"64XX W MCDOWELL RD","year":2019,"precision":"hundred_block"}},{"type":"Feature","geometry":{"type":"Point","coordinates":[-111.928775,33.495129]},"properties":{"incident_type":"check flooding condition","behavioral_cluster":"flash_flood_stranded","date":"2019-03-11","hour":0,"time_of_day_bucket":"night","is_weekend":false,"location_name":"70XX W INDIAN SCHOOL RD","year":2019,"precision":"hundred_block"}},{"type":"Feature","geometry":{"type":"Point","coordinates":[-112.151786,33.415362]},"properties":{"incident_type":"water rescue","behavioral_cluster":"flash_flood_stranded","date":"2019-03-17","hour":0,"time_of_day_bucket":"night","is_weekend":true,"location_name":"S 43RD AV/W ELWOOD ST","year":2019,"precision":"intersection"}},{"type":"Feature","geometry":{"type":"Point","coordinates":[-111.966867,33.763851]},"properties":{"incident_type":"check flooding condition","behavioral_cluster":"flash_flood_stranded","date":"2019-03-21","hour":9,"time_of_day_bucket":"day","is_weekend":false,"location_name":"52XX E MONTGOMERY RD","year":2019,"precision":"hundred_block"}},{"type":"Feature","geometry":{"type":"Point","coordinates":[-111.996117,33.569163]},"properties":{"incident_type":"mountain rescue","behavioral_cluster":"recreational_underequipped","date":"2019-03-22","hour":10,"time_of_day_bucket":"day","is_weekend":false,"location_name":"90XX N 40TH ST","year":2019,"precision":"hundred_block"}},{"type":"Feature","geometry":{"type":"Point","coordinates":[-112.043768,33.487488]},"properties":{"incident_type":"water rescue","behavioral_cluster":"flash_flood_stranded","date":"2019-03-26","hour":14,"time_of_day_bucket":"day","is_weekend":false,"location_name":"N 18TH ST/E OSBORN RD","year":2019,"precision":"intersection"}},{"type":"Feature","geometry":{"type":"Point","coordinates":[-112.012947,33.531858]},"properties":{"incident_type":"mountain rescue","behavioral_cluster":"recreational_underequipped","date":"2019-03-28","hour":8,"time_of_day_bucket":"dawn","is_weekend":false,"location_name":"N 32ND ST/E LINCOLN DR","year":2019,"precision":"intersection"}},{"type":"Feature","geometry":{"type":"Point","coordinates":[-111.996859,33.350607]},"properties":{"incident_type":"mountain rescue","behavioral_cluster":"recreational_underequipped","date":"2019-03-31","hour":14,"time_of_day_bucket":"day","is_weekend":true,"location_name":"S 40TH PL/E SAN GABRIEL AV","year":2019,"precision":"intersection"}},{"type":"Feature","geometry":{"type":"Point","coordinates":[-112.010751,33.324975]},"properties":{"incident_type":"mountain rescue","behavioral_cluster":"recreational_underequipped","date":"2019-04-04","hour":12,"time_of_day_bucket":"day","is_weekend":false,"location_name":"E KNOX RD/S WARPAINT DR","year":2019,"precision":"intersection"}},{"type":"Feature","geometry":{"type":"Point","coordinates":[-112.000176,33.460929]},"properties":{"incident_type":"check flooding condition","behavioral_cluster":"flash_flood_stranded","date":"2019-04-07","hour":23,"time_of_day_bucket":"night","is_weekend":true,"location_name":"12XX N 40TH ST","year":2019,"precision":"hundred_block"}},{"type":"Feature","geometry":{"type":"Point","coordinates":[-111.970634,33.451416]},"properties":{"incident_type":"check flooding condition","behavioral_cluster":"flash_flood_stranded","date":"2019-04-08","hour":22,"time_of_day_bucket":"night","is_weekend":false,"location_name":"51XX E VAN BUREN ST","year":2019,"precision":"hundred_block"}},{"type":"Feature","geometry":{"type":"Point","coordinates":[-112.100351,33.303033]},"properties":{"incident_type":"mountain rescue","behavioral_cluster":"recreational_underequipped","date":"2019-04-09","hour":8,"time_of_day_bucket":"dawn","is_weekend":false,"location_name":"S 19TH AV/W CHANDLER BL","year":2019,"precision":"intersection"}},{"type":"Feature","geometry":{"type":"Point","coordinates":[-112.169506,33.448941]},"properties":{"incident_type":"check flooding condition","behavioral_cluster":"flash_flood_stranded","date":"2019-04-09","hour":10,"time_of_day_bucket":"day","is_weekend":false,"location_name":"XX S 51ST AV","year":2019,"precision":"hundred_block"}},{"type":"Feature","geometry":{"type":"Point","coordinates":[-112.001346,33.294087]},"properties":{"incident_type":"check flooding condition","behavioral_cluster":"flash_flood_stranded","date":"2019-04-10","hour":2,"time_of_day_bucket":"night","is_weekend":false,"location_name":"166XX N 38TH ST","year":2019,"precision":"hundred_block"}},{"type":"Feature","geometry":{"type":"Point","coordinates":[-112.243514,33.466104]},"properties":{"incident_type":"check flooding condition","behavioral_cluster":"flash_flood_stranded","date":"2019-04-10","hour":5,"time_of_day_bucket":"dawn","is_weekend":false,"location_name":"85XX W MCDOWELL RD","year":2019,"precision":"hundred_block"}},{"type":"Feature","geometry":{"type":"Point","coordinates":[-112.079308,33.458508]},"properties":{"incident_type":"check flooding condition","behavioral_cluster":"flash_flood_stranded","date":"2019-04-10","hour":9,"time_of_day_bucket":"day","is_weekend":false,"location_name":"8XX S 4TH AV","year":2019,"precision":"hundred_block"}},{"type":"Feature","geometry":{"type":"Point","coordinates":[-112.038066,33.582042]},"properties":{"incident_type":"mountain rescue","behavioral_cluster":"recreational_underequipped","date":"2019-04-10","hour":10,"time_of_day_bucket":"day","is_weekend":false,"location_name":"N 21ST PL/E SHEA BL","year":2019,"precision":"intersection"}},{"type":"Feature","geometry":{"type":"Point","coordinates":[-112.095279,33.509907]},"properties":{"incident_type":"check flooding condition","behavioral_cluster":"flash_flood_stranded","date":"2019-04-12","hour":4,"time_of_day_bucket":"night","is_weekend":false,"location_name":"16XX W CAMELBACK RD","year":2019,"precision":"hundred_block"}},{"type":"Feature","geometry":{"type":"Point","coordinates":[-112.006822,33.466689]},"properties":{"incident_type":"check flooding condition","behavioral_cluster":"flash_flood_stranded","date":"2019-04-13","hour":12,"time_of_day_bucket":"day","is_weekend":true,"location_name":"34XX E MCDOWELL RD","year":2019,"precision":"hundred_block"}},{"type":"Feature","geometry":{"type":"Point","coordinates":[-112.118724,33.65649]},"properties":{"incident_type":"check flooding condition","behavioral_cluster":"flash_flood_stranded","date":"2019-04-14","hour":20,"time_of_day_bucket":"dusk","is_weekend":true,"location_name":"26XX W UNION HILLS DR","year":2019,"precision":"hundred_block"}},{"type":"Feature","geometry":{"type":"Point","coordinates":[-112.117806,33.619035]},"properties":{"incident_type":"check flooding condition","behavioral_cluster":"flash_flood_stranded","date":"2019-04-18","hour":2,"time_of_day_bucket":"night","is_weekend":false,"location_name":"27XX W COUNTRY GABLES DR","year":2019,"precision":"hundred_block"}},{"type":"Feature","geometry":{"type":"Point","coordinates":[-111.970634,33.451416]},"properties":{"incident_type":"check flooding condition","behavioral_cluster":"flash_flood_stranded","date":"2019-04-22","hour":23,"time_of_day_bucket":"night","is_weekend":false,"location_name":"51XX E VAN BUREN ST","year":2019,"precision":"hundred_block"}},{"type":"Feature","geometry":{"type":"Point","coordinates":[-111.970634,33.451416]},"properties":{"incident_type":"check flooding condition","behavioral_cluster":"flash_flood_stranded","date":"2019-04-23","hour":0,"time_of_day_bucket":"night","is_weekend":false,"location_name":"51XX E VAN BUREN ST","year":2019,"precision":"hundred_block"}},{"type":"Feature","geometry":{"type":"Point","coordinates":[-112.133578,33.568083]},"properties":{"incident_type":"check flooding condition","behavioral_cluster":"flash_flood_stranded","date":"2019-04-26","hour":6,"time_of_day_bucket":"dawn","is_weekend":false,"location_name":"34XX W DUNLAP AV","year":2019,"precision":"hundred_block"}},{"type":"Feature","geometry":{"type":"Point","coordinates":[-112.106183,33.545304]},"properties":{"incident_type":"check flooding condition","behavioral_cluster":"flash_flood_stranded","date":"2019-04-27","hour":8,"time_of_day_bucket":"dawn","is_weekend":true,"location_name":"21XX W GARDENIA DR","year":2019,"precision":"hundred_block"}},{"type":"Feature","geometry":{"type":"Point","coordinates":[-112.049142,33.763638]},"properties":{"incident_type":"mountain rescue","behavioral_cluster":"recreational_underequipped","date":"2019-04-28","hour":11,"time_of_day_bucket":"day","is_weekend":true,"location_name":"16XX E SONORAN DESERT DR","year":2019,"precision":"hundred_block"}},{"type":"Feature","geometry":{"type":"Point","coordinates":[-112.109148,33.363189]},"properties":{"incident_type":"water rescue","behavioral_cluster":"flash_flood_stranded","date":"2019-04-30","hour":11,"time_of_day_bucket":"day","is_weekend":false,"location_name":"S 23RD AV/W DOBBINS RD","year":2019,"precision":"intersection"}},{"type":"Feature","geometry":{"type":"Point","coordinates":[-112.203725,33.437205]},"properties":{"incident_type":"water rescue","behavioral_cluster":"flash_flood_stranded","date":"2019-05-01","hour":15,"time_of_day_bucket":"day","is_weekend":false,"location_name":"S 67TH AV/W BUCKEYE RD","year":2019,"precision":"intersection"}},{"type":"Feature","geometry":{"type":"Point","coordinates":[-111.972591,33.367473]},"properties":{"incident_type":"check flooding condition","behavioral_cluster":"flash_flood_stranded","date":"2019-05-09","hour":21,"time_of_day_bucket":"night","is_weekend":false,"location_name":"86XX S 51ST ST","year":2019,"precision":"hundred_block"}},{"type":"Feature","geometry":{"type":"Point","coordinates":[-112.066717,33.598575]},"properties":{"incident_type":"mountain rescue","behavioral_cluster":"recreational_underequipped","date":"2019-05-10","hour":11,"time_of_day_bucket":"day","is_weekend":false,"location_name":"129XX N 7TH ST","year":2019,"precision":"hundred_block"}},{"type":"Feature","geometry":{"type":"Point","coordinates":[-112.100351,33.303033]},"properties":{"incident_type":"mountain rescue","behavioral_cluster":"recreational_underequipped","date":"2019-05-10","hour":17,"time_of_day_bucket":"dusk","is_weekend":false,"location_name":"S 19TH AV/W CHANDLER BL","year":2019,"precision":"intersection"}},{"type":"Feature","geometry":{"type":"Point","coordinates":[-112.024152,33.498261]},"properties":{"incident_type":"check flooding condition","behavioral_cluster":"flash_flood_stranded","date":"2019-05-10","hour":18,"time_of_day_bucket":"dusk","is_weekend":false,"location_name":"42XX N 27TH AV","year":2019,"precision":"hundred_block"}},{"type":"Feature","geometry":{"type":"Point","coordinates":[-112.211235,33.384636]},"properties":{"incident_type":"water rescue","behavioral_cluster":"flash_flood_stranded","date":"2019-05-11","hour":2,"time_of_day_bucket":"night","is_weekend":true,"location_name":"S 71ST AV/W IRWIN AV","year":2019,"precision":"intersection"}},{"type":"Feature","geometry":{"type":"Point","coordinates":[-112.193078,33.727923]},"properties":{"incident_type":"mountain rescue","behavioral_cluster":"recreational_underequipped","date":"2019-05-13","hour":16,"time_of_day_bucket":"day","is_weekend":false,"location_name":"N 62ND DR/W SPUR DR","year":2019,"precision":"intersection"}},{"type":"Feature","geometry":{"type":"Point","coordinates":[-112.27248,33.479271]},"properties":{"incident_type":"water rescue","behavioral_cluster":"flash_flood_stranded","date":"2019-05-14","hour":8,"time_of_day_bucket":"dawn","is_weekend":false,"location_name":"N 99TH AV/W THOMAS RD","year":2019,"precision":"intersection"}},{"type":"Feature","geometry":{"type":"Point","coordinates":[-112.030866,33.655023]},"properties":{"incident_type":"check flooding condition","behavioral_cluster":"flash_flood_stranded","date":"2019-05-16","hour":5,"time_of_day_bucket":"dawn","is_weekend":false,"location_name":"N CAVE CREEK RD/E UNION HILLS DR","year":2019,"precision":"intersection"}},{"type":"Feature","geometry":{"type":"Point","coordinates":[-112.118189,33.588027]},"properties":{"incident_type":"check flooding condition","behavioral_cluster":"flash_flood_stranded","date":"2019-05-16","hour":21,"time_of_day_bucket":"night","is_weekend":false,"location_name":"110XX N BILTMORE DR","year":2019,"precision":"hundred_block"}},{"type":"Feature","geometry":{"type":"Point","coordinates":[-112.031568,33.544845]},"properties":{"incident_type":"mountain rescue","behavioral_cluster":"recreational_underequipped","date":"2019-05-18","hour":14,"time_of_day_bucket":"day","is_weekend":true,"location_name":"N 23RD ST/E GARDENIA DR","year":2019,"precision":"intersection"}},{"type":"Feature","geometry":{"type":"Point","coordinates":[-112.058514,33.64083]},"properties":{"incident_type":"check flooding condition","behavioral_cluster":"flash_flood_stranded","date":"2019-05-18","hour":20,"time_of_day_bucket":"dusk","is_weekend":true,"location_name":"11XX W BELL RD","year":2019,"precision":"hundred_block"}},{"type":"Feature","geometry":{"type":"Point","coordinates":[-112.152519,33.478038]},"properties":{"incident_type":"check flooding condition","behavioral_cluster":"flash_flood_stranded","date":"2019-05-19","hour":5,"time_of_day_bucket":"dawn","is_weekend":true,"location_name":"26XX N 43RD AV","year":2019,"precision":"hundred_block"}},{"type":"Feature","geometry":{"type":"Point","coordinates":[-111.981465,33.331176]},"properties":{"incident_type":"check flooding condition","behavioral_cluster":"flash_flood_stranded","date":"2019-05-19","hour":19,"time_of_day_bucket":"dusk","is_weekend":true,"location_name":"47XX E WARNER RD","year":2019,"precision":"hundred_block"}},{"type":"Feature","geometry":{"type":"Point","coordinates":[-112.133776,33.517512]},"properties":{"incident_type":"check flooding condition","behavioral_cluster":"flash_flood_stranded","date":"2019-05-20","hour":10,"time_of_day_bucket":"day","is_weekend":false,"location_name":"34XX W MISSOURI AV","year":2019,"precision":"hundred_block"}},{"type":"Feature","geometry":{"type":"Point","coordinates":[-112.02759,33.384159]},"properties":{"incident_type":"check flooding condition","behavioral_cluster":"flash_flood_stranded","date":"2019-05-22","hour":6,"time_of_day_bucket":"dawn","is_weekend":false,"location_name":"24XX W DARREL RD","year":2019,"precision":"hundred_block"}},{"type":"Feature","geometry":{"type":"Point","coordinates":[-111.996117,33.569163]},"properties":{"incident_type":"mountain rescue","behavioral_cluster":"recreational_underequipped","date":"2019-05-22","hour":14,"time_of_day_bucket":"day","is_weekend":false,"location_name":"90XX N 40TH ST","year":2019,"precision":"hundred_block"}},{"type":"Feature","geometry":{"type":"Point","coordinates":[-112.0131,33.582465]},"properties":{"incident_type":"mountain rescue","behavioral_cluster":"recreational_underequipped","date":"2019-05-25","hour":15,"time_of_day_bucket":"day","is_weekend":true,"location_name":"N 32ND ST/E SHEA BL","year":2019,"precision":"intersection"}},{"type":"Feature","geometry":{"type":"Point","coordinates":[-112.128142,33.458922]},"properties":{"incident_type":"check flooding condition","behavioral_cluster":"flash_flood_stranded","date":"2019-05-26","hour":7,"time_of_day_bucket":"dawn","is_weekend":true,"location_name":"32XX E ROOSEVELT ST","year":2019,"precision":"hundred_block"}},{"type":"Feature","geometry":{"type":"Point","coordinates":[-112.160385,33.436836]},"properties":{"incident_type":"check flooding condition","behavioral_cluster":"flash_flood_stranded","date":"2019-05-30","hour":18,"time_of_day_bucket":"dusk","is_weekend":false,"location_name":"S 47TH AV/W BUCKEYE RD","year":2019,"precision":"intersection"}},{"type":"Feature","geometry":{"type":"Point","coordinates":[-112.212666,33.494904]},"properties":{"incident_type":"check flooding condition","behavioral_cluster":"flash_flood_stranded","date":"2019-06-01","hour":1,"time_of_day_bucket":"night","is_weekend":true,"location_name":"71XX W INDIAN SCHOOL RD","year":2019,"precision":"hundred_block"}},{"type":"Feature","geometry":{"type":"Point","coordinates":[-112.049142,33.763638]},"properties":{"incident_type":"mountain rescue","behavioral_cluster":"recreational_underequipped","date":"2019-06-02","hour":6,"time_of_day_bucket":"dawn","is_weekend":true,"location_name":"16XX E SONORAN DESERT DR","year":2019,"precision":"hundred_block"}},{"type":"Feature","geometry":{"type":"Point","coordinates":[-112.034687,33.391224]},"properties":{"incident_type":"check flooding condition","behavioral_cluster":"flash_flood_stranded","date":"2019-06-08","hour":11,"time_of_day_bucket":"day","is_weekend":true,"location_name":"60XX S 22ND DR","year":2019,"precision":"hundred_block"}},{"type":"Feature","geometry":{"type":"Point","coordinates":[-112.083228,33.435396]},"properties":{"incident_type":"check flooding condition","behavioral_cluster":"flash_flood_stranded","date":"2019-06-09","hour":9,"time_of_day_bucket":"day","is_weekend":true,"location_name":"12XX S 7TH AV","year":2019,"precision":"hundred_block"}},{"type":"Feature","geometry":{"type":"Point","coordinates":[-112.054748,33.30972]},"properties":{"incident_type":"check flooding condition","behavioral_cluster":"flash_flood_stranded","date":"2019-06-15","hour":8,"time_of_day_bucket":"dawn","is_weekend":true,"location_name":"146XX S DESERT FOOTHILLS PW","year":2019,"precision":"hundred_block"}},{"type":"Feature","geometry":{"type":"Point","coordinates":[-112.133596,33.392088]},"properties":{"incident_type":"check flooding condition","behavioral_cluster":"flash_flood_stranded","date":"2019-06-18","hour":0,"time_of_day_bucket":"night","is_weekend":false,"location_name":"S 35TH AV/W SOUTHERN AV","year":2019,"precision":"intersection"}},{"type":"Feature","geometry":{"type":"Point","coordinates":[-111.928775,33.495129]},"properties":{"incident_type":"check flooding condition","behavioral_cluster":"flash_flood_stranded","date":"2019-06-24","hour":9,"time_of_day_bucket":"day","is_weekend":false,"location_name":"70XX W INDIAN SCHOOL RD","year":2019,"precision":"hundred_block"}},{"type":"Feature","geometry":{"type":"Point","coordinates":[-112.04977,33.428331]},"properties":{"incident_type":"check flooding condition","behavioral_cluster":"flash_flood_stranded","date":"2019-06-27","hour":12,"time_of_day_bucket":"day","is_weekend":false,"location_name":"20XX S 16TH ST","year":2019,"precision":"hundred_block"}},{"type":"Feature","geometry":{"type":"Point","coordinates":[-112.134555,33.429663]},"properties":{"incident_type":"water rescue","behavioral_cluster":"flash_flood_stranded","date":"2019-06-27","hour":23,"time_of_day_bucket":"night","is_weekend":false,"location_name":"S 35TH AV/W DURANGO ST","year":2019,"precision":"intersection"}},{"type":"Feature","geometry":{"type":"Point","coordinates":[-111.996117,33.569163]},"properties":{"incident_type":"mountain rescue","behavioral_cluster":"recreational_underequipped","date":"2019-07-03","hour":9,"time_of_day_bucket":"day","is_weekend":false,"location_name":"90XX N 40TH ST","year":2019,"precision":"hundred_block"}},{"type":"Feature","geometry":{"type":"Point","coordinates":[-111.983413,33.641586]},"properties":{"incident_type":"check flooding condition","behavioral_cluster":"flash_flood_stranded","date":"2019-07-05","hour":10,"time_of_day_bucket":"day","is_weekend":false,"location_name":"45XX E BELL RD","year":2019,"precision":"hundred_block"}},{"type":"Feature","geometry":{"type":"Point","coordinates":[-112.014427,33.584481]},"properties":{"incident_type":"check flooding condition","behavioral_cluster":"flash_flood_stranded","date":"2019-07-09","hour":15,"time_of_day_bucket":"day","is_weekend":false,"location_name":"108XX N 32ND ST","year":2019,"precision":"hundred_block"}},{"type":"Feature","geometry":{"type":"Point","coordinates":[-112.051922,33.297948]},"properties":{"incident_type":"check flooding condition","behavioral_cluster":"flash_flood_stranded","date":"2019-07-09","hour":22,"time_of_day_bucket":"night","is_weekend":false,"location_name":"13XX E WILDWOOD DR","year":2019,"precision":"hundred_block"}},{"type":"Feature","geometry":{"type":"Point","coordinates":[-112.212666,33.494904]},"properties":{"incident_type":"check flooding condition","behavioral_cluster":"flash_flood_stranded","date":"2019-07-14","hour":4,"time_of_day_bucket":"night","is_weekend":true,"location_name":"71XX W INDIAN SCHOOL RD","year":2019,"precision":"hundred_block"}},{"type":"Feature","geometry":{"type":"Point","coordinates":[-112.024948,33.399873]},"properties":{"incident_type":"check flooding condition","behavioral_cluster":"flash_flood_stranded","date":"2019-07-15","hour":5,"time_of_day_bucket":"dawn","is_weekend":false,"location_name":"25XX E ROESER RD","year":2019,"precision":"hundred_block"}},{"type":"Feature","geometry":{"type":"Point","coordinates":[-112.010751,33.324975]},"properties":{"incident_type":"mountain rescue","behavioral_cluster":"recreational_underequipped","date":"2019-07-16","hour":5,"time_of_day_bucket":"dawn","is_weekend":false,"location_name":"E KNOX RD/S WARPAINT DR","year":2019,"precision":"intersection"}},{"type":"Feature","geometry":{"type":"Point","coordinates":[-112.012947,33.531858]},"properties":{"incident_type":"mountain rescue","behavioral_cluster":"recreational_underequipped","date":"2019-07-18","hour":21,"time_of_day_bucket":"night","is_weekend":false,"location_name":"N 32ND ST/E LINCOLN DR","year":2019,"precision":"intersection"}},{"type":"Feature","geometry":{"type":"Point","coordinates":[-112.022451,33.526]},"properties":{"incident_type":"check flooding condition","behavioral_cluster":"flash_flood_stranded","date":"2019-07-20","hour":12,"time_of_day_bucket":"day","is_weekend":true,"location_name":"27XX E ARIZONA BILTMORE CI","year":2019,"precision":"hundred_block"}},{"type":"Feature","geometry":{"type":"Point","coordinates":[-112.09428,33.540165]},"properties":{"incident_type":"check flooding condition","behavioral_cluster":"flash_flood_stranded","date":"2019-07-21","hour":8,"time_of_day_bucket":"dawn","is_weekend":true,"location_name":"16XX W GLENDALE AV","year":2019,"precision":"hundred_block"}},{"type":"Feature","geometry":{"type":"Point","coordinates":[-112.03456,33.486633]},"properties":{"incident_type":"check flooding condition","behavioral_cluster":"flash_flood_stranded","date":"2019-07-22","hour":0,"time_of_day_bucket":"night","is_weekend":false,"location_name":"N 22ND ST/E MULBERRY DR","year":2019,"precision":"intersection"}},{"type":"Feature","geometry":{"type":"Point","coordinates":[-112.107403,33.49521]},"properties":{"incident_type":"water rescue","behavioral_cluster":"flash_flood_stranded","date":"2019-07-28","hour":20,"time_of_day_bucket":"dusk","is_weekend":true,"location_name":"22XX W INDIAN SCHOOL RD","year":2019,"precision":"hundred_block"}},{"type":"Feature","geometry":{"type":"Point","coordinates":[-112.057716,33.316262]},"properties":{"incident_type":"mountain rescue","behavioral_cluster":"recreational_underequipped","date":"2019-08-03","hour":15,"time_of_day_bucket":"day","is_weekend":true,"location_name":"142XX S DESERT FOOTHILLS PW","year":2019,"precision":"hundred_block"}},{"type":"Feature","geometry":{"type":"Point","coordinates":[-111.979319,33.407739]},"properties":{"incident_type":"check flooding condition","behavioral_cluster":"flash_flood_stranded","date":"2019-08-03","hour":18,"time_of_day_bucket":"dusk","is_weekend":true,"location_name":"47XX E BROADWAY RD","year":2019,"precision":"hundred_block"}},{"type":"Feature","geometry":{"type":"Point","coordinates":[-112.014607,33.311952]},"properties":{"incident_type":"check flooding condition","behavioral_cluster":"flash_flood_stranded","date":"2019-08-08","hour":21,"time_of_day_bucket":"night","is_weekend":false,"location_name":"31XX E ROCK WREN RD","year":2019,"precision":"hundred_block"}},{"type":"Feature","geometry":{"type":"Point","coordinates":[-111.995636,33.570171]},"properties":{"incident_type":"mountain rescue","behavioral_cluster":"recreational_underequipped","date":"2019-08-09","hour":12,"time_of_day_bucket":"day","is_weekend":false,"location_name":"N 40TH ST/E MISSION LN","year":2019,"precision":"intersection"}},{"type":"Feature","geometry":{"type":"Point","coordinates":[-112.129623,33.495336]},"properties":{"incident_type":"check flooding condition","behavioral_cluster":"flash_flood_stranded","date":"2019-08-09","hour":19,"time_of_day_bucket":"dusk","is_weekend":false,"location_name":"32XX W INDIAN SCHOOL RD","year":2019,"precision":"hundred_block"}},{"type":"Feature","geometry":{"type":"Point","coordinates":[-112.160786,33.714792]},"properties":{"incident_type":"mountain rescue","behavioral_cluster":"recreational_underequipped","date":"2019-08-10","hour":9,"time_of_day_bucket":"day","is_weekend":true,"location_name":"46XX E DESERT DR","year":2019,"precision":"hundred_block"}},{"type":"Feature","geometry":{"type":"Point","coordinates":[-112.049142,33.763638]},"properties":{"incident_type":"mountain rescue","behavioral_cluster":"recreational_underequipped","date":"2019-08-13","hour":18,"time_of_day_bucket":"dusk","is_weekend":false,"location_name":"16XX E SONORAN DESERT DR","year":2019,"precision":"hundred_block"}},{"type":"Feature","geometry":{"type":"Point","coordinates":[-112.066717,33.598575]},"properties":{"incident_type":"mountain rescue","behavioral_cluster":"recreational_underequipped","date":"2019-08-16","hour":11,"time_of_day_bucket":"day","is_weekend":false,"location_name":"129XX N 7TH ST","year":2019,"precision":"hundred_block"}},{"type":"Feature","geometry":{"type":"Point","coordinates":[-112.057042,33.547239]},"properties":{"incident_type":"check flooding condition","behavioral_cluster":"flash_flood_stranded","date":"2019-08-18","hour":3,"time_of_day_bucket":"night","is_weekend":true,"location_name":"75XX N 12TH ST","year":2019,"precision":"hundred_block"}},{"type":"Feature","geometry":{"type":"Point","coordinates":[-112.119674,33.541992]},"properties":{"incident_type":"check flooding condition","behavioral_cluster":"flash_flood_stranded","date":"2019-08-18","hour":21,"time_of_day_bucket":"night","is_weekend":true,"location_name":"71XX N 28TH DR","year":2019,"precision":"hundred_block"}},{"type":"Feature","geometry":{"type":"Point","coordinates":[-112.065349,33.519933]},"properties":{"incident_type":"check flooding condition","behavioral_cluster":"flash_flood_stranded","date":"2019-08-19","hour":13,"time_of_day_bucket":"day","is_weekend":false,"location_name":"56XX S 7TH AV","year":2019,"precision":"hundred_block"}},{"type":"Feature","geometry":{"type":"Point","coordinates":[-112.035811,33.641595]},"properties":{"incident_type":"check flooding condition","behavioral_cluster":"flash_flood_stranded","date":"2019-08-19","hour":19,"time_of_day_bucket":"dusk","is_weekend":false,"location_name":"21XX E BELL RD","year":2019,"precision":"hundred_block"}},{"type":"Feature","geometry":{"type":"Point","coordinates":[-112.119674,33.541992]},"properties":{"incident_type":"check flooding condition","behavioral_cluster":"flash_flood_stranded","date":"2019-08-20","hour":20,"time_of_day_bucket":"dusk","is_weekend":false,"location_name":"71XX N 28TH DR","year":2019,"precision":"hundred_block"}},{"type":"Feature","geometry":{"type":"Point","coordinates":[-111.972591,33.367473]},"properties":{"incident_type":"check flooding condition","behavioral_cluster":"flash_flood_stranded","date":"2019-08-25","hour":9,"time_of_day_bucket":"day","is_weekend":true,"location_name":"86XX S 51ST ST","year":2019,"precision":"hundred_block"}},{"type":"Feature","geometry":{"type":"Point","coordinates":[-111.935214,33.648075]},"properties":{"incident_type":"check flooding condition","behavioral_cluster":"flash_flood_stranded","date":"2019-08-25","hour":10,"time_of_day_bucket":"day","is_weekend":true,"location_name":"178XX N 68TH ST","year":2019,"precision":"hundred_block"}},{"type":"Feature","geometry":{"type":"Point","coordinates":[-112.203508,33.853878]},"properties":{"incident_type":"mountain rescue","behavioral_cluster":"recreational_underequipped","date":"2019-08-25","hour":22,"time_of_day_bucket":"night","is_weekend":true,"location_name":"N 67TH AV/N NEW RIVER RD","year":2019,"precision":"intersection"}},{"type":"Feature","geometry":{"type":"Point","coordinates":[-111.987333,33.33132]},"properties":{"incident_type":"check flooding condition","behavioral_cluster":"flash_flood_stranded","date":"2019-08-26","hour":0,"time_of_day_bucket":"night","is_weekend":false,"location_name":"43XX E BANNOCK ST","year":2019,"precision":"hundred_block"}},{"type":"Feature","geometry":{"type":"Point","coordinates":[-112.03227,33.65271]},"properties":{"incident_type":"check flooding condition","behavioral_cluster":"flash_flood_stranded","date":"2019-08-27","hour":11,"time_of_day_bucket":"day","is_weekend":false,"location_name":"182XX N CAVE CREEK RD","year":2019,"precision":"hundred_block"}},{"type":"Feature","geometry":{"type":"Point","coordinates":[-112.075488,33.456447]},"properties":{"incident_type":"check flooding condition","behavioral_cluster":"flash_flood_stranded","date":"2019-08-31","hour":4,"time_of_day_bucket":"night","is_weekend":true,"location_name":"6XX N 1ST AV","year":2019,"precision":"hundred_block"}},{"type":"Feature","geometry":{"type":"Point","coordinates":[-112.036973,33.495102]},"properties":{"incident_type":"check flooding condition","behavioral_cluster":"flash_flood_stranded","date":"2019-08-31","hour":17,"time_of_day_bucket":"dusk","is_weekend":true,"location_name":"20XX W INDIAN SCHOOL RD","year":2019,"precision":"hundred_block"}},{"type":"Feature","geometry":{"type":"Point","coordinates":[-112.14711,33.509979]},"properties":{"incident_type":"check flooding condition","behavioral_cluster":"flash_flood_stranded","date":"2019-09-01","hour":3,"time_of_day_bucket":"night","is_weekend":true,"location_name":"40XX W PALOMINO RD","year":2019,"precision":"hundred_block"}},{"type":"Feature","geometry":{"type":"Point","coordinates":[-112.012947,33.531858]},"properties":{"incident_type":"mountain rescue","behavioral_cluster":"recreational_underequipped","date":"2019-09-01","hour":5,"time_of_day_bucket":"dawn","is_weekend":true,"location_name":"N 32ND ST/E LINCOLN DR","year":2019,"precision":"intersection"}},{"type":"Feature","geometry":{"type":"Point","coordinates":[-112.048547,33.502437]},"properties":{"incident_type":"check flooding condition","behavioral_cluster":"flash_flood_stranded","date":"2019-09-02","hour":5,"time_of_day_bucket":"dawn","is_weekend":false,"location_name":"15XX E CAMPBELL AV","year":2019,"precision":"hundred_block"}},{"type":"Feature","geometry":{"type":"Point","coordinates":[-112.100512,33.363225]},"properties":{"incident_type":"water rescue","behavioral_cluster":"flash_flood_stranded","date":"2019-09-09","hour":20,"time_of_day_bucket":"dusk","is_weekend":false,"location_name":"S 19TH AV/W DOBBINS RD","year":2019,"precision":"intersection"}},{"type":"Feature","geometry":{"type":"Point","coordinates":[-112.032445,33.689358]},"properties":{"incident_type":"check flooding condition","behavioral_cluster":"flash_flood_stranded","date":"2019-09-15","hour":22,"time_of_day_bucket":"night","is_weekend":true,"location_name":"22XX E DEER VALLEY RD","year":2019,"precision":"hundred_block"}},{"type":"Feature","geometry":{"type":"Point","coordinates":[-112.155525,33.584562]},"properties":{"incident_type":"water rescue","behavioral_cluster":"flash_flood_stranded","date":"2019-09-21","hour":20,"time_of_day_bucket":"dusk","is_weekend":true,"location_name":"N 44TH LN/N 46TH AV","year":2019,"precision":"intersection"}},{"type":"Feature","geometry":{"type":"Point","coordinates":[-112.059419,33.571359]},"properties":{"incident_type":"water rescue","behavioral_cluster":"flash_flood_stranded","date":"2019-09-23","hour":18,"time_of_day_bucket":"dusk","is_weekend":false,"location_name":"N 11TH ST/E HATCHER RD","year":2019,"precision":"intersection"}},{"type":"Feature","geometry":{"type":"Point","coordinates":[-112.035969,33.622794]},"properties":{"incident_type":"water rescue","behavioral_cluster":"flash_flood_stranded","date":"2019-09-23","hour":18,"time_of_day_bucket":"dusk","is_weekend":false,"location_name":"N 21ST PL/E HILLERY DR","year":2019,"precision":"intersection"}},{"type":"Feature","geometry":{"type":"Point","coordinates":[-111.974468,33.480387]},"properties":{"incident_type":"check flooding condition","behavioral_cluster":"flash_flood_stranded","date":"2019-09-25","hour":20,"time_of_day_bucket":"dusk","is_weekend":false,"location_name":"49XX W THOMAS RD","year":2019,"precision":"hundred_block"}},{"type":"Feature","geometry":{"type":"Point","coordinates":[-112.149918,33.603003]},"properties":{"incident_type":"check flooding condition","behavioral_cluster":"flash_flood_stranded","date":"2019-09-26","hour":10,"time_of_day_bucket":"day","is_weekend":false,"location_name":"41XX E DAHLIA DR","year":2019,"precision":"hundred_block"}},{"type":"Feature","geometry":{"type":"Point","coordinates":[-112.044263,33.53877]},"properties":{"incident_type":"check flooding condition","behavioral_cluster":"flash_flood_stranded","date":"2019-09-29","hour":12,"time_of_day_bucket":"day","is_weekend":true,"location_name":"17XX W GLENDALE AV","year":2019,"precision":"hundred_block"}},{"type":"Feature","geometry":{"type":"Point","coordinates":[-112.171594,33.730983]},"properties":{"incident_type":"mountain rescue","behavioral_cluster":"recreational_underequipped","date":"2019-10-05","hour":7,"time_of_day_bucket":"dawn","is_weekend":true,"location_name":"N DEEM HILLS PW/N STETSON VALLEY PW","year":2019,"precision":"intersection"}},{"type":"Feature","geometry":{"type":"Point","coordinates":[-111.977276,33.52113]},"properties":{"incident_type":"mountain rescue","behavioral_cluster":"recreational_underequipped","date":"2019-10-05","hour":11,"time_of_day_bucket":"day","is_weekend":true,"location_name":"57XX N ECHO CANYON PW","year":2019,"precision":"hundred_block"}},{"type":"Feature","geometry":{"type":"Point","coordinates":[-112.170749,33.378003]},"properties":{"incident_type":"check flooding condition","behavioral_cluster":"flash_flood_stranded","date":"2019-10-07","hour":7,"time_of_day_bucket":"dawn","is_weekend":false,"location_name":"51XX W BASELINE RD","year":2019,"precision":"hundred_block"}},{"type":"Feature","geometry":{"type":"Point","coordinates":[-112.01148,33.329772]},"properties":{"incident_type":"mountain rescue","behavioral_cluster":"recreational_underequipped","date":"2019-10-07","hour":10,"time_of_day_bucket":"day","is_weekend":false,"location_name":"E COCONINO ST/S WARPAINT DR","year":2019,"precision":"intersection"}},{"type":"Feature","geometry":{"type":"Point","coordinates":[-112.101502,33.717186]},"properties":{"incident_type":"mountain rescue","behavioral_cluster":"recreational_underequipped","date":"2019-10-09","hour":11,"time_of_day_bucket":"day","is_weekend":false,"location_name":"19XX W DESERT VISTA TL","year":2019,"precision":"hundred_block"}},{"type":"Feature","geometry":{"type":"Point","coordinates":[-112.061461,33.640677]},"properties":{"incident_type":"check flooding condition","behavioral_cluster":"flash_flood_stranded","date":"2019-10-11","hour":2,"time_of_day_bucket":"night","is_weekend":false,"location_name":"8XX E BELL RD","year":2019,"precision":"hundred_block"}},{"type":"Feature","geometry":{"type":"Point","coordinates":[-112.120983,33.571548]},"properties":{"incident_type":"water rescue","behavioral_cluster":"flash_flood_stranded","date":"2019-10-11","hour":6,"time_of_day_bucket":"dawn","is_weekend":false,"location_name":"N 29TH AV/N METRO PW E","year":2019,"precision":"intersection"}},{"type":"Feature","geometry":{"type":"Point","coordinates":[-112.065611,33.479775]},"properties":{"incident_type":"water rescue","behavioral_cluster":"flash_flood_stranded","date":"2019-10-16","hour":8,"time_of_day_bucket":"dawn","is_weekend":false,"location_name":"28XX S 7TH AV","year":2019,"precision":"hundred_block"}},{"type":"Feature","geometry":{"type":"Point","coordinates":[-112.212666,33.494904]},"properties":{"incident_type":"check flooding condition","behavioral_cluster":"flash_flood_stranded","date":"2019-10-20","hour":19,"time_of_day_bucket":"dusk","is_weekend":true,"location_name":"71XX W INDIAN SCHOOL RD","year":2019,"precision":"hundred_block"}},{"type":"Feature","geometry":{"type":"Point","coordinates":[-112.012947,33.531858]},"properties":{"incident_type":"mountain rescue","behavioral_cluster":"recreational_underequipped","date":"2019-10-27","hour":10,"time_of_day_bucket":"day","is_weekend":true,"location_name":"N 32ND ST/E LINCOLN DR","year":2019,"precision":"intersection"}},{"type":"Feature","geometry":{"type":"Point","coordinates":[-112.035811,33.641595]},"properties":{"incident_type":"check flooding condition","behavioral_cluster":"flash_flood_stranded","date":"2019-10-28","hour":5,"time_of_day_bucket":"dawn","is_weekend":false,"location_name":"21XX E BELL RD","year":2019,"precision":"hundred_block"}},{"type":"Feature","geometry":{"type":"Point","coordinates":[-112.100711,33.595029]},"properties":{"incident_type":"check flooding condition","behavioral_cluster":"flash_flood_stranded","date":"2019-10-29","hour":15,"time_of_day_bucket":"day","is_weekend":false,"location_name":"118XX N 19TH AV","year":2019,"precision":"hundred_block"}},{"type":"Feature","geometry":{"type":"Point","coordinates":[-111.9829,33.480594]},"properties":{"incident_type":"check flooding condition","behavioral_cluster":"flash_flood_stranded","date":"2019-11-01","hour":9,"time_of_day_bucket":"day","is_weekend":false,"location_name":"45XX W THOMAS RD","year":2019,"precision":"hundred_block"}},{"type":"Feature","geometry":{"type":"Point","coordinates":[-111.9829,33.480594]},"properties":{"incident_type":"check flooding condition","behavioral_cluster":"flash_flood_stranded","date":"2019-11-01","hour":10,"time_of_day_bucket":"day","is_weekend":false,"location_name":"45XX E THOMAS RD","year":2019,"precision":"hundred_block"}},{"type":"Feature","geometry":{"type":"Point","coordinates":[-111.977276,33.52113]},"properties":{"incident_type":"mountain rescue","behavioral_cluster":"recreational_underequipped","date":"2019-11-05","hour":14,"time_of_day_bucket":"day","is_weekend":false,"location_name":"57XX N ECHO CANYON PW","year":2019,"precision":"hundred_block"}},{"type":"Feature","geometry":{"type":"Point","coordinates":[-112.129623,33.495336]},"properties":{"incident_type":"check flooding condition","behavioral_cluster":"flash_flood_stranded","date":"2019-11-06","hour":0,"time_of_day_bucket":"night","is_weekend":false,"location_name":"32XX W INDIAN SCHOOL RD","year":2019,"precision":"hundred_block"}},{"type":"Feature","geometry":{"type":"Point","coordinates":[-112.099176,33.449949]},"properties":{"incident_type":"check flooding condition","behavioral_cluster":"flash_flood_stranded","date":"2019-11-06","hour":3,"time_of_day_bucket":"night","is_weekend":false,"location_name":"1XX N 18TH ST","year":2019,"precision":"hundred_block"}},{"type":"Feature","geometry":{"type":"Point","coordinates":[-112.201123,33.713532]},"properties":{"incident_type":"check flooding condition","behavioral_cluster":"flash_flood_stranded","date":"2019-11-07","hour":13,"time_of_day_bucket":"day","is_weekend":false,"location_name":"65XX W HAPPY VALLEY RD","year":2019,"precision":"hundred_block"}},{"type":"Feature","geometry":{"type":"Point","coordinates":[-112.212306,33.501915]},"properties":{"incident_type":"water rescue","behavioral_cluster":"flash_flood_stranded","date":"2019-11-08","hour":7,"time_of_day_bucket":"dawn","is_weekend":false,"location_name":"N 71ST DR/W SELLS DR","year":2019,"precision":"intersection"}},{"type":"Feature","geometry":{"type":"Point","coordinates":[-112.14711,33.509979]},"properties":{"incident_type":"check flooding condition","behavioral_cluster":"flash_flood_stranded","date":"2019-11-13","hour":22,"time_of_day_bucket":"night","is_weekend":false,"location_name":"40XX W PALOMINO RD","year":2019,"precision":"hundred_block"}},{"type":"Feature","geometry":{"type":"Point","coordinates":[-112.016263,33.640974]},"properties":{"incident_type":"check flooding condition","behavioral_cluster":"flash_flood_stranded","date":"2019-11-14","hour":18,"time_of_day_bucket":"dusk","is_weekend":false,"location_name":"30XX E BELL RD","year":2019,"precision":"hundred_block"}},{"type":"Feature","geometry":{"type":"Point","coordinates":[-112.067077,33.64155]},"properties":{"incident_type":"check flooding condition","behavioral_cluster":"flash_flood_stranded","date":"2019-11-15","hour":3,"time_of_day_bucket":"night","is_weekend":false,"location_name":"5XX E BELL RD","year":2019,"precision":"hundred_block"}},{"type":"Feature","geometry":{"type":"Point","coordinates":[-111.970634,33.451416]},"properties":{"incident_type":"check flooding condition","behavioral_cluster":"flash_flood_stranded","date":"2019-11-19","hour":0,"time_of_day_bucket":"night","is_weekend":false,"location_name":"51XX E VAN BUREN ST","year":2019,"precision":"hundred_block"}},{"type":"Feature","geometry":{"type":"Point","coordinates":[-112.061461,33.640677]},"properties":{"incident_type":"check flooding condition","behavioral_cluster":"flash_flood_stranded","date":"2019-11-19","hour":23,"time_of_day_bucket":"night","is_weekend":false,"location_name":"8XX E BELL RD","year":2019,"precision":"hundred_block"}},{"type":"Feature","geometry":{"type":"Point","coordinates":[-112.052817,33.667596]},"properties":{"incident_type":"water rescue","behavioral_cluster":"flash_flood_stranded","date":"2019-11-20","hour":8,"time_of_day_bucket":"dawn","is_weekend":false,"location_name":"N 14TH ST/E WAHALLA LN","year":2019,"precision":"intersection"}},{"type":"Feature","geometry":{"type":"Point","coordinates":[-111.992544,33.755994]},"properties":{"incident_type":"check flooding condition","behavioral_cluster":"flash_flood_stranded","date":"2019-11-28","hour":14,"time_of_day_bucket":"day","is_weekend":false,"location_name":"298XX N TATUM BL","year":2019,"precision":"hundred_block"}},{"type":"Feature","geometry":{"type":"Point","coordinates":[-111.980844,33.330834]},"properties":{"incident_type":"water rescue","behavioral_cluster":"flash_flood_stranded","date":"2019-11-29","hour":6,"time_of_day_bucket":"dawn","is_weekend":false,"location_name":"S 48TH ST/E WARNER ELLIOT LP","year":2019,"precision":"intersection"}},{"type":"Feature","geometry":{"type":"Point","coordinates":[-112.000023,33.482412]},"properties":{"incident_type":"check flooding condition","behavioral_cluster":"flash_flood_stranded","date":"2019-11-30","hour":14,"time_of_day_bucket":"day","is_weekend":true,"location_name":"29XX N 38TH ST","year":2019,"precision":"hundred_block"}},{"type":"Feature","geometry":{"type":"Point","coordinates":[-112.040059,33.453207]},"properties":{"incident_type":"check flooding condition","behavioral_cluster":"flash_flood_stranded","date":"2019-12-02","hour":1,"time_of_day_bucket":"night","is_weekend":false,"location_name":"19XX E POLK ST","year":2019,"precision":"hundred_block"}},{"type":"Feature","geometry":{"type":"Point","coordinates":[-112.080046,33.527997]},"properties":{"incident_type":"check flooding condition","behavioral_cluster":"flash_flood_stranded","date":"2019-12-03","hour":18,"time_of_day_bucket":"dusk","is_weekend":false,"location_name":"3XX W ROSE LN","year":2019,"precision":"hundred_block"}},{"type":"Feature","geometry":{"type":"Point","coordinates":[-112.020718,33.632368]},"properties":{"incident_type":"check flooding condition","behavioral_cluster":"flash_flood_stranded","date":"2019-12-05","hour":9,"time_of_day_bucket":"day","is_weekend":false,"location_name":"28XX E MONTE CRISTO AV","year":2019,"precision":"hundred_block"}},{"type":"Feature","geometry":{"type":"Point","coordinates":[-112.023531,33.500043]},"properties":{"incident_type":"check flooding condition","behavioral_cluster":"flash_flood_stranded","date":"2019-12-08","hour":4,"time_of_day_bucket":"night","is_weekend":true,"location_name":"43XX N 27TH AV","year":2019,"precision":"hundred_block"}},{"type":"Feature","geometry":{"type":"Point","coordinates":[-111.926205,33.610149]},"properties":{"incident_type":"check flooding condition","behavioral_cluster":"flash_flood_stranded","date":"2019-12-13","hour":6,"time_of_day_bucket":"dawn","is_weekend":false,"location_name":"136XX N SCOTTSDALE RD","year":2019,"precision":"hundred_block"}},{"type":"Feature","geometry":{"type":"Point","coordinates":[-111.926205,33.610149]},"properties":{"incident_type":"check flooding condition","behavioral_cluster":"flash_flood_stranded","date":"2019-12-13","hour":7,"time_of_day_bucket":"dawn","is_weekend":false,"location_name":"136XX N SCOTTSDALE RD","year":2019,"precision":"hundred_block"}},{"type":"Feature","geometry":{"type":"Point","coordinates":[-112.058514,33.64083]},"properties":{"incident_type":"check flooding condition","behavioral_cluster":"flash_flood_stranded","date":"2019-12-15","hour":18,"time_of_day_bucket":"dusk","is_weekend":true,"location_name":"11XX W BELL RD","year":2019,"precision":"hundred_block"}},{"type":"Feature","geometry":{"type":"Point","coordinates":[-112.058779,33.342237]},"properties":{"incident_type":"mountain rescue","behavioral_cluster":"recreational_underequipped","date":"2019-12-21","hour":11,"time_of_day_bucket":"day","is_weekend":true,"location_name":"S SUMMIT RD/S TELEGRAPH PASS RD","year":2019,"precision":"intersection"}},{"type":"Feature","geometry":{"type":"Point","coordinates":[-111.996859,33.350607]},"properties":{"incident_type":"mountain rescue","behavioral_cluster":"recreational_underequipped","date":"2019-12-21","hour":16,"time_of_day_bucket":"day","is_weekend":true,"location_name":"S 40TH PL/E SAN GABRIEL AV","year":2019,"precision":"intersection"}},{"type":"Feature","geometry":{"type":"Point","coordinates":[-112.063437,33.496011]},"properties":{"incident_type":"check flooding condition","behavioral_cluster":"flash_flood_stranded","date":"2019-12-25","hour":15,"time_of_day_bucket":"day","is_weekend":false,"location_name":"41XX N 9TH ST","year":2019,"precision":"hundred_block"}},{"type":"Feature","geometry":{"type":"Point","coordinates":[-112.212666,33.494904]},"properties":{"incident_type":"check flooding condition","behavioral_cluster":"flash_flood_stranded","date":"2019-12-29","hour":5,"time_of_day_bucket":"dawn","is_weekend":true,"location_name":"71XX W INDIAN SCHOOL RD","year":2019,"precision":"hundred_block"}},{"type":"Feature","geometry":{"type":"Point","coordinates":[-112.117716,33.348582]},"properties":{"incident_type":"mountain rescue","behavioral_cluster":"recreational_underequipped","date":"2020-01-04","hour":14,"time_of_day_bucket":"day","is_weekend":true,"location_name":"S 27TH AV/W ELLIOT RD","year":2020,"precision":"intersection"}},{"type":"Feature","geometry":{"type":"Point","coordinates":[-112.061461,33.640677]},"properties":{"incident_type":"check flooding condition","behavioral_cluster":"flash_flood_stranded","date":"2020-01-05","hour":21,"time_of_day_bucket":"night","is_weekend":true,"location_name":"8XX E BELL RD","year":2020,"precision":"hundred_block"}},{"type":"Feature","geometry":{"type":"Point","coordinates":[-112.142205,33.509781]},"properties":{"incident_type":"check flooding condition","behavioral_cluster":"flash_flood_stranded","date":"2020-01-06","hour":12,"time_of_day_bucket":"day","is_weekend":false,"location_name":"38XX E CAMELBACK RD","year":2020,"precision":"hundred_block"}},{"type":"Feature","geometry":{"type":"Point","coordinates":[-112.065345,33.533028]},"properties":{"incident_type":"check flooding condition","behavioral_cluster":"flash_flood_stranded","date":"2020-01-14","hour":13,"time_of_day_bucket":"day","is_weekend":false,"location_name":"65XX N 7TH AV","year":2020,"precision":"hundred_block"}},{"type":"Feature","geometry":{"type":"Point","coordinates":[-112.047934,33.541659]},"properties":{"incident_type":"check flooding condition","behavioral_cluster":"flash_flood_stranded","date":"2020-01-14","hour":13,"time_of_day_bucket":"day","is_weekend":false,"location_name":"71XX N 16TH ST","year":2020,"precision":"hundred_block"}},{"type":"Feature","geometry":{"type":"Point","coordinates":[-112.136081,33.4071]},"properties":{"incident_type":"check flooding condition","behavioral_cluster":"flash_flood_stranded","date":"2020-01-20","hour":10,"time_of_day_bucket":"day","is_weekend":false,"location_name":"36XX E BROADWAY RD","year":2020,"precision":"hundred_block"}},{"type":"Feature","geometry":{"type":"Point","coordinates":[-112.037904,33.364566]},"properties":{"incident_type":"mountain rescue","behavioral_cluster":"recreational_underequipped","date":"2020-01-22","hour":10,"time_of_day_bucket":"day","is_weekend":false,"location_name":"S 21ST ST/E BETH DR","year":2020,"precision":"intersection"}},{"type":"Feature","geometry":{"type":"Point","coordinates":[-112.033323,33.549408]},"properties":{"incident_type":"mountain rescue","behavioral_cluster":"recreational_underequipped","date":"2020-01-22","hour":12,"time_of_day_bucket":"day","is_weekend":false,"location_name":"N 22ND ST/E BELMONT AV","year":2020,"precision":"intersection"}},{"type":"Feature","geometry":{"type":"Point","coordinates":[-112.107087,33.586263]},"properties":{"incident_type":"mountain rescue","behavioral_cluster":"recreational_underequipped","date":"2020-01-22","hour":15,"time_of_day_bucket":"day","is_weekend":false,"location_name":"22XX E DESERT COVE AV","year":2020,"precision":"hundred_block"}},{"type":"Feature","geometry":{"type":"Point","coordinates":[-112.048006,33.799176]},"properties":{"incident_type":"mountain rescue","behavioral_cluster":"recreational_underequipped","date":"2020-01-25","hour":15,"time_of_day_bucket":"day","is_weekend":true,"location_name":"N 16TH ST/E CAREFREE HW","year":2020,"precision":"intersection"}},{"type":"Feature","geometry":{"type":"Point","coordinates":[-111.977276,33.52113]},"properties":{"incident_type":"mountain rescue","behavioral_cluster":"recreational_underequipped","date":"2020-01-25","hour":15,"time_of_day_bucket":"day","is_weekend":true,"location_name":"57XX N ECHO CANYON PW","year":2020,"precision":"hundred_block"}},{"type":"Feature","geometry":{"type":"Point","coordinates":[-112.049142,33.763638]},"properties":{"incident_type":"mountain rescue","behavioral_cluster":"recreational_underequipped","date":"2020-01-25","hour":18,"time_of_day_bucket":"dusk","is_weekend":true,"location_name":"16XX E SONORAN DESERT DR","year":2020,"precision":"hundred_block"}},{"type":"Feature","geometry":{"type":"Point","coordinates":[-112.049142,33.763638]},"properties":{"incident_type":"mountain rescue","behavioral_cluster":"recreational_underequipped","date":"2020-01-31","hour":12,"time_of_day_bucket":"day","is_weekend":false,"location_name":"16XX E SONORAN DESERT DR","year":2020,"precision":"hundred_block"}},{"type":"Feature","geometry":{"type":"Point","coordinates":[-112.133578,33.568083]},"properties":{"incident_type":"check flooding condition","behavioral_cluster":"flash_flood_stranded","date":"2020-02-11","hour":0,"time_of_day_bucket":"night","is_weekend":false,"location_name":"34XX W DUNLAP AV","year":2020,"precision":"hundred_block"}},{"type":"Feature","geometry":{"type":"Point","coordinates":[-112.100351,33.303033]},"properties":{"incident_type":"mountain rescue","behavioral_cluster":"recreational_underequipped","date":"2020-02-15","hour":16,"time_of_day_bucket":"day","is_weekend":true,"location_name":"S 19TH AV/W CHANDLER BL","year":2020,"precision":"intersection"}},{"type":"Feature","geometry":{"type":"Point","coordinates":[-111.980844,33.330834]},"properties":{"incident_type":"check flooding condition","behavioral_cluster":"flash_flood_stranded","date":"2020-02-24","hour":18,"time_of_day_bucket":"dusk","is_weekend":false,"location_name":"S 48TH ST/E WARNER RD","year":2020,"precision":"intersection"}},{"type":"Feature","geometry":{"type":"Point","coordinates":[-112.101606,33.42294]},"properties":{"incident_type":"check flooding condition","behavioral_cluster":"flash_flood_stranded","date":"2020-02-26","hour":15,"time_of_day_bucket":"day","is_weekend":false,"location_name":"26XX S 19TH AV","year":2020,"precision":"hundred_block"}},{"type":"Feature","geometry":{"type":"Point","coordinates":[-112.01842,33.495287]},"properties":{"incident_type":"check flooding condition","behavioral_cluster":"flash_flood_stranded","date":"2020-02-27","hour":19,"time_of_day_bucket":"dusk","is_weekend":false,"location_name":"29XX E INDIAN SCHOOL RD","year":2020,"precision":"hundred_block"}},{"type":"Feature","geometry":{"type":"Point","coordinates":[-112.052169,33.617979]},"properties":{"incident_type":"mountain rescue","behavioral_cluster":"recreational_underequipped","date":"2020-03-01","hour":13,"time_of_day_bucket":"day","is_weekend":true,"location_name":"144XX N 14TH ST","year":2020,"precision":"hundred_block"}},{"type":"Feature","geometry":{"type":"Point","coordinates":[-112.066717,33.598575]},"properties":{"incident_type":"mountain rescue","behavioral_cluster":"recreational_underequipped","date":"2020-03-05","hour":5,"time_of_day_bucket":"dawn","is_weekend":false,"location_name":"129XX N 7TH ST","year":2020,"precision":"hundred_block"}},{"type":"Feature","geometry":{"type":"Point","coordinates":[-112.151385,33.655014]},"properties":{"incident_type":"check flooding condition","behavioral_cluster":"flash_flood_stranded","date":"2020-03-06","hour":20,"time_of_day_bucket":"dusk","is_weekend":false,"location_name":"42XX W UNION HILLS DR","year":2020,"precision":"hundred_block"}},{"type":"Feature","geometry":{"type":"Point","coordinates":[-112.094613,33.442776]},"properties":{"incident_type":"check flooding condition","behavioral_cluster":"flash_flood_stranded","date":"2020-03-10","hour":15,"time_of_day_bucket":"day","is_weekend":false,"location_name":"5XX S 16TH ST","year":2020,"precision":"hundred_block"}},{"type":"Feature","geometry":{"type":"Point","coordinates":[-111.977276,33.52113]},"properties":{"incident_type":"mountain rescue","behavioral_cluster":"recreational_underequipped","date":"2020-03-10","hour":18,"time_of_day_bucket":"dusk","is_weekend":false,"location_name":"57XX N ECHO CANYON PW","year":2020,"precision":"hundred_block"}},{"type":"Feature","geometry":{"type":"Point","coordinates":[-112.116483,33.625269]},"properties":{"incident_type":"water rescue","behavioral_cluster":"flash_flood_stranded","date":"2020-03-13","hour":16,"time_of_day_bucket":"day","is_weekend":false,"location_name":"W GREENWAY RD/N I17","year":2020,"precision":"intersection"}},{"type":"Feature","geometry":{"type":"Point","coordinates":[-112.076253,33.611967]},"properties":{"incident_type":"check flooding condition","behavioral_cluster":"flash_flood_stranded","date":"2020-03-13","hour":17,"time_of_day_bucket":"dusk","is_weekend":false,"location_name":"XX W BOCA RATON RD","year":2020,"precision":"hundred_block"}},{"type":"Feature","geometry":{"type":"Point","coordinates":[-111.996117,33.569163]},"properties":{"incident_type":"mountain rescue","behavioral_cluster":"recreational_underequipped","date":"2020-03-15","hour":14,"time_of_day_bucket":"day","is_weekend":true,"location_name":"90XX N 40TH ST","year":2020,"precision":"hundred_block"}},{"type":"Feature","geometry":{"type":"Point","coordinates":[-111.984458,33.37641]},"properties":{"incident_type":"mountain rescue","behavioral_cluster":"recreational_underequipped","date":"2020-03-15","hour":19,"time_of_day_bucket":"dusk","is_weekend":true,"location_name":"S 46TH ST/E BEAUTIFUL LN","year":2020,"precision":"intersection"}},{"type":"Feature","geometry":{"type":"Point","coordinates":[-112.100746,33.529518]},"properties":{"incident_type":"check flooding condition","behavioral_cluster":"flash_flood_stranded","date":"2020-03-16","hour":11,"time_of_day_bucket":"day","is_weekend":false,"location_name":"62XX N 19TH AV","year":2020,"precision":"hundred_block"}},{"type":"Feature","geometry":{"type":"Point","coordinates":[-112.043574,33.598197]},"properties":{"incident_type":"mountain rescue","behavioral_cluster":"recreational_underequipped","date":"2020-03-17","hour":11,"time_of_day_bucket":"day","is_weekend":false,"location_name":"N 18TH ST/E THUNDERBIRD RD","year":2020,"precision":"intersection"}},{"type":"Feature","geometry":{"type":"Point","coordinates":[-112.100369,33.600195]},"properties":{"incident_type":"mountain rescue","behavioral_cluster":"recreational_underequipped","date":"2020-03-17","hour":22,"time_of_day_bucket":"night","is_weekend":false,"location_name":"N 19TH AV/W LARKSPUR DR","year":2020,"precision":"intersection"}},{"type":"Feature","geometry":{"type":"Point","coordinates":[-112.066717,33.598575]},"properties":{"incident_type":"mountain rescue","behavioral_cluster":"recreational_underequipped","date":"2020-03-20","hour":15,"time_of_day_bucket":"day","is_weekend":false,"location_name":"129XX N 7TH ST","year":2020,"precision":"hundred_block"}},{"type":"Feature","geometry":{"type":"Point","coordinates":[-112.097223,33.575067]},"properties":{"incident_type":"check flooding condition","behavioral_cluster":"flash_flood_stranded","date":"2020-03-21","hour":22,"time_of_day_bucket":"night","is_weekend":true,"location_name":"17XX W MOUNTAIN VIEW RD","year":2020,"precision":"hundred_block"}},{"type":"Feature","geometry":{"type":"Point","coordinates":[-111.975156,33.452154]},"properties":{"incident_type":"check flooding condition","behavioral_cluster":"flash_flood_stranded","date":"2020-03-22","hour":3,"time_of_day_bucket":"night","is_weekend":true,"location_name":"49XX E VAN BUREN ST","year":2020,"precision":"hundred_block"}},{"type":"Feature","geometry":{"type":"Point","coordinates":[-112.073827,33.452397]},"properties":{"incident_type":"check flooding condition","behavioral_cluster":"flash_flood_stranded","date":"2020-03-24","hour":22,"time_of_day_bucket":"night","is_weekend":false,"location_name":"N CENTRAL AV/E POLK ST","year":2020,"precision":"intersection"}},{"type":"Feature","geometry":{"type":"Point","coordinates":[-111.96265,33.4773]},"properties":{"incident_type":"check flooding condition","behavioral_cluster":"flash_flood_stranded","date":"2020-03-26","hour":6,"time_of_day_bucket":"dawn","is_weekend":false,"location_name":"54XX W CAMBRIDGE AV","year":2020,"precision":"hundred_block"}},{"type":"Feature","geometry":{"type":"Point","coordinates":[-112.144342,33.489333]},"properties":{"incident_type":"water rescue","behavioral_cluster":"flash_flood_stranded","date":"2020-03-28","hour":22,"time_of_day_bucket":"night","is_weekend":true,"location_name":"34XX N 39TH AV","year":2020,"precision":"hundred_block"}},{"type":"Feature","geometry":{"type":"Point","coordinates":[-112.086167,33.583203]},"properties":{"incident_type":"mountain rescue","behavioral_cluster":"recreational_underequipped","date":"2020-03-30","hour":14,"time_of_day_bucket":"day","is_weekend":false,"location_name":"N 10TH DR/W BECKER LN","year":2020,"precision":"intersection"}},{"type":"Feature","geometry":{"type":"Point","coordinates":[-111.986793,33.504948]},"properties":{"incident_type":"water rescue","behavioral_cluster":"flash_flood_stranded","date":"2020-03-31","hour":8,"time_of_day_bucket":"dawn","is_weekend":false,"location_name":"N 44TH ST/E CALLE REDONDA","year":2020,"precision":"intersection"}},{"type":"Feature","geometry":{"type":"Point","coordinates":[-112.074511,33.607584]},"properties":{"incident_type":"mountain rescue","behavioral_cluster":"recreational_underequipped","date":"2020-04-06","hour":10,"time_of_day_bucket":"day","is_weekend":false,"location_name":"N CENTRAL AV/E THUNDERBIRD RD","year":2020,"precision":"intersection"}},{"type":"Feature","geometry":{"type":"Point","coordinates":[-112.069877,33.52545]},"properties":{"incident_type":"check flooding condition","behavioral_cluster":"flash_flood_stranded","date":"2020-04-08","hour":23,"time_of_day_bucket":"night","is_weekend":false,"location_name":"60XX S 3RD ST","year":2020,"precision":"hundred_block"}},{"type":"Feature","geometry":{"type":"Point","coordinates":[-112.091153,33.588441]},"properties":{"incident_type":"mountain rescue","behavioral_cluster":"recreational_underequipped","date":"2020-04-11","hour":9,"time_of_day_bucket":"day","is_weekend":true,"location_name":"N 15TH AV/W YUCCA ST","year":2020,"precision":"intersection"}},{"type":"Feature","geometry":{"type":"Point","coordinates":[-112.082116,33.531363]},"properties":{"incident_type":"check flooding condition","behavioral_cluster":"flash_flood_stranded","date":"2020-04-11","hour":16,"time_of_day_bucket":"day","is_weekend":true,"location_name":"6XX W MARYLAND AV","year":2020,"precision":"hundred_block"}},{"type":"Feature","geometry":{"type":"Point","coordinates":[-112.203211,33.49845]},"properties":{"incident_type":"water rescue","behavioral_cluster":"flash_flood_stranded","date":"2020-04-15","hour":7,"time_of_day_bucket":"dawn","is_weekend":false,"location_name":"N 67TH AV/W HEATHERBRAE DR","year":2020,"precision":"intersection"}},{"type":"Feature","geometry":{"type":"Point","coordinates":[-112.06161,33.580197]},"properties":{"incident_type":"check flooding condition","behavioral_cluster":"flash_flood_stranded","date":"2020-04-16","hour":10,"time_of_day_bucket":"day","is_weekend":false,"location_name":"8XX E COCHISE DR","year":2020,"precision":"hundred_block"}},{"type":"Feature","geometry":{"type":"Point","coordinates":[-112.049142,33.763638]},"properties":{"incident_type":"mountain rescue","behavioral_cluster":"recreational_underequipped","date":"2020-04-19","hour":9,"time_of_day_bucket":"day","is_weekend":true,"location_name":"16XX E SONORAN DESERT DR","year":2020,"precision":"hundred_block"}},{"type":"Feature","geometry":{"type":"Point","coordinates":[-112.133596,33.392088]},"properties":{"incident_type":"check flooding condition","behavioral_cluster":"flash_flood_stranded","date":"2020-04-19","hour":20,"time_of_day_bucket":"dusk","is_weekend":true,"location_name":"S 35TH AV/W SOUTHERN AV","year":2020,"precision":"intersection"}},{"type":"Feature","geometry":{"type":"Point","coordinates":[-112.002268,33.616332]},"properties":{"incident_type":"check flooding condition","behavioral_cluster":"flash_flood_stranded","date":"2020-04-21","hour":21,"time_of_day_bucket":"night","is_weekend":false,"location_name":"36XX E CROCUS DR","year":2020,"precision":"hundred_block"}},{"type":"Feature","geometry":{"type":"Point","coordinates":[-112.058514,33.64083]},"properties":{"incident_type":"check flooding condition","behavioral_cluster":"flash_flood_stranded","date":"2020-04-25","hour":21,"time_of_day_bucket":"night","is_weekend":true,"location_name":"11XX W BELL RD","year":2020,"precision":"hundred_block"}},{"type":"Feature","geometry":{"type":"Point","coordinates":[-111.981807,33.684219]},"properties":{"incident_type":"check flooding condition","behavioral_cluster":"flash_flood_stranded","date":"2020-05-01","hour":6,"time_of_day_bucket":"dawn","is_weekend":false,"location_name":"216XX N 44TH PL","year":2020,"precision":"hundred_block"}},{"type":"Feature","geometry":{"type":"Point","coordinates":[-112.026987,33.316227]},"properties":{"incident_type":"mountain rescue","behavioral_cluster":"recreational_underequipped","date":"2020-05-03","hour":12,"time_of_day_bucket":"day","is_weekend":true,"location_name":"S 24TH WY/E DESERT WILLOW DR","year":2020,"precision":"intersection"}},{"type":"Feature","geometry":{"type":"Point","coordinates":[-112.15125,33.567831]},"properties":{"incident_type":"check flooding condition","behavioral_cluster":"flash_flood_stranded","date":"2020-05-05","hour":17,"time_of_day_bucket":"dusk","is_weekend":false,"location_name":"42XX W DUNLAP AV","year":2020,"precision":"hundred_block"}},{"type":"Feature","geometry":{"type":"Point","coordinates":[-112.065318,33.485373]},"properties":{"incident_type":"check flooding condition","behavioral_cluster":"flash_flood_stranded","date":"2020-05-08","hour":2,"time_of_day_bucket":"night","is_weekend":false,"location_name":"31XX N 7TH AV","year":2020,"precision":"hundred_block"}},{"type":"Feature","geometry":{"type":"Point","coordinates":[-112.004006,33.531867]},"properties":{"incident_type":"mountain rescue","behavioral_cluster":"recreational_underequipped","date":"2020-05-09","hour":11,"time_of_day_bucket":"day","is_weekend":true,"location_name":"N 36TH ST/E LINCOLN DR","year":2020,"precision":"intersection"}},{"type":"Feature","geometry":{"type":"Point","coordinates":[-112.02403,33.509961]},"properties":{"incident_type":"check flooding condition","behavioral_cluster":"flash_flood_stranded","date":"2020-05-09","hour":19,"time_of_day_bucket":"dusk","is_weekend":true,"location_name":"26XX E CAMELBACK RD","year":2020,"precision":"hundred_block"}},{"type":"Feature","geometry":{"type":"Point","coordinates":[-111.961687,33.676569]},"properties":{"incident_type":"check flooding condition","behavioral_cluster":"flash_flood_stranded","date":"2020-05-10","hour":1,"time_of_day_bucket":"night","is_weekend":true,"location_name":"55XX E DEER VALLEY DR","year":2020,"precision":"hundred_block"}},{"type":"Feature","geometry":{"type":"Point","coordinates":[-111.98958,33.495129]},"properties":{"incident_type":"check flooding condition","behavioral_cluster":"flash_flood_stranded","date":"2020-05-12","hour":18,"time_of_day_bucket":"dusk","is_weekend":false,"location_name":"42XX E INDIAN SCHOOL RD","year":2020,"precision":"hundred_block"}},{"type":"Feature","geometry":{"type":"Point","coordinates":[-111.928775,33.495129]},"properties":{"incident_type":"check flooding condition","behavioral_cluster":"flash_flood_stranded","date":"2020-05-13","hour":19,"time_of_day_bucket":"dusk","is_weekend":false,"location_name":"70XX W INDIAN SCHOOL RD","year":2020,"precision":"hundred_block"}},{"type":"Feature","geometry":{"type":"Point","coordinates":[-112.082445,33.503544]},"properties":{"incident_type":"water rescue","behavioral_cluster":"flash_flood_stranded","date":"2020-05-14","hour":23,"time_of_day_bucket":"night","is_weekend":false,"location_name":"N 7TH AV/W CAMPBELL AV","year":2020,"precision":"intersection"}},{"type":"Feature","geometry":{"type":"Point","coordinates":[-112.075488,33.456447]},"properties":{"incident_type":"check flooding condition","behavioral_cluster":"flash_flood_stranded","date":"2020-05-17","hour":0,"time_of_day_bucket":"night","is_weekend":true,"location_name":"6XX N 1ST AV","year":2020,"precision":"hundred_block"}},{"type":"Feature","geometry":{"type":"Point","coordinates":[-112.062731,33.466212]},"properties":{"incident_type":"check flooding condition","behavioral_cluster":"flash_flood_stranded","date":"2020-05-17","hour":20,"time_of_day_bucket":"dusk","is_weekend":true,"location_name":"7XX E MCDOWELL RD","year":2020,"precision":"hundred_block"}},{"type":"Feature","geometry":{"type":"Point","coordinates":[-112.066717,33.598575]},"properties":{"incident_type":"mountain rescue","behavioral_cluster":"recreational_underequipped","date":"2020-05-18","hour":17,"time_of_day_bucket":"dusk","is_weekend":false,"location_name":"129XX N 7TH ST","year":2020,"precision":"hundred_block"}},{"type":"Feature","geometry":{"type":"Point","coordinates":[-112.074511,33.607584]},"properties":{"incident_type":"mountain rescue","behavioral_cluster":"recreational_underequipped","date":"2020-05-18","hour":17,"time_of_day_bucket":"dusk","is_weekend":false,"location_name":"N CENTRAL AV/E THUNDERBIRD RD","year":2020,"precision":"intersection"}},{"type":"Feature","geometry":{"type":"Point","coordinates":[-112.170199,33.733431]},"properties":{"incident_type":"water rescue","behavioral_cluster":"flash_flood_stranded","date":"2020-05-19","hour":15,"time_of_day_bucket":"day","is_weekend":false,"location_name":"N STETSON VALLEY PW/W STRAIGHT ARROW LN","year":2020,"precision":"intersection"}},{"type":"Feature","geometry":{"type":"Point","coordinates":[-112.022982,33.64227]},"properties":{"incident_type":"check flooding condition","behavioral_cluster":"flash_flood_stranded","date":"2020-05-21","hour":20,"time_of_day_bucket":"dusk","is_weekend":false,"location_name":"27XX E SCHILIRO CI","year":2020,"precision":"hundred_block"}},{"type":"Feature","geometry":{"type":"Point","coordinates":[-112.178768,33.71238]},"properties":{"incident_type":"mountain rescue","behavioral_cluster":"recreational_underequipped","date":"2020-05-23","hour":7,"time_of_day_bucket":"dawn","is_weekend":true,"location_name":"N 55TH AV/W HAPPY VALLEY RD","year":2020,"precision":"intersection"}},{"type":"Feature","geometry":{"type":"Point","coordinates":[-112.045464,33.53508]},"properties":{"incident_type":"check flooding condition","behavioral_cluster":"flash_flood_stranded","date":"2020-05-24","hour":3,"time_of_day_bucket":"night","is_weekend":true,"location_name":"16XX E OCOTILLO RD","year":2020,"precision":"hundred_block"}},{"type":"Feature","geometry":{"type":"Point","coordinates":[-112.065318,33.485373]},"properties":{"incident_type":"check flooding condition","behavioral_cluster":"flash_flood_stranded","date":"2020-05-26","hour":21,"time_of_day_bucket":"night","is_weekend":false,"location_name":"31XX N 7TH AV","year":2020,"precision":"hundred_block"}},{"type":"Feature","geometry":{"type":"Point","coordinates":[-112.143181,33.422598]},"properties":{"incident_type":"water rescue","behavioral_cluster":"flash_flood_stranded","date":"2020-05-29","hour":5,"time_of_day_bucket":"dawn","is_weekend":false,"location_name":"S 39TH AV/W LOWER BUCKEYE RD","year":2020,"precision":"intersection"}},{"type":"Feature","geometry":{"type":"Point","coordinates":[-112.186418,33.487794]},"properties":{"incident_type":"water rescue","behavioral_cluster":"flash_flood_stranded","date":"2020-05-30","hour":6,"time_of_day_bucket":"dawn","is_weekend":true,"location_name":"N 59TH AV/W OSBORN RD","year":2020,"precision":"intersection"}},{"type":"Feature","geometry":{"type":"Point","coordinates":[-112.024152,33.498261]},"properties":{"incident_type":"check flooding condition","behavioral_cluster":"flash_flood_stranded","date":"2020-06-03","hour":5,"time_of_day_bucket":"dawn","is_weekend":false,"location_name":"42XX N 27TH AV","year":2020,"precision":"hundred_block"}},{"type":"Feature","geometry":{"type":"Point","coordinates":[-112.012947,33.567597]},"properties":{"incident_type":"mountain rescue","behavioral_cluster":"recreational_underequipped","date":"2020-06-07","hour":6,"time_of_day_bucket":"dawn","is_weekend":true,"location_name":"N 32ND ST/E PUGET AV","year":2020,"precision":"intersection"}},{"type":"Feature","geometry":{"type":"Point","coordinates":[-112.040059,33.453207]},"properties":{"incident_type":"check flooding condition","behavioral_cluster":"flash_flood_stranded","date":"2020-06-10","hour":1,"time_of_day_bucket":"night","is_weekend":false,"location_name":"19XX E POLK ST","year":2020,"precision":"hundred_block"}},{"type":"Feature","geometry":{"type":"Point","coordinates":[-112.049142,33.763638]},"properties":{"incident_type":"mountain rescue","behavioral_cluster":"recreational_underequipped","date":"2020-06-11","hour":9,"time_of_day_bucket":"day","is_weekend":false,"location_name":"16XX E SONORAN DESERT DR","year":2020,"precision":"hundred_block"}},{"type":"Feature","geometry":{"type":"Point","coordinates":[-112.03457,33.480279]},"properties":{"incident_type":"water rescue","behavioral_cluster":"flash_flood_stranded","date":"2020-06-17","hour":16,"time_of_day_bucket":"day","is_weekend":false,"location_name":"N 22ND ST/E THOMAS RD","year":2020,"precision":"intersection"}},{"type":"Feature","geometry":{"type":"Point","coordinates":[-112.058046,33.316767]},"properties":{"incident_type":"mountain rescue","behavioral_cluster":"recreational_underequipped","date":"2020-06-21","hour":8,"time_of_day_bucket":"dawn","is_weekend":true,"location_name":"E DESERT BROOM WY/S DESERT FOOTHILLS PW","year":2020,"precision":"intersection"}},{"type":"Feature","geometry":{"type":"Point","coordinates":[-112.134789,33.363018]},"properties":{"incident_type":"water rescue","behavioral_cluster":"flash_flood_stranded","date":"2020-06-24","hour":18,"time_of_day_bucket":"dusk","is_weekend":false,"location_name":"S 35TH AV/W DOBBINS RD","year":2020,"precision":"intersection"}},{"type":"Feature","geometry":{"type":"Point","coordinates":[-112.001535,33.687387]},"properties":{"incident_type":"check flooding condition","behavioral_cluster":"flash_flood_stranded","date":"2020-06-25","hour":12,"time_of_day_bucket":"day","is_weekend":false,"location_name":"36XX E LOS GATOS DR","year":2020,"precision":"hundred_block"}},{"type":"Feature","geometry":{"type":"Point","coordinates":[-111.977964,33.64101]},"properties":{"incident_type":"check flooding condition","behavioral_cluster":"flash_flood_stranded","date":"2020-06-29","hour":11,"time_of_day_bucket":"day","is_weekend":false,"location_name":"47XX E BELL RD","year":2020,"precision":"hundred_block"}},{"type":"Feature","geometry":{"type":"Point","coordinates":[-112.170199,33.733431]},"properties":{"incident_type":"mountain rescue","behavioral_cluster":"recreational_underequipped","date":"2020-06-30","hour":19,"time_of_day_bucket":"dusk","is_weekend":false,"location_name":"N STETSON VALLEY PW/W STRAIGHT ARROW LN","year":2020,"precision":"intersection"}},{"type":"Feature","geometry":{"type":"Point","coordinates":[-112.168269,33.377553]},"properties":{"incident_type":"check flooding condition","behavioral_cluster":"flash_flood_stranded","date":"2020-07-01","hour":15,"time_of_day_bucket":"day","is_weekend":false,"location_name":"S 51ST AV/W BASELINE RD","year":2020,"precision":"intersection"}},{"type":"Feature","geometry":{"type":"Point","coordinates":[-112.129623,33.495336]},"properties":{"incident_type":"check flooding condition","behavioral_cluster":"flash_flood_stranded","date":"2020-07-03","hour":1,"time_of_day_bucket":"night","is_weekend":false,"location_name":"32XX W INDIAN SCHOOL RD","year":2020,"precision":"hundred_block"}},{"type":"Feature","geometry":{"type":"Point","coordinates":[-112.090284,33.399612]},"properties":{"incident_type":"check flooding condition","behavioral_cluster":"flash_flood_stranded","date":"2020-07-03","hour":11,"time_of_day_bucket":"day","is_weekend":false,"location_name":"13XX E ROESER RD","year":2020,"precision":"hundred_block"}},{"type":"Feature","geometry":{"type":"Point","coordinates":[-112.005324,33.641046]},"properties":{"incident_type":"check flooding condition","behavioral_cluster":"flash_flood_stranded","date":"2020-07-03","hour":12,"time_of_day_bucket":"day","is_weekend":false,"location_name":"35XX E BELL RD","year":2020,"precision":"hundred_block"}},{"type":"Feature","geometry":{"type":"Point","coordinates":[-112.116033,33.538842]},"properties":{"incident_type":"check flooding condition","behavioral_cluster":"flash_flood_stranded","date":"2020-07-04","hour":0,"time_of_day_bucket":"night","is_weekend":true,"location_name":"26XX W GLENDALE AV","year":2020,"precision":"hundred_block"}},{"type":"Feature","geometry":{"type":"Point","coordinates":[-112.035811,33.641595]},"properties":{"incident_type":"check flooding condition","behavioral_cluster":"flash_flood_stranded","date":"2020-07-04","hour":22,"time_of_day_bucket":"night","is_weekend":true,"location_name":"21XX E BELL RD","year":2020,"precision":"hundred_block"}},{"type":"Feature","geometry":{"type":"Point","coordinates":[-112.03227,33.65271]},"properties":{"incident_type":"check flooding condition","behavioral_cluster":"flash_flood_stranded","date":"2020-07-06","hour":16,"time_of_day_bucket":"day","is_weekend":false,"location_name":"182XX N CAVE CREEK RD","year":2020,"precision":"hundred_block"}},{"type":"Feature","geometry":{"type":"Point","coordinates":[-112.17474,33.465681]},"properties":{"incident_type":"check flooding condition","behavioral_cluster":"flash_flood_stranded","date":"2020-07-08","hour":8,"time_of_day_bucket":"dawn","is_weekend":false,"location_name":"52XX W LYNWOOD ST","year":2020,"precision":"hundred_block"}},{"type":"Feature","geometry":{"type":"Point","coordinates":[-112.058514,33.64083]},"properties":{"incident_type":"check flooding condition","behavioral_cluster":"flash_flood_stranded","date":"2020-07-12","hour":1,"time_of_day_bucket":"night","is_weekend":true,"location_name":"11XX W BELL RD","year":2020,"precision":"hundred_block"}},{"type":"Feature","geometry":{"type":"Point","coordinates":[-111.996859,33.350607]},"properties":{"incident_type":"mountain rescue","behavioral_cluster":"recreational_underequipped","date":"2020-07-12","hour":18,"time_of_day_bucket":"dusk","is_weekend":true,"location_name":"S 40TH PL/E SAN GABRIEL AV","year":2020,"precision":"intersection"}},{"type":"Feature","geometry":{"type":"Point","coordinates":[-112.103437,33.502608]},"properties":{"incident_type":"check flooding condition","behavioral_cluster":"flash_flood_stranded","date":"2020-07-18","hour":22,"time_of_day_bucket":"night","is_weekend":true,"location_name":"20XX E CAMPBELL AV","year":2020,"precision":"hundred_block"}},{"type":"Feature","geometry":{"type":"Point","coordinates":[-112.048128,33.526998]},"properties":{"incident_type":"check flooding condition","behavioral_cluster":"flash_flood_stranded","date":"2020-07-22","hour":0,"time_of_day_bucket":"night","is_weekend":false,"location_name":"61XX N 16TH ST","year":2020,"precision":"hundred_block"}},{"type":"Feature","geometry":{"type":"Point","coordinates":[-112.102236,33.569757]},"properties":{"incident_type":"check flooding condition","behavioral_cluster":"flash_flood_stranded","date":"2020-07-23","hour":20,"time_of_day_bucket":"dusk","is_weekend":false,"location_name":"20XX W DUNLAP AV","year":2020,"precision":"hundred_block"}},{"type":"Feature","geometry":{"type":"Point","coordinates":[-112.047354,33.377733]},"properties":{"incident_type":"water rescue","behavioral_cluster":"flash_flood_stranded","date":"2020-07-24","hour":11,"time_of_day_bucket":"day","is_weekend":false,"location_name":"S 16TH ST/E BASELINE RD","year":2020,"precision":"intersection"}},{"type":"Feature","geometry":{"type":"Point","coordinates":[-112.100107,33.500025]},"properties":{"incident_type":"water rescue","behavioral_cluster":"flash_flood_stranded","date":"2020-07-25","hour":20,"time_of_day_bucket":"dusk","is_weekend":true,"location_name":"43XX N 19TH AV","year":2020,"precision":"hundred_block"}},{"type":"Feature","geometry":{"type":"Point","coordinates":[-112.010828,33.482916]},"properties":{"incident_type":"check flooding condition","behavioral_cluster":"flash_flood_stranded","date":"2020-07-25","hour":23,"time_of_day_bucket":"night","is_weekend":true,"location_name":"32XX E PINCHOT AV","year":2020,"precision":"hundred_block"}},{"type":"Feature","geometry":{"type":"Point","coordinates":[-112.033827,33.315804]},"properties":{"incident_type":"mountain rescue","behavioral_cluster":"recreational_underequipped","date":"2020-07-26","hour":10,"time_of_day_bucket":"day","is_weekend":true,"location_name":"S 22ND ST/E ROCKLEDGE RD","year":2020,"precision":"intersection"}},{"type":"Feature","geometry":{"type":"Point","coordinates":[-112.034237,33.408009]},"properties":{"incident_type":"check flooding condition","behavioral_cluster":"flash_flood_stranded","date":"2020-07-28","hour":15,"time_of_day_bucket":"day","is_weekend":false,"location_name":"21XX E BROADWAY RD","year":2020,"precision":"hundred_block"}},{"type":"Feature","geometry":{"type":"Point","coordinates":[-111.928775,33.495129]},"properties":{"incident_type":"check flooding condition","behavioral_cluster":"flash_flood_stranded","date":"2020-07-30","hour":3,"time_of_day_bucket":"night","is_weekend":false,"location_name":"70XX W INDIAN SCHOOL RD","year":2020,"precision":"hundred_block"}},{"type":"Feature","geometry":{"type":"Point","coordinates":[-111.996356,33.37857]},"properties":{"incident_type":"check flooding condition","behavioral_cluster":"flash_flood_stranded","date":"2020-08-04","hour":19,"time_of_day_bucket":"dusk","is_weekend":false,"location_name":"39XX E BASELINE RD","year":2020,"precision":"hundred_block"}},{"type":"Feature","geometry":{"type":"Point","coordinates":[-112.065246,33.512679]},"properties":{"incident_type":"check flooding condition","behavioral_cluster":"flash_flood_stranded","date":"2020-08-08","hour":2,"time_of_day_bucket":"night","is_weekend":true,"location_name":"51XX N 7TH ST","year":2020,"precision":"hundred_block"}},{"type":"Feature","geometry":{"type":"Point","coordinates":[-111.985966,33.605035]},"properties":{"incident_type":"check flooding condition","behavioral_cluster":"flash_flood_stranded","date":"2020-08-08","hour":3,"time_of_day_bucket":"night","is_weekend":true,"location_name":"44XX E PARADISE VILLAGE PW N","year":2020,"precision":"hundred_block"}},{"type":"Feature","geometry":{"type":"Point","coordinates":[-111.926205,33.610149]},"properties":{"incident_type":"check flooding condition","behavioral_cluster":"flash_flood_stranded","date":"2020-08-09","hour":13,"time_of_day_bucket":"day","is_weekend":true,"location_name":"136XX N SCOTTSDALE RD","year":2020,"precision":"hundred_block"}},{"type":"Feature","geometry":{"type":"Point","coordinates":[-112.100494,33.499017]},"properties":{"incident_type":"water rescue","behavioral_cluster":"flash_flood_stranded","date":"2020-08-13","hour":17,"time_of_day_bucket":"dusk","is_weekend":false,"location_name":"42XX N 19TH AV","year":2020,"precision":"hundred_block"}},{"type":"Feature","geometry":{"type":"Point","coordinates":[-112.129623,33.495336]},"properties":{"incident_type":"check flooding condition","behavioral_cluster":"flash_flood_stranded","date":"2020-08-16","hour":19,"time_of_day_bucket":"dusk","is_weekend":true,"location_name":"32XX W INDIAN SCHOOL RD","year":2020,"precision":"hundred_block"}},{"type":"Feature","geometry":{"type":"Point","coordinates":[-112.024152,33.498261]},"properties":{"incident_type":"check flooding condition","behavioral_cluster":"flash_flood_stranded","date":"2020-08-19","hour":3,"time_of_day_bucket":"night","is_weekend":false,"location_name":"42XX N 27TH AV","year":2020,"precision":"hundred_block"}},{"type":"Feature","geometry":{"type":"Point","coordinates":[-112.051557,33.64254]},"properties":{"incident_type":"check flooding condition","behavioral_cluster":"flash_flood_stranded","date":"2020-08-21","hour":19,"time_of_day_bucket":"dusk","is_weekend":false,"location_name":"14XX E BELL RD","year":2020,"precision":"hundred_block"}},{"type":"Feature","geometry":{"type":"Point","coordinates":[-112.065349,33.519933]},"properties":{"incident_type":"check flooding condition","behavioral_cluster":"flash_flood_stranded","date":"2020-08-26","hour":2,"time_of_day_bucket":"night","is_weekend":false,"location_name":"56XX S 7TH ST","year":2020,"precision":"hundred_block"}},{"type":"Feature","geometry":{"type":"Point","coordinates":[-112.079241,33.480918]},"properties":{"incident_type":"check flooding condition","behavioral_cluster":"flash_flood_stranded","date":"2020-08-26","hour":4,"time_of_day_bucket":"night","is_weekend":false,"location_name":"3XX E THOMAS RD","year":2020,"precision":"hundred_block"}},{"type":"Feature","geometry":{"type":"Point","coordinates":[-112.133578,33.568083]},"properties":{"incident_type":"check flooding condition","behavioral_cluster":"flash_flood_stranded","date":"2020-08-28","hour":3,"time_of_day_bucket":"night","is_weekend":false,"location_name":"34XX W DUNLAP AV","year":2020,"precision":"hundred_block"}},{"type":"Feature","geometry":{"type":"Point","coordinates":[-112.237825,33.47982]},"properties":{"incident_type":"check flooding condition","behavioral_cluster":"flash_flood_stranded","date":"2020-09-01","hour":5,"time_of_day_bucket":"dawn","is_weekend":false,"location_name":"N 83RD AV/W THOMAS RD","year":2020,"precision":"intersection"}},{"type":"Feature","geometry":{"type":"Point","coordinates":[-112.100499,33.351912]},"properties":{"incident_type":"mountain rescue","behavioral_cluster":"recreational_underequipped","date":"2020-09-02","hour":6,"time_of_day_bucket":"dawn","is_weekend":false,"location_name":"S 19TH AV/W TELEGRAPH PASS RD","year":2020,"precision":"intersection"}},{"type":"Feature","geometry":{"type":"Point","coordinates":[-112.080555,33.456564]},"properties":{"incident_type":"check flooding condition","behavioral_cluster":"flash_flood_stranded","date":"2020-09-07","hour":7,"time_of_day_bucket":"dawn","is_weekend":false,"location_name":"6XX N 5TH AV","year":2020,"precision":"hundred_block"}},{"type":"Feature","geometry":{"type":"Point","coordinates":[-112.135136,33.485877]},"properties":{"incident_type":"check flooding condition","behavioral_cluster":"flash_flood_stranded","date":"2020-09-10","hour":8,"time_of_day_bucket":"dawn","is_weekend":false,"location_name":"31XX N 35TH AV","year":2020,"precision":"hundred_block"}},{"type":"Feature","geometry":{"type":"Point","coordinates":[-112.049142,33.763638]},"properties":{"incident_type":"mountain rescue","behavioral_cluster":"recreational_underequipped","date":"2020-09-10","hour":15,"time_of_day_bucket":"day","is_weekend":false,"location_name":"16XX E SONORAN DESERT DR","year":2020,"precision":"hundred_block"}},{"type":"Feature","geometry":{"type":"Point","coordinates":[-112.036973,33.495102]},"properties":{"incident_type":"check flooding condition","behavioral_cluster":"flash_flood_stranded","date":"2020-09-12","hour":20,"time_of_day_bucket":"dusk","is_weekend":true,"location_name":"20XX W INDIAN SCHOOL RD","year":2020,"precision":"hundred_block"}},{"type":"Feature","geometry":{"type":"Point","coordinates":[-111.980349,33.305274]},"properties":{"incident_type":"check flooding condition","behavioral_cluster":"flash_flood_stranded","date":"2020-09-14","hour":0,"time_of_day_bucket":"night","is_weekend":false,"location_name":"S 48TH ST/E CHANDLER BL","year":2020,"precision":"intersection"}},{"type":"Feature","geometry":{"type":"Point","coordinates":[-112.136539,33.567939]},"properties":{"incident_type":"check flooding condition","behavioral_cluster":"flash_flood_stranded","date":"2020-09-14","hour":16,"time_of_day_bucket":"day","is_weekend":false,"location_name":"35XX W DUNLAP AV","year":2020,"precision":"hundred_block"}},{"type":"Feature","geometry":{"type":"Point","coordinates":[-112.136261,33.573906]},"properties":{"incident_type":"water rescue","behavioral_cluster":"flash_flood_stranded","date":"2020-09-18","hour":0,"time_of_day_bucket":"night","is_weekend":false,"location_name":"35XX W VOGEL AV","year":2020,"precision":"hundred_block"}},{"type":"Feature","geometry":{"type":"Point","coordinates":[-112.004703,33.478155]},"properties":{"incident_type":"check flooding condition","behavioral_cluster":"flash_flood_stranded","date":"2020-09-19","hour":3,"time_of_day_bucket":"night","is_weekend":true,"location_name":"26XX N 36TH ST","year":2020,"precision":"hundred_block"}},{"type":"Feature","geometry":{"type":"Point","coordinates":[-112.129623,33.495336]},"properties":{"incident_type":"check flooding condition","behavioral_cluster":"flash_flood_stranded","date":"2020-09-20","hour":4,"time_of_day_bucket":"night","is_weekend":true,"location_name":"32XX W INDIAN SCHOOL RD","year":2020,"precision":"hundred_block"}},{"type":"Feature","geometry":{"type":"Point","coordinates":[-112.0001,33.337836]},"properties":{"incident_type":"mountain rescue","behavioral_cluster":"recreational_underequipped","date":"2020-09-20","hour":11,"time_of_day_bucket":"day","is_weekend":true,"location_name":"E EQUESTRIAN TL/E KACHINA DR","year":2020,"precision":"intersection"}},{"type":"Feature","geometry":{"type":"Point","coordinates":[-112.049142,33.763638]},"properties":{"incident_type":"mountain rescue","behavioral_cluster":"recreational_underequipped","date":"2020-09-21","hour":11,"time_of_day_bucket":"day","is_weekend":false,"location_name":"16XX E SONORAN DESERT DR","year":2020,"precision":"hundred_block"}},{"type":"Feature","geometry":{"type":"Point","coordinates":[-112.129623,33.495336]},"properties":{"incident_type":"check flooding condition","behavioral_cluster":"flash_flood_stranded","date":"2020-09-21","hour":15,"time_of_day_bucket":"day","is_weekend":false,"location_name":"32XX W INDIAN SCHOOL RD","year":2020,"precision":"hundred_block"}},{"type":"Feature","geometry":{"type":"Point","coordinates":[-112.207009,33.438843]},"properties":{"incident_type":"check flooding condition","behavioral_cluster":"flash_flood_stranded","date":"2020-09-25","hour":20,"time_of_day_bucket":"dusk","is_weekend":false,"location_name":"68XX W BUCKEYE RD","year":2020,"precision":"hundred_block"}},{"type":"Feature","geometry":{"type":"Point","coordinates":[-112.103154,33.364161]},"properties":{"incident_type":"check flooding condition","behavioral_cluster":"flash_flood_stranded","date":"2020-09-27","hour":9,"time_of_day_bucket":"day","is_weekend":true,"location_name":"20XX W DOBBINS RD","year":2020,"precision":"hundred_block"}},{"type":"Feature","geometry":{"type":"Point","coordinates":[-112.096998,33.612993]},"properties":{"incident_type":"check flooding condition","behavioral_cluster":"flash_flood_stranded","date":"2020-09-28","hour":13,"time_of_day_bucket":"day","is_weekend":false,"location_name":"17XX E THUNDERBIRD RD","year":2020,"precision":"hundred_block"}},{"type":"Feature","geometry":{"type":"Point","coordinates":[-112.02386,33.312528]},"properties":{"incident_type":"mountain rescue","behavioral_cluster":"recreational_underequipped","date":"2020-09-29","hour":6,"time_of_day_bucket":"dawn","is_weekend":false,"location_name":"E DESERT WILLOW DR/E RAY RD","year":2020,"precision":"intersection"}},{"type":"Feature","geometry":{"type":"Point","coordinates":[-112.099901,33.499278]},"properties":{"incident_type":"water rescue","behavioral_cluster":"flash_flood_stranded","date":"2020-10-03","hour":1,"time_of_day_bucket":"night","is_weekend":true,"location_name":"N 19TH AV/W GLENROSA AV","year":2020,"precision":"intersection"}},{"type":"Feature","geometry":{"type":"Point","coordinates":[-112.012947,33.567597]},"properties":{"incident_type":"mountain rescue","behavioral_cluster":"recreational_underequipped","date":"2020-10-04","hour":15,"time_of_day_bucket":"day","is_weekend":true,"location_name":"N 32ND ST/E PUGET AV","year":2020,"precision":"intersection"}},{"type":"Feature","geometry":{"type":"Point","coordinates":[-112.170199,33.733431]},"properties":{"incident_type":"mountain rescue","behavioral_cluster":"recreational_underequipped","date":"2020-10-09","hour":9,"time_of_day_bucket":"day","is_weekend":false,"location_name":"N STETSON VALLEY PW/W STRAIGHT ARROW LN","year":2020,"precision":"intersection"}},{"type":"Feature","geometry":{"type":"Point","coordinates":[-111.958227,33.781347]},"properties":{"incident_type":"check flooding condition","behavioral_cluster":"flash_flood_stranded","date":"2020-10-11","hour":15,"time_of_day_bucket":"day","is_weekend":true,"location_name":"56XX E OCUPADO DR","year":2020,"precision":"hundred_block"}},{"type":"Feature","geometry":{"type":"Point","coordinates":[-112.015184,33.601212]},"properties":{"incident_type":"check flooding condition","behavioral_cluster":"flash_flood_stranded","date":"2020-10-18","hour":2,"time_of_day_bucket":"night","is_weekend":true,"location_name":"30XX W LARKSPUR DR","year":2020,"precision":"hundred_block"}},{"type":"Feature","geometry":{"type":"Point","coordinates":[-112.047619,33.494706]},"properties":{"incident_type":"water rescue","behavioral_cluster":"flash_flood_stranded","date":"2020-10-18","hour":4,"time_of_day_bucket":"night","is_weekend":true,"location_name":"N 16TH ST/E INDIAN SCHOOL RD","year":2020,"precision":"intersection"}},{"type":"Feature","geometry":{"type":"Point","coordinates":[-111.962646,33.478002]},"properties":{"incident_type":"check flooding condition","behavioral_cluster":"flash_flood_stranded","date":"2020-10-19","hour":0,"time_of_day_bucket":"night","is_weekend":false,"location_name":"54XX E ROANOKE AV","year":2020,"precision":"hundred_block"}},{"type":"Feature","geometry":{"type":"Point","coordinates":[-112.138362,33.534297]},"properties":{"incident_type":"check flooding condition","behavioral_cluster":"flash_flood_stranded","date":"2020-10-21","hour":20,"time_of_day_bucket":"dusk","is_weekend":false,"location_name":"36XX W KRALL ST","year":2020,"precision":"hundred_block"}},{"type":"Feature","geometry":{"type":"Point","coordinates":[-112.117631,33.363081]},"properties":{"incident_type":"water rescue","behavioral_cluster":"flash_flood_stranded","date":"2020-10-24","hour":3,"time_of_day_bucket":"night","is_weekend":true,"location_name":"S 27TH AV/W DOBBINS RD","year":2020,"precision":"intersection"}},{"type":"Feature","geometry":{"type":"Point","coordinates":[-112.138335,33.680223]},"properties":{"incident_type":"check flooding condition","behavioral_cluster":"flash_flood_stranded","date":"2020-10-24","hour":12,"time_of_day_bucket":"day","is_weekend":true,"location_name":"35XX W LONE CACTUS DR","year":2020,"precision":"hundred_block"}},{"type":"Feature","geometry":{"type":"Point","coordinates":[-112.03457,33.480279]},"properties":{"incident_type":"water rescue","behavioral_cluster":"flash_flood_stranded","date":"2020-10-24","hour":12,"time_of_day_bucket":"day","is_weekend":true,"location_name":"N 22ND ST/E THOMAS RD","year":2020,"precision":"intersection"}},{"type":"Feature","geometry":{"type":"Point","coordinates":[-111.992544,33.755994]},"properties":{"incident_type":"check flooding condition","behavioral_cluster":"flash_flood_stranded","date":"2020-10-25","hour":9,"time_of_day_bucket":"day","is_weekend":true,"location_name":"298XX N TATUM BL","year":2020,"precision":"hundred_block"}},{"type":"Feature","geometry":{"type":"Point","coordinates":[-112.019513,33.592059]},"properties":{"incident_type":"check flooding condition","behavioral_cluster":"flash_flood_stranded","date":"2020-10-25","hour":22,"time_of_day_bucket":"night","is_weekend":true,"location_name":"28XX E TIERRA BUENA LN","year":2020,"precision":"hundred_block"}},{"type":"Feature","geometry":{"type":"Point","coordinates":[-112.035402,33.597504]},"properties":{"incident_type":"check flooding condition","behavioral_cluster":"flash_flood_stranded","date":"2020-10-26","hour":17,"time_of_day_bucket":"dusk","is_weekend":false,"location_name":"21XX E CACTUS RD","year":2020,"precision":"hundred_block"}},{"type":"Feature","geometry":{"type":"Point","coordinates":[-111.995541,33.770025]},"properties":{"incident_type":"mountain rescue","behavioral_cluster":"recreational_underequipped","date":"2020-10-27","hour":17,"time_of_day_bucket":"dusk","is_weekend":false,"location_name":"N 40TH ST/E LONE MOUNTAIN RD","year":2020,"precision":"intersection"}},{"type":"Feature","geometry":{"type":"Point","coordinates":[-112.049142,33.763638]},"properties":{"incident_type":"mountain rescue","behavioral_cluster":"recreational_underequipped","date":"2020-11-09","hour":18,"time_of_day_bucket":"dusk","is_weekend":false,"location_name":"16XX E SONORAN DESERT DR","year":2020,"precision":"hundred_block"}},{"type":"Feature","geometry":{"type":"Point","coordinates":[-112.043439,33.533676]},"properties":{"incident_type":"check flooding condition","behavioral_cluster":"flash_flood_stranded","date":"2020-11-10","hour":0,"time_of_day_bucket":"night","is_weekend":false,"location_name":"17XX E TUCKEY LN","year":2020,"precision":"hundred_block"}},{"type":"Feature","geometry":{"type":"Point","coordinates":[-112.036973,33.495102]},"properties":{"incident_type":"check flooding condition","behavioral_cluster":"flash_flood_stranded","date":"2020-11-11","hour":23,"time_of_day_bucket":"night","is_weekend":false,"location_name":"20XX W INDIAN SCHOOL RD","year":2020,"precision":"hundred_block"}},{"type":"Feature","geometry":{"type":"Point","coordinates":[-112.012947,33.567597]},"properties":{"incident_type":"mountain rescue","behavioral_cluster":"recreational_underequipped","date":"2020-11-15","hour":12,"time_of_day_bucket":"day","is_weekend":true,"location_name":"N 32ND ST/E PUGET AV","year":2020,"precision":"intersection"}},{"type":"Feature","geometry":{"type":"Point","coordinates":[-112.022132,33.600465]},"properties":{"incident_type":"check flooding condition","behavioral_cluster":"flash_flood_stranded","date":"2020-11-18","hour":7,"time_of_day_bucket":"dawn","is_weekend":false,"location_name":"124XX N 28TH DR","year":2020,"precision":"hundred_block"}},{"type":"Feature","geometry":{"type":"Point","coordinates":[-112.145634,33.913593]},"properties":{"incident_type":"mountain rescue","behavioral_cluster":"recreational_underequipped","date":"2020-11-18","hour":15,"time_of_day_bucket":"day","is_weekend":false,"location_name":"I17/W NEW RIVER RD","year":2020,"precision":"intersection"}},{"type":"Feature","geometry":{"type":"Point","coordinates":[-112.004644,33.472836]},"properties":{"incident_type":"check flooding condition","behavioral_cluster":"flash_flood_stranded","date":"2020-11-19","hour":14,"time_of_day_bucket":"day","is_weekend":false,"location_name":"22XX N 36TH ST","year":2020,"precision":"hundred_block"}},{"type":"Feature","geometry":{"type":"Point","coordinates":[-112.050167,33.592662]},"properties":{"incident_type":"mountain rescue","behavioral_cluster":"recreational_underequipped","date":"2020-11-24","hour":10,"time_of_day_bucket":"day","is_weekend":false,"location_name":"N 15TH ST/E SUNNYSIDE DR","year":2020,"precision":"intersection"}},{"type":"Feature","geometry":{"type":"Point","coordinates":[-111.977748,33.564627]},"properties":{"incident_type":"mountain rescue","behavioral_cluster":"recreational_underequipped","date":"2020-11-25","hour":12,"time_of_day_bucket":"day","is_weekend":false,"location_name":"N TATUM BL/E TOMAHAWK TL","year":2020,"precision":"intersection"}},{"type":"Feature","geometry":{"type":"Point","coordinates":[-112.023531,33.500043]},"properties":{"incident_type":"check flooding condition","behavioral_cluster":"flash_flood_stranded","date":"2020-11-25","hour":22,"time_of_day_bucket":"night","is_weekend":false,"location_name":"43XX N 27TH AV","year":2020,"precision":"hundred_block"}},{"type":"Feature","geometry":{"type":"Point","coordinates":[-112.072185,33.35598]},"properties":{"incident_type":"mountain rescue","behavioral_cluster":"recreational_underequipped","date":"2020-11-26","hour":10,"time_of_day_bucket":"day","is_weekend":false,"location_name":"S CENTRAL AV/E MINERAL RD","year":2020,"precision":"intersection"}},{"type":"Feature","geometry":{"type":"Point","coordinates":[-111.996117,33.569163]},"properties":{"incident_type":"mountain rescue","behavioral_cluster":"recreational_underequipped","date":"2020-11-26","hour":11,"time_of_day_bucket":"day","is_weekend":false,"location_name":"90XX N 40TH ST","year":2020,"precision":"hundred_block"}},{"type":"Feature","geometry":{"type":"Point","coordinates":[-112.129623,33.495336]},"properties":{"incident_type":"check flooding condition","behavioral_cluster":"flash_flood_stranded","date":"2020-11-27","hour":2,"time_of_day_bucket":"night","is_weekend":false,"location_name":"32XX W INDIAN SCHOOL RD","year":2020,"precision":"hundred_block"}},{"type":"Feature","geometry":{"type":"Point","coordinates":[-111.985227,33.408027]},"properties":{"incident_type":"check flooding condition","behavioral_cluster":"flash_flood_stranded","date":"2020-12-06","hour":19,"time_of_day_bucket":"dusk","is_weekend":true,"location_name":"44XX E PUEBLO AV","year":2020,"precision":"hundred_block"}},{"type":"Feature","geometry":{"type":"Point","coordinates":[-112.141233,33.732954]},"properties":{"incident_type":"check flooding condition","behavioral_cluster":"flash_flood_stranded","date":"2020-12-13","hour":11,"time_of_day_bucket":"day","is_weekend":true,"location_name":"38XX W PINNACLE PEAK RD","year":2020,"precision":"hundred_block"}},{"type":"Feature","geometry":{"type":"Point","coordinates":[-112.176455,33.495192]},"properties":{"incident_type":"check flooding condition","behavioral_cluster":"flash_flood_stranded","date":"2020-12-13","hour":18,"time_of_day_bucket":"dusk","is_weekend":true,"location_name":"54XX W INDIAN SCHOOL RD","year":2020,"precision":"hundred_block"}},{"type":"Feature","geometry":{"type":"Point","coordinates":[-112.031568,33.544845]},"properties":{"incident_type":"mountain rescue","behavioral_cluster":"recreational_underequipped","date":"2020-12-18","hour":15,"time_of_day_bucket":"day","is_weekend":false,"location_name":"N 23RD ST/E GARDENIA DR","year":2020,"precision":"intersection"}},{"type":"Feature","geometry":{"type":"Point","coordinates":[-111.928775,33.495129]},"properties":{"incident_type":"check flooding condition","behavioral_cluster":"flash_flood_stranded","date":"2020-12-23","hour":18,"time_of_day_bucket":"dusk","is_weekend":false,"location_name":"70XX W INDIAN SCHOOL RD","year":2020,"precision":"hundred_block"}},{"type":"Feature","geometry":{"type":"Point","coordinates":[-112.012947,33.567597]},"properties":{"incident_type":"mountain rescue","behavioral_cluster":"recreational_underequipped","date":"2020-12-24","hour":14,"time_of_day_bucket":"day","is_weekend":false,"location_name":"N 32ND ST/E PUGET AV","year":2020,"precision":"intersection"}},{"type":"Feature","geometry":{"type":"Point","coordinates":[-112.065772,33.458328]},"properties":{"incident_type":"check flooding condition","behavioral_cluster":"flash_flood_stranded","date":"2020-12-25","hour":13,"time_of_day_bucket":"day","is_weekend":false,"location_name":"9XX N 7TH ST","year":2020,"precision":"hundred_block"}},{"type":"Feature","geometry":{"type":"Point","coordinates":[-112.036347,33.610752]},"properties":{"incident_type":"mountain rescue","behavioral_cluster":"recreational_underequipped","date":"2020-12-27","hour":15,"time_of_day_bucket":"day","is_weekend":true,"location_name":"136XX N CAVE CREEK RD","year":2020,"precision":"hundred_block"}},{"type":"Feature","geometry":{"type":"Point","coordinates":[-111.977276,33.52113]},"properties":{"incident_type":"mountain rescue","behavioral_cluster":"recreational_underequipped","date":"2020-12-27","hour":21,"time_of_day_bucket":"night","is_weekend":true,"location_name":"57XX N ECHO CANYON PW","year":2020,"precision":"hundred_block"}},{"type":"Feature","geometry":{"type":"Point","coordinates":[-112.129623,33.495336]},"properties":{"incident_type":"check flooding condition","behavioral_cluster":"flash_flood_stranded","date":"2020-12-31","hour":11,"time_of_day_bucket":"day","is_weekend":false,"location_name":"32XX W INDIAN SCHOOL RD","year":2020,"precision":"hundred_block"}},{"type":"Feature","geometry":{"type":"Point","coordinates":[-111.977276,33.52113]},"properties":{"incident_type":"mountain rescue","behavioral_cluster":"recreational_underequipped","date":"2021-01-02","hour":13,"time_of_day_bucket":"day","is_weekend":true,"location_name":"57XX N ECHO CANYON PW","year":2021,"precision":"hundred_block"}},{"type":"Feature","geometry":{"type":"Point","coordinates":[-112.133506,33.640506]},"properties":{"incident_type":"check flooding condition","behavioral_cluster":"flash_flood_stranded","date":"2021-01-03","hour":9,"time_of_day_bucket":"day","is_weekend":true,"location_name":"34XX W BELL RD","year":2021,"precision":"hundred_block"}},{"type":"Feature","geometry":{"type":"Point","coordinates":[-112.1301,33.626196]},"properties":{"incident_type":"check flooding condition","behavioral_cluster":"flash_flood_stranded","date":"2021-01-03","hour":23,"time_of_day_bucket":"night","is_weekend":true,"location_name":"32XX W GREENWAY RD","year":2021,"precision":"hundred_block"}},{"type":"Feature","geometry":{"type":"Point","coordinates":[-112.27239,33.522462]},"properties":{"incident_type":"water rescue","behavioral_cluster":"flash_flood_stranded","date":"2021-01-05","hour":13,"time_of_day_bucket":"day","is_weekend":false,"location_name":"N 99TH AV/W BETHANY HOME RD","year":2021,"precision":"intersection"}},{"type":"Feature","geometry":{"type":"Point","coordinates":[-112.066717,33.598575]},"properties":{"incident_type":"mountain rescue","behavioral_cluster":"recreational_underequipped","date":"2021-01-06","hour":10,"time_of_day_bucket":"day","is_weekend":false,"location_name":"129XX N 7TH ST","year":2021,"precision":"hundred_block"}},{"type":"Feature","geometry":{"type":"Point","coordinates":[-112.086828,33.431274]},"properties":{"incident_type":"check flooding condition","behavioral_cluster":"flash_flood_stranded","date":"2021-01-06","hour":21,"time_of_day_bucket":"night","is_weekend":false,"location_name":"S 11TH AV/W MOHAVE ST","year":2021,"precision":"intersection"}},{"type":"Feature","geometry":{"type":"Point","coordinates":[-111.987135,33.448302]},"properties":{"incident_type":"water rescue","behavioral_cluster":"flash_flood_stranded","date":"2021-01-08","hour":9,"time_of_day_bucket":"day","is_weekend":false,"location_name":"N 44TH ST/E WASHINGTON ST","year":2021,"precision":"intersection"}},{"type":"Feature","geometry":{"type":"Point","coordinates":[-112.100499,33.351912]},"properties":{"incident_type":"mountain rescue","behavioral_cluster":"recreational_underequipped","date":"2021-01-08","hour":17,"time_of_day_bucket":"dusk","is_weekend":false,"location_name":"S 19TH AV/W TELEGRAPH PASS RD","year":2021,"precision":"intersection"}},{"type":"Feature","geometry":{"type":"Point","coordinates":[-112.035015,33.480621]},"properties":{"incident_type":"water rescue","behavioral_cluster":"flash_flood_stranded","date":"2021-01-11","hour":12,"time_of_day_bucket":"day","is_weekend":false,"location_name":"21XX E THOMAS RD","year":2021,"precision":"hundred_block"}},{"type":"Feature","geometry":{"type":"Point","coordinates":[-112.004644,33.472836]},"properties":{"incident_type":"check flooding condition","behavioral_cluster":"flash_flood_stranded","date":"2021-01-15","hour":6,"time_of_day_bucket":"dawn","is_weekend":false,"location_name":"22XX N 36TH ST","year":2021,"precision":"hundred_block"}},{"type":"Feature","geometry":{"type":"Point","coordinates":[-112.1517,33.333993]},"properties":{"incident_type":"mountain rescue","behavioral_cluster":"recreational_underequipped","date":"2021-01-16","hour":15,"time_of_day_bucket":"day","is_weekend":true,"location_name":"S 43RD AV/W ESTRELLA DR","year":2021,"precision":"intersection"}},{"type":"Feature","geometry":{"type":"Point","coordinates":[-112.129574,33.451659]},"properties":{"incident_type":"check flooding condition","behavioral_cluster":"flash_flood_stranded","date":"2021-01-16","hour":19,"time_of_day_bucket":"dusk","is_weekend":true,"location_name":"32XX W VAN BUREN ST","year":2021,"precision":"hundred_block"}},{"type":"Feature","geometry":{"type":"Point","coordinates":[-112.007507,33.568623]},"properties":{"incident_type":"mountain rescue","behavioral_cluster":"recreational_underequipped","date":"2021-01-17","hour":11,"time_of_day_bucket":"day","is_weekend":true,"location_name":"N 34TH WY/E DUNLAP AV","year":2021,"precision":"intersection"}},{"type":"Feature","geometry":{"type":"Point","coordinates":[-112.028994,33.638616]},"properties":{"incident_type":"check flooding condition","behavioral_cluster":"flash_flood_stranded","date":"2021-01-21","hour":0,"time_of_day_bucket":"night","is_weekend":false,"location_name":"166XX N 25TH ST","year":2021,"precision":"hundred_block"}},{"type":"Feature","geometry":{"type":"Point","coordinates":[-112.133768,33.377679]},"properties":{"incident_type":"check flooding condition","behavioral_cluster":"flash_flood_stranded","date":"2021-01-21","hour":14,"time_of_day_bucket":"day","is_weekend":false,"location_name":"S 35TH AV/W BASELINE RD","year":2021,"precision":"intersection"}},{"type":"Feature","geometry":{"type":"Point","coordinates":[-112.140018,33.466275]},"properties":{"incident_type":"check flooding condition","behavioral_cluster":"flash_flood_stranded","date":"2021-01-24","hour":23,"time_of_day_bucket":"night","is_weekend":true,"location_name":"37XX E MCDOWELL RD","year":2021,"precision":"hundred_block"}},{"type":"Feature","geometry":{"type":"Point","coordinates":[-112.022447,33.293178]},"properties":{"incident_type":"check flooding condition","behavioral_cluster":"flash_flood_stranded","date":"2021-01-25","hour":0,"time_of_day_bucket":"night","is_weekend":false,"location_name":"166XX N 28TH PL","year":2021,"precision":"hundred_block"}},{"type":"Feature","geometry":{"type":"Point","coordinates":[-112.20314,33.712209]},"properties":{"incident_type":"check flooding condition","behavioral_cluster":"flash_flood_stranded","date":"2021-01-27","hour":9,"time_of_day_bucket":"day","is_weekend":false,"location_name":"N 67TH AV/W HAPPY VALLEY RD","year":2021,"precision":"intersection"}},{"type":"Feature","geometry":{"type":"Point","coordinates":[-112.205596,33.497919]},"properties":{"incident_type":"check flooding condition","behavioral_cluster":"flash_flood_stranded","date":"2021-01-27","hour":20,"time_of_day_bucket":"dusk","is_weekend":false,"location_name":"42XX N 68TH AV","year":2021,"precision":"hundred_block"}},{"type":"Feature","geometry":{"type":"Point","coordinates":[-111.977276,33.52113]},"properties":{"incident_type":"mountain rescue","behavioral_cluster":"recreational_underequipped","date":"2021-02-09","hour":13,"time_of_day_bucket":"day","is_weekend":false,"location_name":"57XX N ECHO CANYON PW","year":2021,"precision":"hundred_block"}},{"type":"Feature","geometry":{"type":"Point","coordinates":[-112.112804,33.528824]},"properties":{"incident_type":"check flooding condition","behavioral_cluster":"flash_flood_stranded","date":"2021-02-13","hour":21,"time_of_day_bucket":"night","is_weekend":true,"location_name":"62XX N BLACK CANYON HW","year":2021,"precision":"hundred_block"}},{"type":"Feature","geometry":{"type":"Point","coordinates":[-111.935214,33.648075]},"properties":{"incident_type":"check flooding condition","behavioral_cluster":"flash_flood_stranded","date":"2021-02-14","hour":19,"time_of_day_bucket":"dusk","is_weekend":true,"location_name":"178XX N 68TH ST","year":2021,"precision":"hundred_block"}},{"type":"Feature","geometry":{"type":"Point","coordinates":[-112.129623,33.495336]},"properties":{"incident_type":"check flooding condition","behavioral_cluster":"flash_flood_stranded","date":"2021-02-15","hour":8,"time_of_day_bucket":"dawn","is_weekend":false,"location_name":"32XX W INDIAN SCHOOL RD","year":2021,"precision":"hundred_block"}},{"type":"Feature","geometry":{"type":"Point","coordinates":[-112.056511,33.589521]},"properties":{"incident_type":"mountain rescue","behavioral_cluster":"recreational_underequipped","date":"2021-02-20","hour":15,"time_of_day_bucket":"day","is_weekend":true,"location_name":"N 12TH ST/E CHOLLA ST","year":2021,"precision":"intersection"}},{"type":"Feature","geometry":{"type":"Point","coordinates":[-112.006822,33.466689]},"properties":{"incident_type":"check flooding condition","behavioral_cluster":"flash_flood_stranded","date":"2021-02-22","hour":1,"time_of_day_bucket":"night","is_weekend":false,"location_name":"34XX E MCDOWELL RD","year":2021,"precision":"hundred_block"}},{"type":"Feature","geometry":{"type":"Point","coordinates":[-111.977964,33.64101]},"properties":{"incident_type":"check flooding condition","behavioral_cluster":"flash_flood_stranded","date":"2021-02-24","hour":23,"time_of_day_bucket":"night","is_weekend":false,"location_name":"47XX E BELL RD","year":2021,"precision":"hundred_block"}},{"type":"Feature","geometry":{"type":"Point","coordinates":[-112.082711,33.79914]},"properties":{"incident_type":"mountain rescue","behavioral_cluster":"recreational_underequipped","date":"2021-03-03","hour":10,"time_of_day_bucket":"day","is_weekend":false,"location_name":"N 7TH AV/W CAREFREE HW","year":2021,"precision":"intersection"}},{"type":"Feature","geometry":{"type":"Point","coordinates":[-112.118189,33.588027]},"properties":{"incident_type":"check flooding condition","behavioral_cluster":"flash_flood_stranded","date":"2021-03-04","hour":0,"time_of_day_bucket":"night","is_weekend":false,"location_name":"110XX N BILTMORE DR","year":2021,"precision":"hundred_block"}},{"type":"Feature","geometry":{"type":"Point","coordinates":[-112.091251,33.567588]},"properties":{"incident_type":"water rescue","behavioral_cluster":"flash_flood_stranded","date":"2021-03-04","hour":7,"time_of_day_bucket":"dawn","is_weekend":false,"location_name":"N 15TH AV/W DUNLAP AV","year":2021,"precision":"intersection"}},{"type":"Feature","geometry":{"type":"Point","coordinates":[-112.032558,33.666336]},"properties":{"incident_type":"check flooding condition","behavioral_cluster":"flash_flood_stranded","date":"2021-03-06","hour":0,"time_of_day_bucket":"night","is_weekend":true,"location_name":"196XX N CAVE CREEK RD","year":2021,"precision":"hundred_block"}},{"type":"Feature","geometry":{"type":"Point","coordinates":[-112.091153,33.588441]},"properties":{"incident_type":"mountain rescue","behavioral_cluster":"recreational_underequipped","date":"2021-03-06","hour":10,"time_of_day_bucket":"day","is_weekend":true,"location_name":"N 15TH AV/W YUCCA ST","year":2021,"precision":"intersection"}},{"type":"Feature","geometry":{"type":"Point","coordinates":[-112.100459,33.380082]},"properties":{"incident_type":"check flooding condition","behavioral_cluster":"flash_flood_stranded","date":"2021-03-07","hour":20,"time_of_day_bucket":"dusk","is_weekend":true,"location_name":"19XX W BASELINE RD","year":2021,"precision":"hundred_block"}},{"type":"Feature","geometry":{"type":"Point","coordinates":[-112.050927,33.540633]},"properties":{"incident_type":"check flooding condition","behavioral_cluster":"flash_flood_stranded","date":"2021-03-08","hour":4,"time_of_day_bucket":"night","is_weekend":false,"location_name":"13XX E GLENN DR","year":2021,"precision":"hundred_block"}},{"type":"Feature","geometry":{"type":"Point","coordinates":[-112.066717,33.598575]},"properties":{"incident_type":"mountain rescue","behavioral_cluster":"recreational_underequipped","date":"2021-03-11","hour":18,"time_of_day_bucket":"dusk","is_weekend":false,"location_name":"129XX N 7TH ST","year":2021,"precision":"hundred_block"}},{"type":"Feature","geometry":{"type":"Point","coordinates":[-112.084938,33.388848]},"properties":{"incident_type":"check flooding condition","behavioral_cluster":"flash_flood_stranded","date":"2021-03-14","hour":2,"time_of_day_bucket":"night","is_weekend":true,"location_name":"9XX W ALTA VISTA RD","year":2021,"precision":"hundred_block"}},{"type":"Feature","geometry":{"type":"Point","coordinates":[-112.089384,33.452334]},"properties":{"incident_type":"check flooding condition","behavioral_cluster":"flash_flood_stranded","date":"2021-03-14","hour":15,"time_of_day_bucket":"day","is_weekend":true,"location_name":"13XX W VAN BUREN ST","year":2021,"precision":"hundred_block"}},{"type":"Feature","geometry":{"type":"Point","coordinates":[-112.220469,33.508998]},"properties":{"incident_type":"water rescue","behavioral_cluster":"flash_flood_stranded","date":"2021-03-15","hour":13,"time_of_day_bucket":"day","is_weekend":false,"location_name":"N 75TH AV/W CAMELBACK RD","year":2021,"precision":"intersection"}},{"type":"Feature","geometry":{"type":"Point","coordinates":[-112.049142,33.763638]},"properties":{"incident_type":"mountain rescue","behavioral_cluster":"recreational_underequipped","date":"2021-03-19","hour":18,"time_of_day_bucket":"dusk","is_weekend":false,"location_name":"16XX E SONORAN DESERT DR","year":2021,"precision":"hundred_block"}},{"type":"Feature","geometry":{"type":"Point","coordinates":[-111.995419,33.782211]},"properties":{"incident_type":"mountain rescue","behavioral_cluster":"recreational_underequipped","date":"2021-03-21","hour":9,"time_of_day_bucket":"day","is_weekend":true,"location_name":"N 40TH ST/E DESERT FOREST TL","year":2021,"precision":"intersection"}},{"type":"Feature","geometry":{"type":"Point","coordinates":[-112.058514,33.64083]},"properties":{"incident_type":"check flooding condition","behavioral_cluster":"flash_flood_stranded","date":"2021-03-22","hour":21,"time_of_day_bucket":"night","is_weekend":false,"location_name":"11XX W BELL RD","year":2021,"precision":"hundred_block"}},{"type":"Feature","geometry":{"type":"Point","coordinates":[-112.212666,33.494904]},"properties":{"incident_type":"check flooding condition","behavioral_cluster":"flash_flood_stranded","date":"2021-03-27","hour":4,"time_of_day_bucket":"night","is_weekend":true,"location_name":"71XX W INDIAN SCHOOL RD","year":2021,"precision":"hundred_block"}},{"type":"Feature","geometry":{"type":"Point","coordinates":[-112.0001,33.337836]},"properties":{"incident_type":"mountain rescue","behavioral_cluster":"recreational_underequipped","date":"2021-03-27","hour":17,"time_of_day_bucket":"dusk","is_weekend":true,"location_name":"E EQUESTRIAN TL/E KACHINA DR","year":2021,"precision":"intersection"}},{"type":"Feature","geometry":{"type":"Point","coordinates":[-112.207009,33.438843]},"properties":{"incident_type":"check flooding condition","behavioral_cluster":"flash_flood_stranded","date":"2021-03-30","hour":17,"time_of_day_bucket":"dusk","is_weekend":false,"location_name":"68XX W BUCKEYE RD","year":2021,"precision":"hundred_block"}},{"type":"Feature","geometry":{"type":"Point","coordinates":[-112.0197,33.5307]},"properties":{"incident_type":"mountain rescue","behavioral_cluster":"recreational_underequipped","date":"2021-03-31","hour":18,"time_of_day_bucket":"dusk","is_weekend":false,"location_name":"27XX E PIESTEWA PEAK DR","year":2021,"precision":"preserve_centroid"}},{"type":"Feature","geometry":{"type":"Point","coordinates":[-112.0197,33.5307]},"properties":{"incident_type":"mountain rescue","behavioral_cluster":"recreational_underequipped","date":"2021-04-02","hour":9,"time_of_day_bucket":"day","is_weekend":false,"location_name":"27XX E PIESTEWA PEAK DR","year":2021,"precision":"preserve_centroid"}},{"type":"Feature","geometry":{"type":"Point","coordinates":[-112.041265,33.364062]},"properties":{"incident_type":"mountain rescue","behavioral_cluster":"recreational_underequipped","date":"2021-04-02","hour":11,"time_of_day_bucket":"day","is_weekend":false,"location_name":"S 20TH ST/E DOBBINS RD","year":2021,"precision":"intersection"}},{"type":"Feature","geometry":{"type":"Point","coordinates":[-112.129623,33.495336]},"properties":{"incident_type":"check flooding condition","behavioral_cluster":"flash_flood_stranded","date":"2021-04-03","hour":14,"time_of_day_bucket":"day","is_weekend":true,"location_name":"32XX W INDIAN SCHOOL RD","year":2021,"precision":"hundred_block"}},{"type":"Feature","geometry":{"type":"Point","coordinates":[-112.096998,33.612993]},"properties":{"incident_type":"check flooding condition","behavioral_cluster":"flash_flood_stranded","date":"2021-04-03","hour":16,"time_of_day_bucket":"day","is_weekend":true,"location_name":"17XX E THUNDERBIRD RD","year":2021,"precision":"hundred_block"}},{"type":"Feature","geometry":{"type":"Point","coordinates":[-111.962857,33.779115]},"properties":{"incident_type":"check flooding condition","behavioral_cluster":"flash_flood_stranded","date":"2021-04-06","hour":20,"time_of_day_bucket":"dusk","is_weekend":false,"location_name":"55XX E THUNDER HAWK RD","year":2021,"precision":"hundred_block"}},{"type":"Feature","geometry":{"type":"Point","coordinates":[-112.049149,33.494886]},"properties":{"incident_type":"water rescue","behavioral_cluster":"flash_flood_stranded","date":"2021-04-08","hour":14,"time_of_day_bucket":"day","is_weekend":false,"location_name":"15XX E INDIAN SCHOOL RD","year":2021,"precision":"hundred_block"}},{"type":"Feature","geometry":{"type":"Point","coordinates":[-112.129029,33.556986]},"properties":{"incident_type":"check flooding condition","behavioral_cluster":"flash_flood_stranded","date":"2021-04-10","hour":9,"time_of_day_bucket":"day","is_weekend":true,"location_name":"81XX N 32ND AV","year":2021,"precision":"hundred_block"}},{"type":"Feature","geometry":{"type":"Point","coordinates":[-111.983706,33.324527]},"properties":{"incident_type":"check flooding condition","behavioral_cluster":"flash_flood_stranded","date":"2021-04-10","hour":9,"time_of_day_bucket":"day","is_weekend":true,"location_name":"46XX E GOLDFINCH GATE LN","year":2021,"precision":"hundred_block"}},{"type":"Feature","geometry":{"type":"Point","coordinates":[-112.0197,33.5307]},"properties":{"incident_type":"mountain rescue","behavioral_cluster":"recreational_underequipped","date":"2021-04-10","hour":14,"time_of_day_bucket":"day","is_weekend":true,"location_name":"27XX E PIESTEWA PEAK DR","year":2021,"precision":"preserve_centroid"}},{"type":"Feature","geometry":{"type":"Point","coordinates":[-111.9825,33.633639]},"properties":{"incident_type":"check flooding condition","behavioral_cluster":"flash_flood_stranded","date":"2021-04-10","hour":19,"time_of_day_bucket":"dusk","is_weekend":true,"location_name":"45XX E PARADISE VILLAGE PW S","year":2021,"precision":"hundred_block"}},{"type":"Feature","geometry":{"type":"Point","coordinates":[-112.15125,33.567831]},"properties":{"incident_type":"check flooding condition","behavioral_cluster":"flash_flood_stranded","date":"2021-04-10","hour":21,"time_of_day_bucket":"night","is_weekend":true,"location_name":"42XX W DUNLAP AV","year":2021,"precision":"hundred_block"}},{"type":"Feature","geometry":{"type":"Point","coordinates":[-112.0197,33.5307]},"properties":{"incident_type":"mountain rescue","behavioral_cluster":"recreational_underequipped","date":"2021-04-16","hour":20,"time_of_day_bucket":"dusk","is_weekend":false,"location_name":"27XX E PIESTEWA PEAK DR","year":2021,"precision":"preserve_centroid"}},{"type":"Feature","geometry":{"type":"Point","coordinates":[-112.148037,33.500898]},"properties":{"incident_type":"check flooding condition","behavioral_cluster":"flash_flood_stranded","date":"2021-04-18","hour":1,"time_of_day_bucket":"night","is_weekend":true,"location_name":"41XX E TURNEY AV","year":2021,"precision":"hundred_block"}},{"type":"Feature","geometry":{"type":"Point","coordinates":[-112.155948,33.489288]},"properties":{"incident_type":"water rescue","behavioral_cluster":"flash_flood_stranded","date":"2021-04-19","hour":1,"time_of_day_bucket":"night","is_weekend":false,"location_name":"N 45TH AV/W CRITTENDEN LN","year":2021,"precision":"intersection"}},{"type":"Feature","geometry":{"type":"Point","coordinates":[-112.212666,33.494904]},"properties":{"incident_type":"check flooding condition","behavioral_cluster":"flash_flood_stranded","date":"2021-04-19","hour":7,"time_of_day_bucket":"dawn","is_weekend":false,"location_name":"71XX W INDIAN SCHOOL RD","year":2021,"precision":"hundred_block"}},{"type":"Feature","geometry":{"type":"Point","coordinates":[-112.02403,33.509961]},"properties":{"incident_type":"check flooding condition","behavioral_cluster":"flash_flood_stranded","date":"2021-04-21","hour":4,"time_of_day_bucket":"night","is_weekend":false,"location_name":"26XX E CAMELBACK RD","year":2021,"precision":"hundred_block"}},{"type":"Feature","geometry":{"type":"Point","coordinates":[-112.0197,33.5307]},"properties":{"incident_type":"mountain rescue","behavioral_cluster":"recreational_underequipped","date":"2021-04-24","hour":10,"time_of_day_bucket":"day","is_weekend":true,"location_name":"27XX E PIESTEWA PEAK DR","year":2021,"precision":"preserve_centroid"}},{"type":"Feature","geometry":{"type":"Point","coordinates":[-112.16916,33.458598]},"properties":{"incident_type":"check flooding condition","behavioral_cluster":"flash_flood_stranded","date":"2021-04-25","hour":3,"time_of_day_bucket":"night","is_weekend":true,"location_name":"N 51ST AV/W ROOSEVELT ST","year":2021,"precision":"intersection"}},{"type":"Feature","geometry":{"type":"Point","coordinates":[-112.105719,33.548571]},"properties":{"incident_type":"check flooding condition","behavioral_cluster":"flash_flood_stranded","date":"2021-04-25","hour":14,"time_of_day_bucket":"day","is_weekend":true,"location_name":"21XX W MORTEN AV","year":2021,"precision":"hundred_block"}},{"type":"Feature","geometry":{"type":"Point","coordinates":[-112.129623,33.495336]},"properties":{"incident_type":"check flooding condition","behavioral_cluster":"flash_flood_stranded","date":"2021-04-25","hour":22,"time_of_day_bucket":"night","is_weekend":true,"location_name":"32XX W INDIAN SCHOOL RD","year":2021,"precision":"hundred_block"}},{"type":"Feature","geometry":{"type":"Point","coordinates":[-112.0197,33.5307]},"properties":{"incident_type":"mountain rescue","behavioral_cluster":"recreational_underequipped","date":"2021-04-27","hour":16,"time_of_day_bucket":"day","is_weekend":false,"location_name":"27XX E PIESTEWA PEAK DR","year":2021,"precision":"preserve_centroid"}},{"type":"Feature","geometry":{"type":"Point","coordinates":[-112.133668,33.80193]},"properties":{"incident_type":"check flooding condition","behavioral_cluster":"flash_flood_stranded","date":"2021-05-01","hour":19,"time_of_day_bucket":"dusk","is_weekend":true,"location_name":"350XX N NORTH VALLEY PW","year":2021,"precision":"hundred_block"}},{"type":"Feature","geometry":{"type":"Point","coordinates":[-112.044118,33.590538]},"properties":{"incident_type":"mountain rescue","behavioral_cluster":"recreational_underequipped","date":"2021-05-02","hour":8,"time_of_day_bucket":"dawn","is_weekend":true,"location_name":"N CAVE CREEK RD/E CORTEZ ST","year":2021,"precision":"intersection"}},{"type":"Feature","geometry":{"type":"Point","coordinates":[-112.117059,33.487704]},"properties":{"incident_type":"check flooding condition","behavioral_cluster":"flash_flood_stranded","date":"2021-05-02","hour":19,"time_of_day_bucket":"dusk","is_weekend":true,"location_name":"N 27TH AV/W OSBORN RD","year":2021,"precision":"intersection"}},{"type":"Feature","geometry":{"type":"Point","coordinates":[-112.022132,33.600465]},"properties":{"incident_type":"check flooding condition","behavioral_cluster":"flash_flood_stranded","date":"2021-05-02","hour":21,"time_of_day_bucket":"night","is_weekend":true,"location_name":"124XX N 28TH DR","year":2021,"precision":"hundred_block"}},{"type":"Feature","geometry":{"type":"Point","coordinates":[-111.995937,33.611868]},"properties":{"incident_type":"check flooding condition","behavioral_cluster":"flash_flood_stranded","date":"2021-05-03","hour":15,"time_of_day_bucket":"day","is_weekend":false,"location_name":"N 40TH ST/E THUNDERBIRD RD","year":2021,"precision":"intersection"}},{"type":"Feature","geometry":{"type":"Point","coordinates":[-112.112923,33.494985]},"properties":{"incident_type":"check flooding condition","behavioral_cluster":"flash_flood_stranded","date":"2021-05-05","hour":9,"time_of_day_bucket":"day","is_weekend":false,"location_name":"N I17/W INDIAN SCHOOL RD","year":2021,"precision":"intersection"}},{"type":"Feature","geometry":{"type":"Point","coordinates":[-112.091288,33.498576]},"properties":{"incident_type":"water rescue","behavioral_cluster":"flash_flood_stranded","date":"2021-05-05","hour":11,"time_of_day_bucket":"day","is_weekend":false,"location_name":"N 15TH AV/W GLENROSA AV","year":2021,"precision":"intersection"}},{"type":"Feature","geometry":{"type":"Point","coordinates":[-112.129952,33.494949]},"properties":{"incident_type":"check flooding condition","behavioral_cluster":"flash_flood_stranded","date":"2021-05-07","hour":3,"time_of_day_bucket":"night","is_weekend":false,"location_name":"N 33RD AV/W INDIAN SCHOOL RD","year":2021,"precision":"intersection"}},{"type":"Feature","geometry":{"type":"Point","coordinates":[-111.996117,33.569163]},"properties":{"incident_type":"mountain rescue","behavioral_cluster":"recreational_underequipped","date":"2021-05-08","hour":8,"time_of_day_bucket":"dawn","is_weekend":true,"location_name":"90XX N 40TH ST","year":2021,"precision":"hundred_block"}},{"type":"Feature","geometry":{"type":"Point","coordinates":[-112.004006,33.531867]},"properties":{"incident_type":"mountain rescue","behavioral_cluster":"recreational_underequipped","date":"2021-05-09","hour":6,"time_of_day_bucket":"dawn","is_weekend":true,"location_name":"N 36TH ST/E LINCOLN DR","year":2021,"precision":"intersection"}},{"type":"Feature","geometry":{"type":"Point","coordinates":[-111.977276,33.52113]},"properties":{"incident_type":"mountain rescue","behavioral_cluster":"recreational_underequipped","date":"2021-05-14","hour":12,"time_of_day_bucket":"day","is_weekend":false,"location_name":"57XX N ECHO CANYON PW","year":2021,"precision":"hundred_block"}},{"type":"Feature","geometry":{"type":"Point","coordinates":[-112.058514,33.64083]},"properties":{"incident_type":"check flooding condition","behavioral_cluster":"flash_flood_stranded","date":"2021-05-16","hour":18,"time_of_day_bucket":"dusk","is_weekend":true,"location_name":"11XX W BELL RD","year":2021,"precision":"hundred_block"}},{"type":"Feature","geometry":{"type":"Point","coordinates":[-112.058514,33.64083]},"properties":{"incident_type":"check flooding condition","behavioral_cluster":"flash_flood_stranded","date":"2021-05-16","hour":20,"time_of_day_bucket":"dusk","is_weekend":true,"location_name":"11XX W BELL RD","year":2021,"precision":"hundred_block"}},{"type":"Feature","geometry":{"type":"Point","coordinates":[-112.048128,33.526998]},"properties":{"incident_type":"check flooding condition","behavioral_cluster":"flash_flood_stranded","date":"2021-05-18","hour":23,"time_of_day_bucket":"night","is_weekend":false,"location_name":"61XX N 16TH ST","year":2021,"precision":"hundred_block"}},{"type":"Feature","geometry":{"type":"Point","coordinates":[-112.0197,33.5307]},"properties":{"incident_type":"mountain rescue","behavioral_cluster":"recreational_underequipped","date":"2021-05-19","hour":14,"time_of_day_bucket":"day","is_weekend":false,"location_name":"27XX E PIESTEWA PEAK DR","year":2021,"precision":"preserve_centroid"}},{"type":"Feature","geometry":{"type":"Point","coordinates":[-111.996117,33.569163]},"properties":{"incident_type":"mountain rescue","behavioral_cluster":"recreational_underequipped","date":"2021-05-22","hour":9,"time_of_day_bucket":"day","is_weekend":true,"location_name":"90XX N 40TH ST","year":2021,"precision":"hundred_block"}},{"type":"Feature","geometry":{"type":"Point","coordinates":[-111.996117,33.569163]},"properties":{"incident_type":"mountain rescue","behavioral_cluster":"recreational_underequipped","date":"2021-05-23","hour":8,"time_of_day_bucket":"dawn","is_weekend":true,"location_name":"90XX N 40TH ST","year":2021,"precision":"hundred_block"}},{"type":"Feature","geometry":{"type":"Point","coordinates":[-111.977276,33.52113]},"properties":{"incident_type":"mountain rescue","behavioral_cluster":"recreational_underequipped","date":"2021-05-23","hour":9,"time_of_day_bucket":"day","is_weekend":true,"location_name":"57XX N ECHO CANYON PW","year":2021,"precision":"hundred_block"}},{"type":"Feature","geometry":{"type":"Point","coordinates":[-112.1517,33.333993]},"properties":{"incident_type":"mountain rescue","behavioral_cluster":"recreational_underequipped","date":"2021-05-23","hour":15,"time_of_day_bucket":"day","is_weekend":true,"location_name":"S 43RD AV/W ESTRELLA DR","year":2021,"precision":"intersection"}},{"type":"Feature","geometry":{"type":"Point","coordinates":[-112.084938,33.388848]},"properties":{"incident_type":"check flooding condition","behavioral_cluster":"flash_flood_stranded","date":"2021-05-24","hour":19,"time_of_day_bucket":"dusk","is_weekend":false,"location_name":"9XX W ALTA VISTA RD","year":2021,"precision":"hundred_block"}},{"type":"Feature","geometry":{"type":"Point","coordinates":[-111.978274,33.340358]},"properties":{"incident_type":"check flooding condition","behavioral_cluster":"flash_flood_stranded","date":"2021-05-25","hour":3,"time_of_day_bucket":"night","is_weekend":false,"location_name":"118XX S MAGIC STONE DR","year":2021,"precision":"hundred_block"}},{"type":"Feature","geometry":{"type":"Point","coordinates":[-112.114508,33.715548]},"properties":{"incident_type":"check flooding condition","behavioral_cluster":"flash_flood_stranded","date":"2021-05-26","hour":16,"time_of_day_bucket":"day","is_weekend":false,"location_name":"25XX W HAPPY VALLEY RD","year":2021,"precision":"hundred_block"}},{"type":"Feature","geometry":{"type":"Point","coordinates":[-112.0197,33.5307]},"properties":{"incident_type":"mountain rescue","behavioral_cluster":"recreational_underequipped","date":"2021-05-28","hour":8,"time_of_day_bucket":"dawn","is_weekend":false,"location_name":"27XX E PIESTEWA PEAK DR","year":2021,"precision":"preserve_centroid"}},{"type":"Feature","geometry":{"type":"Point","coordinates":[-111.988994,33.638661]},"properties":{"incident_type":"check flooding condition","behavioral_cluster":"flash_flood_stranded","date":"2021-05-28","hour":17,"time_of_day_bucket":"dusk","is_weekend":false,"location_name":"166XX N 43RD AV","year":2021,"precision":"hundred_block"}},{"type":"Feature","geometry":{"type":"Point","coordinates":[-112.020493,33.495246]},"properties":{"incident_type":"check flooding condition","behavioral_cluster":"flash_flood_stranded","date":"2021-05-28","hour":23,"time_of_day_bucket":"night","is_weekend":false,"location_name":"28XX E INDIAN SCHOOL RD","year":2021,"precision":"hundred_block"}},{"type":"Feature","geometry":{"type":"Point","coordinates":[-112.048173,33.512175]},"properties":{"incident_type":"check flooding condition","behavioral_cluster":"flash_flood_stranded","date":"2021-06-01","hour":15,"time_of_day_bucket":"day","is_weekend":false,"location_name":"51XX N 16TH AV","year":2021,"precision":"hundred_block"}},{"type":"Feature","geometry":{"type":"Point","coordinates":[-112.049897,33.457068]},"properties":{"incident_type":"check flooding condition","behavioral_cluster":"flash_flood_stranded","date":"2021-06-03","hour":6,"time_of_day_bucket":"dawn","is_weekend":false,"location_name":"14XX E MCKINLEY ST","year":2021,"precision":"hundred_block"}},{"type":"Feature","geometry":{"type":"Point","coordinates":[-112.007088,33.498666]},"properties":{"incident_type":"check flooding condition","behavioral_cluster":"flash_flood_stranded","date":"2021-06-05","hour":17,"time_of_day_bucket":"dusk","is_weekend":true,"location_name":"42XX N 35TH AV","year":2021,"precision":"hundred_block"}},{"type":"Feature","geometry":{"type":"Point","coordinates":[-112.081482,33.484131]},"properties":{"incident_type":"check flooding condition","behavioral_cluster":"flash_flood_stranded","date":"2021-06-09","hour":21,"time_of_day_bucket":"night","is_weekend":false,"location_name":"4XX E EARLL DR","year":2021,"precision":"hundred_block"}},{"type":"Feature","geometry":{"type":"Point","coordinates":[-111.986451,33.604011]},"properties":{"incident_type":"check flooding condition","behavioral_cluster":"flash_flood_stranded","date":"2021-06-10","hour":22,"time_of_day_bucket":"night","is_weekend":false,"location_name":"45XX E CACTUS RD","year":2021,"precision":"hundred_block"}},{"type":"Feature","geometry":{"type":"Point","coordinates":[-112.035811,33.641595]},"properties":{"incident_type":"check flooding condition","behavioral_cluster":"flash_flood_stranded","date":"2021-06-13","hour":4,"time_of_day_bucket":"night","is_weekend":true,"location_name":"21XX E BELL RD","year":2021,"precision":"hundred_block"}},{"type":"Feature","geometry":{"type":"Point","coordinates":[-112.142938,33.490656]},"properties":{"incident_type":"water rescue","behavioral_cluster":"flash_flood_stranded","date":"2021-06-14","hour":1,"time_of_day_bucket":"night","is_weekend":false,"location_name":"N 39TH AV/W WHITTON AV","year":2021,"precision":"intersection"}},{"type":"Feature","geometry":{"type":"Point","coordinates":[-112.0197,33.5307]},"properties":{"incident_type":"mountain rescue","behavioral_cluster":"recreational_underequipped","date":"2021-06-16","hour":17,"time_of_day_bucket":"dusk","is_weekend":false,"location_name":"27XX E PIESTEWA PEAK DR","year":2021,"precision":"preserve_centroid"}},{"type":"Feature","geometry":{"type":"Point","coordinates":[-112.013784,33.675624]},"properties":{"incident_type":"water rescue","behavioral_cluster":"flash_flood_stranded","date":"2021-06-18","hour":10,"time_of_day_bucket":"day","is_weekend":false,"location_name":"N 32ND ST/E ROSE GARDEN LN","year":2021,"precision":"intersection"}},{"type":"Feature","geometry":{"type":"Point","coordinates":[-111.990231,33.399297]},"properties":{"incident_type":"check flooding condition","behavioral_cluster":"flash_flood_stranded","date":"2021-06-18","hour":16,"time_of_day_bucket":"day","is_weekend":false,"location_name":"42XX W GROVERS AV","year":2021,"precision":"hundred_block"}},{"type":"Feature","geometry":{"type":"Point","coordinates":[-112.155048,33.615405]},"properties":{"incident_type":"check flooding condition","behavioral_cluster":"flash_flood_stranded","date":"2021-06-20","hour":18,"time_of_day_bucket":"dusk","is_weekend":true,"location_name":"N 45TH PL/E CROCUS DR","year":2021,"precision":"intersection"}},{"type":"Feature","geometry":{"type":"Point","coordinates":[-112.134546,33.426765]},"properties":{"incident_type":"water rescue","behavioral_cluster":"flash_flood_stranded","date":"2021-06-21","hour":6,"time_of_day_bucket":"dawn","is_weekend":false,"location_name":"S 35TH AV/W GIBSON LN","year":2021,"precision":"intersection"}},{"type":"Feature","geometry":{"type":"Point","coordinates":[-112.047971,33.58836]},"properties":{"incident_type":"mountain rescue","behavioral_cluster":"recreational_underequipped","date":"2021-06-21","hour":8,"time_of_day_bucket":"dawn","is_weekend":false,"location_name":"N CAVE CREEK RD/E YUCCA ST","year":2021,"precision":"intersection"}},{"type":"Feature","geometry":{"type":"Point","coordinates":[-111.928775,33.495129]},"properties":{"incident_type":"check flooding condition","behavioral_cluster":"flash_flood_stranded","date":"2021-06-21","hour":20,"time_of_day_bucket":"dusk","is_weekend":false,"location_name":"70XX W INDIAN SCHOOL RD","year":2021,"precision":"hundred_block"}},{"type":"Feature","geometry":{"type":"Point","coordinates":[-112.0197,33.5307]},"properties":{"incident_type":"mountain rescue","behavioral_cluster":"recreational_underequipped","date":"2021-06-22","hour":19,"time_of_day_bucket":"dusk","is_weekend":false,"location_name":"27XX E PIESTEWA PEAK DR","year":2021,"precision":"preserve_centroid"}},{"type":"Feature","geometry":{"type":"Point","coordinates":[-112.0197,33.5307]},"properties":{"incident_type":"mountain rescue","behavioral_cluster":"recreational_underequipped","date":"2021-06-23","hour":6,"time_of_day_bucket":"dawn","is_weekend":false,"location_name":"27XX E PIESTEWA PEAK DR","year":2021,"precision":"preserve_centroid"}},{"type":"Feature","geometry":{"type":"Point","coordinates":[-111.965125,33.678252]},"properties":{"incident_type":"check flooding condition","behavioral_cluster":"flash_flood_stranded","date":"2021-06-28","hour":4,"time_of_day_bucket":"night","is_weekend":false,"location_name":"53XX E DEER VALLEY DR","year":2021,"precision":"hundred_block"}},{"type":"Feature","geometry":{"type":"Point","coordinates":[-112.274514,33.511752]},"properties":{"incident_type":"check flooding condition","behavioral_cluster":"flash_flood_stranded","date":"2021-07-01","hour":1,"time_of_day_bucket":"night","is_weekend":false,"location_name":"51XX N 99TH AV","year":2021,"precision":"hundred_block"}},{"type":"Feature","geometry":{"type":"Point","coordinates":[-112.119844,33.578055]},"properties":{"incident_type":"check flooding condition","behavioral_cluster":"flash_flood_stranded","date":"2021-07-01","hour":8,"time_of_day_bucket":"dawn","is_weekend":false,"location_name":"100XX N METRO PW E","year":2021,"precision":"hundred_block"}},{"type":"Feature","geometry":{"type":"Point","coordinates":[-111.977276,33.52113]},"properties":{"incident_type":"mountain rescue","behavioral_cluster":"recreational_underequipped","date":"2021-07-02","hour":13,"time_of_day_bucket":"day","is_weekend":false,"location_name":"57XX N ECHO CANYON PW","year":2021,"precision":"hundred_block"}},{"type":"Feature","geometry":{"type":"Point","coordinates":[-112.148721,33.383745]},"properties":{"incident_type":"check flooding condition","behavioral_cluster":"flash_flood_stranded","date":"2021-07-03","hour":20,"time_of_day_bucket":"dusk","is_weekend":true,"location_name":"41XX E MALDONADO DR","year":2021,"precision":"hundred_block"}},{"type":"Feature","geometry":{"type":"Point","coordinates":[-112.047939,33.602202]},"properties":{"incident_type":"check flooding condition","behavioral_cluster":"flash_flood_stranded","date":"2021-07-04","hour":10,"time_of_day_bucket":"day","is_weekend":true,"location_name":"15XX E THUNDERBIRD RD","year":2021,"precision":"hundred_block"}},{"type":"Feature","geometry":{"type":"Point","coordinates":[-112.032558,33.666336]},"properties":{"incident_type":"check flooding condition","behavioral_cluster":"flash_flood_stranded","date":"2021-07-05","hour":0,"time_of_day_bucket":"night","is_weekend":false,"location_name":"196XX N CAVE CREEK RD","year":2021,"precision":"hundred_block"}},{"type":"Feature","geometry":{"type":"Point","coordinates":[-112.0197,33.5307]},"properties":{"incident_type":"mountain rescue","behavioral_cluster":"recreational_underequipped","date":"2021-07-07","hour":9,"time_of_day_bucket":"day","is_weekend":false,"location_name":"27XX E PIESTEWA PEAK DR","year":2021,"precision":"preserve_centroid"}},{"type":"Feature","geometry":{"type":"Point","coordinates":[-112.092948,33.585984]},"properties":{"incident_type":"check flooding condition","behavioral_cluster":"flash_flood_stranded","date":"2021-07-07","hour":17,"time_of_day_bucket":"dusk","is_weekend":false,"location_name":"15XX W DESERT COVE AV","year":2021,"precision":"hundred_block"}},{"type":"Feature","geometry":{"type":"Point","coordinates":[-111.980844,33.330834]},"properties":{"incident_type":"check flooding condition","behavioral_cluster":"flash_flood_stranded","date":"2021-07-08","hour":13,"time_of_day_bucket":"day","is_weekend":false,"location_name":"S 48TH ST/E WARNER RD","year":2021,"precision":"intersection"}},{"type":"Feature","geometry":{"type":"Point","coordinates":[-112.052398,33.784677]},"properties":{"incident_type":"mountain rescue","behavioral_cluster":"recreational_underequipped","date":"2021-07-10","hour":10,"time_of_day_bucket":"day","is_weekend":true,"location_name":"N 14TH ST/E DOVE VALLEY RD","year":2021,"precision":"intersection"}},{"type":"Feature","geometry":{"type":"Point","coordinates":[-112.065318,33.485373]},"properties":{"incident_type":"check flooding condition","behavioral_cluster":"flash_flood_stranded","date":"2021-07-11","hour":16,"time_of_day_bucket":"day","is_weekend":true,"location_name":"31XX N 7TH AV","year":2021,"precision":"hundred_block"}},{"type":"Feature","geometry":{"type":"Point","coordinates":[-112.099176,33.538968]},"properties":{"incident_type":"check flooding condition","behavioral_cluster":"flash_flood_stranded","date":"2021-07-12","hour":3,"time_of_day_bucket":"night","is_weekend":false,"location_name":"18XX W GLENDALE AV","year":2021,"precision":"hundred_block"}},{"type":"Feature","geometry":{"type":"Point","coordinates":[-112.108496,33.49503]},"properties":{"incident_type":"water rescue","behavioral_cluster":"flash_flood_stranded","date":"2021-07-12","hour":20,"time_of_day_bucket":"dusk","is_weekend":false,"location_name":"N 23RD AV/W INDIAN SCHOOL RD","year":2021,"precision":"intersection"}},{"type":"Feature","geometry":{"type":"Point","coordinates":[-111.979512,33.561297]},"properties":{"incident_type":"check flooding condition","behavioral_cluster":"flash_flood_stranded","date":"2021-07-15","hour":0,"time_of_day_bucket":"night","is_weekend":false,"location_name":"46XX E MOCKINGBIRD LN","year":2021,"precision":"hundred_block"}},{"type":"Feature","geometry":{"type":"Point","coordinates":[-112.0197,33.5307]},"properties":{"incident_type":"mountain rescue","behavioral_cluster":"recreational_underequipped","date":"2021-07-15","hour":11,"time_of_day_bucket":"day","is_weekend":false,"location_name":"27XX E PIESTEWA PEAK DR","year":2021,"precision":"preserve_centroid"}},{"type":"Feature","geometry":{"type":"Point","coordinates":[-111.977276,33.52113]},"properties":{"incident_type":"mountain rescue","behavioral_cluster":"recreational_underequipped","date":"2021-07-15","hour":12,"time_of_day_bucket":"day","is_weekend":false,"location_name":"57XX N ECHO CANYON PW","year":2021,"precision":"hundred_block"}},{"type":"Feature","geometry":{"type":"Point","coordinates":[-111.977276,33.52113]},"properties":{"incident_type":"mountain rescue","behavioral_cluster":"recreational_underequipped","date":"2021-07-15","hour":13,"time_of_day_bucket":"day","is_weekend":false,"location_name":"57XX N ECHO CANYON PW","year":2021,"precision":"hundred_block"}},{"type":"Feature","geometry":{"type":"Point","coordinates":[-112.0197,33.5307]},"properties":{"incident_type":"mountain rescue","behavioral_cluster":"recreational_underequipped","date":"2021-07-17","hour":7,"time_of_day_bucket":"dawn","is_weekend":true,"location_name":"27XX E PIESTEWA PEAK DR","year":2021,"precision":"preserve_centroid"}},{"type":"Feature","geometry":{"type":"Point","coordinates":[-112.066717,33.598575]},"properties":{"incident_type":"mountain rescue","behavioral_cluster":"recreational_underequipped","date":"2021-07-17","hour":10,"time_of_day_bucket":"day","is_weekend":true,"location_name":"129XX N 7TH ST","year":2021,"precision":"hundred_block"}},{"type":"Feature","geometry":{"type":"Point","coordinates":[-112.263863,33.464889]},"properties":{"incident_type":"water rescue","behavioral_cluster":"flash_flood_stranded","date":"2021-07-18","hour":0,"time_of_day_bucket":"night","is_weekend":true,"location_name":"N 95TH AV/W MCDOWELL RD","year":2021,"precision":"intersection"}},{"type":"Feature","geometry":{"type":"Point","coordinates":[-112.0197,33.5307]},"properties":{"incident_type":"mountain rescue","behavioral_cluster":"recreational_underequipped","date":"2021-07-19","hour":8,"time_of_day_bucket":"dawn","is_weekend":false,"location_name":"27XX E PIESTEWA PEAK DR","year":2021,"precision":"preserve_centroid"}},{"type":"Feature","geometry":{"type":"Point","coordinates":[-112.073742,33.577362]},"properties":{"incident_type":"mountain rescue","behavioral_cluster":"recreational_underequipped","date":"2021-07-19","hour":14,"time_of_day_bucket":"day","is_weekend":false,"location_name":"N CENTRAL AV/E FOOTHILL DR","year":2021,"precision":"intersection"}},{"type":"Feature","geometry":{"type":"Point","coordinates":[-112.117028,33.480432]},"properties":{"incident_type":"check flooding condition","behavioral_cluster":"flash_flood_stranded","date":"2021-07-19","hour":16,"time_of_day_bucket":"day","is_weekend":false,"location_name":"N 27TH AV/W THOMAS RD","year":2021,"precision":"intersection"}},{"type":"Feature","geometry":{"type":"Point","coordinates":[-112.036973,33.495102]},"properties":{"incident_type":"check flooding condition","behavioral_cluster":"flash_flood_stranded","date":"2021-07-21","hour":21,"time_of_day_bucket":"night","is_weekend":false,"location_name":"20XX W INDIAN SCHOOL RD","year":2021,"precision":"hundred_block"}},{"type":"Feature","geometry":{"type":"Point","coordinates":[-112.099631,33.592959]},"properties":{"incident_type":"mountain rescue","behavioral_cluster":"recreational_underequipped","date":"2021-07-22","hour":12,"time_of_day_bucket":"day","is_weekend":false,"location_name":"N 19TH AV/W SUNNYSIDE DR","year":2021,"precision":"intersection"}},{"type":"Feature","geometry":{"type":"Point","coordinates":[-112.022132,33.600465]},"properties":{"incident_type":"check flooding condition","behavioral_cluster":"flash_flood_stranded","date":"2021-07-22","hour":15,"time_of_day_bucket":"day","is_weekend":false,"location_name":"124XX N 28TH DR","year":2021,"precision":"hundred_block"}},{"type":"Feature","geometry":{"type":"Point","coordinates":[-112.027468,33.38487]},"properties":{"incident_type":"check flooding condition","behavioral_cluster":"flash_flood_stranded","date":"2021-07-23","hour":23,"time_of_day_bucket":"night","is_weekend":false,"location_name":"24XX E GLASS LN","year":2021,"precision":"hundred_block"}},{"type":"Feature","geometry":{"type":"Point","coordinates":[-112.082206,33.51906]},"properties":{"incident_type":"check flooding condition","behavioral_cluster":"flash_flood_stranded","date":"2021-07-25","hour":3,"time_of_day_bucket":"night","is_weekend":true,"location_name":"5XX W SAN JUAN AV","year":2021,"precision":"hundred_block"}},{"type":"Feature","geometry":{"type":"Point","coordinates":[-112.233761,33.494544]},"properties":{"incident_type":"check flooding condition","behavioral_cluster":"flash_flood_stranded","date":"2021-07-25","hour":10,"time_of_day_bucket":"day","is_weekend":true,"location_name":"81XX W INDIAN SCHOOL RD","year":2021,"precision":"hundred_block"}},{"type":"Feature","geometry":{"type":"Point","coordinates":[-112.237767,33.497991]},"properties":{"incident_type":"check flooding condition","behavioral_cluster":"flash_flood_stranded","date":"2021-07-25","hour":11,"time_of_day_bucket":"day","is_weekend":true,"location_name":"N 83RD AV/W GLENROSA AV","year":2021,"precision":"intersection"}},{"type":"Feature","geometry":{"type":"Point","coordinates":[-111.928775,33.495129]},"properties":{"incident_type":"check flooding condition","behavioral_cluster":"flash_flood_stranded","date":"2021-07-25","hour":12,"time_of_day_bucket":"day","is_weekend":true,"location_name":"70XX W INDIAN SCHOOL RD","year":2021,"precision":"hundred_block"}},{"type":"Feature","geometry":{"type":"Point","coordinates":[-112.094676,33.529482]},"properties":{"incident_type":"check flooding condition","behavioral_cluster":"flash_flood_stranded","date":"2021-07-25","hour":20,"time_of_day_bucket":"dusk","is_weekend":true,"location_name":"62XX N 16TH ST","year":2021,"precision":"hundred_block"}},{"type":"Feature","geometry":{"type":"Point","coordinates":[-112.0197,33.5307]},"properties":{"incident_type":"mountain rescue","behavioral_cluster":"recreational_underequipped","date":"2021-07-26","hour":12,"time_of_day_bucket":"day","is_weekend":false,"location_name":"27XX E PIESTEWA PEAK DR","year":2021,"precision":"preserve_centroid"}},{"type":"Feature","geometry":{"type":"Point","coordinates":[-111.971907,33.480378]},"properties":{"incident_type":"check flooding condition","behavioral_cluster":"flash_flood_stranded","date":"2021-07-26","hour":23,"time_of_day_bucket":"night","is_weekend":false,"location_name":"50XX E THOMAS RD","year":2021,"precision":"hundred_block"}},{"type":"Feature","geometry":{"type":"Point","coordinates":[-112.008573,33.482322]},"properties":{"incident_type":"check flooding condition","behavioral_cluster":"flash_flood_stranded","date":"2021-07-28","hour":1,"time_of_day_bucket":"night","is_weekend":false,"location_name":"N 34TH ST/E PINCHOT AV","year":2021,"precision":"intersection"}},{"type":"Feature","geometry":{"type":"Point","coordinates":[-111.76263,33.379119]},"properties":{"incident_type":"water rescue","behavioral_cluster":"flash_flood_stranded","date":"2021-07-29","hour":15,"time_of_day_bucket":"day","is_weekend":false,"location_name":"S 32ND ST/E BASELINE RD","year":2021,"precision":"intersection"}},{"type":"Feature","geometry":{"type":"Point","coordinates":[-112.0197,33.5307]},"properties":{"incident_type":"mountain rescue","behavioral_cluster":"recreational_underequipped","date":"2021-07-30","hour":12,"time_of_day_bucket":"day","is_weekend":false,"location_name":"27XX E PIESTEWA PEAK DR","year":2021,"precision":"preserve_centroid"}},{"type":"Feature","geometry":{"type":"Point","coordinates":[-111.979319,33.407739]},"properties":{"incident_type":"check flooding condition","behavioral_cluster":"flash_flood_stranded","date":"2021-07-30","hour":22,"time_of_day_bucket":"night","is_weekend":false,"location_name":"47XX E BROADWAY RD","year":2021,"precision":"hundred_block"}},{"type":"Feature","geometry":{"type":"Point","coordinates":[-112.0197,33.5307]},"properties":{"incident_type":"mountain rescue","behavioral_cluster":"recreational_underequipped","date":"2021-08-01","hour":9,"time_of_day_bucket":"day","is_weekend":true,"location_name":"27XX E PIESTEWA PEAK DR","year":2021,"precision":"preserve_centroid"}},{"type":"Feature","geometry":{"type":"Point","coordinates":[-112.035811,33.641595]},"properties":{"incident_type":"check flooding condition","behavioral_cluster":"flash_flood_stranded","date":"2021-08-07","hour":0,"time_of_day_bucket":"night","is_weekend":true,"location_name":"21XX E BELL RD","year":2021,"precision":"hundred_block"}},{"type":"Feature","geometry":{"type":"Point","coordinates":[-112.0197,33.5307]},"properties":{"incident_type":"mountain rescue","behavioral_cluster":"recreational_underequipped","date":"2021-08-07","hour":4,"time_of_day_bucket":"night","is_weekend":true,"location_name":"27XX E PIESTEWA PEAK DR","year":2021,"precision":"preserve_centroid"}},{"type":"Feature","geometry":{"type":"Point","coordinates":[-111.976591,33.320385]},"properties":{"incident_type":"check flooding condition","behavioral_cluster":"flash_flood_stranded","date":"2021-08-07","hour":9,"time_of_day_bucket":"day","is_weekend":true,"location_name":"49XX E RAY RD","year":2021,"precision":"hundred_block"}},{"type":"Feature","geometry":{"type":"Point","coordinates":[-111.976591,33.320385]},"properties":{"incident_type":"check flooding condition","behavioral_cluster":"flash_flood_stranded","date":"2021-08-07","hour":9,"time_of_day_bucket":"day","is_weekend":true,"location_name":"49XX E RAY RD","year":2021,"precision":"hundred_block"}},{"type":"Feature","geometry":{"type":"Point","coordinates":[-112.049142,33.763638]},"properties":{"incident_type":"mountain rescue","behavioral_cluster":"recreational_underequipped","date":"2021-08-08","hour":9,"time_of_day_bucket":"day","is_weekend":true,"location_name":"16XX E SONORAN DESERT DR","year":2021,"precision":"hundred_block"}},{"type":"Feature","geometry":{"type":"Point","coordinates":[-112.065327,33.610176]},"properties":{"incident_type":"water rescue","behavioral_cluster":"flash_flood_stranded","date":"2021-08-13","hour":22,"time_of_day_bucket":"night","is_weekend":false,"location_name":"N 7TH ST/E EUGIE AV","year":2021,"precision":"intersection"}},{"type":"Feature","geometry":{"type":"Point","coordinates":[-112.052169,33.616449]},"properties":{"incident_type":"check flooding condition","behavioral_cluster":"flash_flood_stranded","date":"2021-08-13","hour":22,"time_of_day_bucket":"night","is_weekend":false,"location_name":"142XX N 14TH PL","year":2021,"precision":"hundred_block"}},{"type":"Feature","geometry":{"type":"Point","coordinates":[-112.108284,33.446961]},"properties":{"incident_type":"water rescue","behavioral_cluster":"flash_flood_stranded","date":"2021-08-13","hour":23,"time_of_day_bucket":"night","is_weekend":false,"location_name":"N I17/W JEFFERSON ST","year":2021,"precision":"intersection"}},{"type":"Feature","geometry":{"type":"Point","coordinates":[-112.071888,33.616098]},"properties":{"incident_type":"water rescue","behavioral_cluster":"flash_flood_stranded","date":"2021-08-13","hour":23,"time_of_day_bucket":"night","is_weekend":false,"location_name":"W CANTERBURY LN/N MEDINAN DR","year":2021,"precision":"intersection"}},{"type":"Feature","geometry":{"type":"Point","coordinates":[-112.082782,33.625692]},"properties":{"incident_type":"water rescue","behavioral_cluster":"flash_flood_stranded","date":"2021-08-14","hour":0,"time_of_day_bucket":"night","is_weekend":true,"location_name":"N 7TH AV/W CORAL GABLES DR","year":2021,"precision":"intersection"}},{"type":"Feature","geometry":{"type":"Point","coordinates":[-111.988148,33.603638]},"properties":{"incident_type":"check flooding condition","behavioral_cluster":"flash_flood_stranded","date":"2021-08-15","hour":5,"time_of_day_bucket":"dawn","is_weekend":true,"location_name":"128XX N PARADISE VILLAGE PW W","year":2021,"precision":"hundred_block"}},{"type":"Feature","geometry":{"type":"Point","coordinates":[-112.016263,33.640974]},"properties":{"incident_type":"check flooding condition","behavioral_cluster":"flash_flood_stranded","date":"2021-08-16","hour":10,"time_of_day_bucket":"day","is_weekend":false,"location_name":"30XX E BELL RD","year":2021,"precision":"hundred_block"}},{"type":"Feature","geometry":{"type":"Point","coordinates":[-112.133606,33.54858]},"properties":{"incident_type":"check flooding condition","behavioral_cluster":"flash_flood_stranded","date":"2021-08-17","hour":0,"time_of_day_bucket":"night","is_weekend":false,"location_name":"34XX W KALER DR","year":2021,"precision":"hundred_block"}},{"type":"Feature","geometry":{"type":"Point","coordinates":[-112.085384,33.607521]},"properties":{"incident_type":"water rescue","behavioral_cluster":"flash_flood_stranded","date":"2021-08-18","hour":14,"time_of_day_bucket":"day","is_weekend":false,"location_name":"N CORAL GABLES DR/W THUNDERBIRD RD","year":2021,"precision":"intersection"}},{"type":"Feature","geometry":{"type":"Point","coordinates":[-111.977748,33.564627]},"properties":{"incident_type":"mountain rescue","behavioral_cluster":"recreational_underequipped","date":"2021-08-21","hour":9,"time_of_day_bucket":"day","is_weekend":true,"location_name":"N TATUM BL/E TOMAHAWK TL","year":2021,"precision":"intersection"}},{"type":"Feature","geometry":{"type":"Point","coordinates":[-112.124758,33.800364]},"properties":{"incident_type":"check flooding condition","behavioral_cluster":"flash_flood_stranded","date":"2021-08-21","hour":19,"time_of_day_bucket":"dusk","is_weekend":true,"location_name":"347XX N 30TH DR","year":2021,"precision":"hundred_block"}},{"type":"Feature","geometry":{"type":"Point","coordinates":[-112.102236,33.569757]},"properties":{"incident_type":"check flooding condition","behavioral_cluster":"flash_flood_stranded","date":"2021-08-22","hour":21,"time_of_day_bucket":"night","is_weekend":true,"location_name":"20XX W DUNLAP AV","year":2021,"precision":"hundred_block"}},{"type":"Feature","geometry":{"type":"Point","coordinates":[-112.049142,33.763638]},"properties":{"incident_type":"mountain rescue","behavioral_cluster":"recreational_underequipped","date":"2021-08-27","hour":10,"time_of_day_bucket":"day","is_weekend":false,"location_name":"16XX E SONORAN DESERT DR","year":2021,"precision":"hundred_block"}},{"type":"Feature","geometry":{"type":"Point","coordinates":[-112.066717,33.598575]},"properties":{"incident_type":"mountain rescue","behavioral_cluster":"recreational_underequipped","date":"2021-08-28","hour":8,"time_of_day_bucket":"dawn","is_weekend":true,"location_name":"129XX N 7TH ST","year":2021,"precision":"hundred_block"}},{"type":"Feature","geometry":{"type":"Point","coordinates":[-111.991388,33.496866]},"properties":{"incident_type":"check flooding condition","behavioral_cluster":"flash_flood_stranded","date":"2021-08-29","hour":21,"time_of_day_bucket":"night","is_weekend":true,"location_name":"41XX N 42ND ST","year":2021,"precision":"hundred_block"}},{"type":"Feature","geometry":{"type":"Point","coordinates":[-112.229541,33.462738]},"properties":{"incident_type":"water rescue","behavioral_cluster":"flash_flood_stranded","date":"2021-08-31","hour":10,"time_of_day_bucket":"day","is_weekend":false,"location_name":"N 79TH AV/W I10","year":2021,"precision":"intersection"}},{"type":"Feature","geometry":{"type":"Point","coordinates":[-111.96328,33.447069]},"properties":{"incident_type":"water rescue","behavioral_cluster":"flash_flood_stranded","date":"2021-08-31","hour":15,"time_of_day_bucket":"day","is_weekend":false,"location_name":"54XX E WASHINGTON ST","year":2021,"precision":"hundred_block"}},{"type":"Feature","geometry":{"type":"Point","coordinates":[-112.084938,33.388848]},"properties":{"incident_type":"check flooding condition","behavioral_cluster":"flash_flood_stranded","date":"2021-09-04","hour":21,"time_of_day_bucket":"night","is_weekend":true,"location_name":"9XX W ALTA VISTA RD","year":2021,"precision":"hundred_block"}},{"type":"Feature","geometry":{"type":"Point","coordinates":[-112.082711,33.79914]},"properties":{"incident_type":"mountain rescue","behavioral_cluster":"recreational_underequipped","date":"2021-09-05","hour":10,"time_of_day_bucket":"day","is_weekend":true,"location_name":"N 7TH AV/W CAREFREE HW","year":2021,"precision":"intersection"}},{"type":"Feature","geometry":{"type":"Point","coordinates":[-112.023531,33.500043]},"properties":{"incident_type":"check flooding condition","behavioral_cluster":"flash_flood_stranded","date":"2021-09-06","hour":13,"time_of_day_bucket":"day","is_weekend":false,"location_name":"43XX N 27TH AV","year":2021,"precision":"hundred_block"}},{"type":"Feature","geometry":{"type":"Point","coordinates":[-112.152465,33.46425]},"properties":{"incident_type":"check flooding condition","behavioral_cluster":"flash_flood_stranded","date":"2021-09-12","hour":7,"time_of_day_bucket":"dawn","is_weekend":true,"location_name":"14XX N 43RD AV","year":2021,"precision":"hundred_block"}},{"type":"Feature","geometry":{"type":"Point","coordinates":[-112.133578,33.568083]},"properties":{"incident_type":"check flooding condition","behavioral_cluster":"flash_flood_stranded","date":"2021-09-17","hour":1,"time_of_day_bucket":"night","is_weekend":false,"location_name":"34XX W DUNLAP AV","year":2021,"precision":"hundred_block"}},{"type":"Feature","geometry":{"type":"Point","coordinates":[-112.176455,33.495192]},"properties":{"incident_type":"check flooding condition","behavioral_cluster":"flash_flood_stranded","date":"2021-09-19","hour":6,"time_of_day_bucket":"dawn","is_weekend":true,"location_name":"54XX W INDIAN SCHOOL RD","year":2021,"precision":"hundred_block"}},{"type":"Feature","geometry":{"type":"Point","coordinates":[-112.0197,33.5307]},"properties":{"incident_type":"mountain rescue","behavioral_cluster":"recreational_underequipped","date":"2021-09-25","hour":12,"time_of_day_bucket":"day","is_weekend":true,"location_name":"27XX E PIESTEWA PEAK DR","year":2021,"precision":"preserve_centroid"}},{"type":"Feature","geometry":{"type":"Point","coordinates":[-112.162712,33.427044]},"properties":{"incident_type":"check flooding condition","behavioral_cluster":"flash_flood_stranded","date":"2021-09-25","hour":21,"time_of_day_bucket":"night","is_weekend":true,"location_name":"23XX N 48TH AV","year":2021,"precision":"hundred_block"}},{"type":"Feature","geometry":{"type":"Point","coordinates":[-112.026145,33.527475]},"properties":{"incident_type":"check flooding condition","behavioral_cluster":"flash_flood_stranded","date":"2021-09-30","hour":1,"time_of_day_bucket":"night","is_weekend":false,"location_name":"61XX N 28TH ST","year":2021,"precision":"hundred_block"}},{"type":"Feature","geometry":{"type":"Point","coordinates":[-112.118724,33.65649]},"properties":{"incident_type":"check flooding condition","behavioral_cluster":"flash_flood_stranded","date":"2021-09-30","hour":18,"time_of_day_bucket":"dusk","is_weekend":false,"location_name":"26XX W UNION HILLS DR","year":2021,"precision":"hundred_block"}},{"type":"Feature","geometry":{"type":"Point","coordinates":[-112.121306,33.611006]},"properties":{"incident_type":"check flooding condition","behavioral_cluster":"flash_flood_stranded","date":"2021-10-03","hour":19,"time_of_day_bucket":"dusk","is_weekend":true,"location_name":"29XX W THUNDERBIRD RD","year":2021,"precision":"hundred_block"}},{"type":"Feature","geometry":{"type":"Point","coordinates":[-111.943638,33.465879]},"properties":{"incident_type":"mountain rescue","behavioral_cluster":"recreational_underequipped","date":"2021-10-04","hour":11,"time_of_day_bucket":"day","is_weekend":false,"location_name":"N GALVIN PW/E MCDOWELL RD","year":2021,"precision":"intersection"}},{"type":"Feature","geometry":{"type":"Point","coordinates":[-112.199274,33.466194]},"properties":{"incident_type":"check flooding condition","behavioral_cluster":"flash_flood_stranded","date":"2021-10-04","hour":22,"time_of_day_bucket":"night","is_weekend":false,"location_name":"64XX W MCDOWELL RD","year":2021,"precision":"hundred_block"}},{"type":"Feature","geometry":{"type":"Point","coordinates":[-111.979566,33.460965]},"properties":{"incident_type":"check flooding condition","behavioral_cluster":"flash_flood_stranded","date":"2021-10-07","hour":0,"time_of_day_bucket":"night","is_weekend":false,"location_name":"47XX E MORELAND ST","year":2021,"precision":"hundred_block"}},{"type":"Feature","geometry":{"type":"Point","coordinates":[-112.095707,33.572943]},"properties":{"incident_type":"check flooding condition","behavioral_cluster":"flash_flood_stranded","date":"2021-10-07","hour":5,"time_of_day_bucket":"dawn","is_weekend":false,"location_name":"94XX N 17TH AV","year":2021,"precision":"hundred_block"}},{"type":"Feature","geometry":{"type":"Point","coordinates":[-111.981465,33.331176]},"properties":{"incident_type":"check flooding condition","behavioral_cluster":"flash_flood_stranded","date":"2021-10-11","hour":23,"time_of_day_bucket":"night","is_weekend":false,"location_name":"47XX E WARNER RD","year":2021,"precision":"hundred_block"}},{"type":"Feature","geometry":{"type":"Point","coordinates":[-112.0197,33.5307]},"properties":{"incident_type":"mountain rescue","behavioral_cluster":"recreational_underequipped","date":"2021-10-12","hour":7,"time_of_day_bucket":"dawn","is_weekend":false,"location_name":"27XX E PIESTEWA PEAK DR","year":2021,"precision":"preserve_centroid"}},{"type":"Feature","geometry":{"type":"Point","coordinates":[-112.0743,33.567381]},"properties":{"incident_type":"check flooding condition","behavioral_cluster":"flash_flood_stranded","date":"2021-10-13","hour":3,"time_of_day_bucket":"night","is_weekend":false,"location_name":"89XX N CENTRAL AV","year":2021,"precision":"hundred_block"}},{"type":"Feature","geometry":{"type":"Point","coordinates":[-112.0197,33.5307]},"properties":{"incident_type":"mountain rescue","behavioral_cluster":"recreational_underequipped","date":"2021-10-15","hour":13,"time_of_day_bucket":"day","is_weekend":false,"location_name":"27XX E PIESTEWA PEAK DR","year":2021,"precision":"preserve_centroid"}},{"type":"Feature","geometry":{"type":"Point","coordinates":[-111.933112,33.455691]},"properties":{"incident_type":"check flooding condition","behavioral_cluster":"flash_flood_stranded","date":"2021-10-18","hour":22,"time_of_day_bucket":"night","is_weekend":false,"location_name":"3XX E PIERCE ST","year":2021,"precision":"hundred_block"}},{"type":"Feature","geometry":{"type":"Point","coordinates":[-112.0197,33.5307]},"properties":{"incident_type":"mountain rescue","behavioral_cluster":"recreational_underequipped","date":"2021-10-18","hour":22,"time_of_day_bucket":"night","is_weekend":false,"location_name":"27XX E PIESTEWA PEAK DR","year":2021,"precision":"preserve_centroid"}},{"type":"Feature","geometry":{"type":"Point","coordinates":[-112.0197,33.5307]},"properties":{"incident_type":"mountain rescue","behavioral_cluster":"recreational_underequipped","date":"2021-10-20","hour":13,"time_of_day_bucket":"day","is_weekend":false,"location_name":"27XX E PIESTEWA PEAK DR","year":2021,"precision":"preserve_centroid"}},{"type":"Feature","geometry":{"type":"Point","coordinates":[-112.0197,33.5307]},"properties":{"incident_type":"mountain rescue","behavioral_cluster":"recreational_underequipped","date":"2021-10-24","hour":18,"time_of_day_bucket":"dusk","is_weekend":true,"location_name":"27XX E PIESTEWA PEAK DR","year":2021,"precision":"preserve_centroid"}},{"type":"Feature","geometry":{"type":"Point","coordinates":[-111.974296,33.465951]},"properties":{"incident_type":"check flooding condition","behavioral_cluster":"flash_flood_stranded","date":"2021-10-26","hour":7,"time_of_day_bucket":"dawn","is_weekend":false,"location_name":"49XX E MCDOWELL RD","year":2021,"precision":"hundred_block"}},{"type":"Feature","geometry":{"type":"Point","coordinates":[-112.08006,33.310134]},"properties":{"incident_type":"check flooding condition","behavioral_cluster":"flash_flood_stranded","date":"2021-11-08","hour":18,"time_of_day_bucket":"dusk","is_weekend":false,"location_name":"4XX W MOUNTAIN SAGE DR","year":2021,"precision":"hundred_block"}},{"type":"Feature","geometry":{"type":"Point","coordinates":[-112.106565,33.392619]},"properties":{"incident_type":"check flooding condition","behavioral_cluster":"flash_flood_stranded","date":"2021-11-11","hour":17,"time_of_day_bucket":"dusk","is_weekend":false,"location_name":"22XX W SOUTHERN AV","year":2021,"precision":"hundred_block"}},{"type":"Feature","geometry":{"type":"Point","coordinates":[-112.111235,33.524304]},"properties":{"incident_type":"check flooding condition","behavioral_cluster":"flash_flood_stranded","date":"2021-11-13","hour":2,"time_of_day_bucket":"night","is_weekend":true,"location_name":"24XX W BETHANY HOME RD","year":2021,"precision":"hundred_block"}},{"type":"Feature","geometry":{"type":"Point","coordinates":[-112.0197,33.5307]},"properties":{"incident_type":"mountain rescue","behavioral_cluster":"recreational_underequipped","date":"2021-11-16","hour":10,"time_of_day_bucket":"day","is_weekend":false,"location_name":"27XX E PIESTEWA PEAK DR","year":2021,"precision":"preserve_centroid"}},{"type":"Feature","geometry":{"type":"Point","coordinates":[-112.0197,33.5307]},"properties":{"incident_type":"mountain rescue","behavioral_cluster":"recreational_underequipped","date":"2021-11-17","hour":8,"time_of_day_bucket":"dawn","is_weekend":false,"location_name":"27XX E PIESTEWA PEAK DR","year":2021,"precision":"preserve_centroid"}},{"type":"Feature","geometry":{"type":"Point","coordinates":[-112.043439,33.533676]},"properties":{"incident_type":"check flooding condition","behavioral_cluster":"flash_flood_stranded","date":"2021-11-18","hour":21,"time_of_day_bucket":"night","is_weekend":false,"location_name":"17XX W TUCKEY LN","year":2021,"precision":"hundred_block"}},{"type":"Feature","geometry":{"type":"Point","coordinates":[-112.144689,33.588648]},"properties":{"incident_type":"check flooding condition","behavioral_cluster":"flash_flood_stranded","date":"2021-11-19","hour":9,"time_of_day_bucket":"day","is_weekend":false,"location_name":"39XX W GARDEN DR","year":2021,"precision":"hundred_block"}},{"type":"Feature","geometry":{"type":"Point","coordinates":[-112.151524,33.581916]},"properties":{"incident_type":"water rescue","behavioral_cluster":"flash_flood_stranded","date":"2021-11-20","hour":8,"time_of_day_bucket":"dawn","is_weekend":true,"location_name":"N 43RD AV/W PEORIA AV","year":2021,"precision":"intersection"}},{"type":"Feature","geometry":{"type":"Point","coordinates":[-112.0197,33.5307]},"properties":{"incident_type":"mountain rescue","behavioral_cluster":"recreational_underequipped","date":"2021-11-23","hour":15,"time_of_day_bucket":"day","is_weekend":false,"location_name":"27XX E PIESTEWA PEAK DR","year":2021,"precision":"preserve_centroid"}},{"type":"Feature","geometry":{"type":"Point","coordinates":[-112.0197,33.5307]},"properties":{"incident_type":"mountain rescue","behavioral_cluster":"recreational_underequipped","date":"2021-11-24","hour":12,"time_of_day_bucket":"day","is_weekend":false,"location_name":"27XX E PIESTEWA PEAK DR","year":2021,"precision":"preserve_centroid"}},{"type":"Feature","geometry":{"type":"Point","coordinates":[-112.03227,33.65271]},"properties":{"incident_type":"check flooding condition","behavioral_cluster":"flash_flood_stranded","date":"2021-11-25","hour":23,"time_of_day_bucket":"night","is_weekend":false,"location_name":"182XX N CAVE CREEK RD","year":2021,"precision":"hundred_block"}},{"type":"Feature","geometry":{"type":"Point","coordinates":[-112.0197,33.5307]},"properties":{"incident_type":"mountain rescue","behavioral_cluster":"recreational_underequipped","date":"2021-11-26","hour":10,"time_of_day_bucket":"day","is_weekend":false,"location_name":"37XX E PIESTEWA PEAK DR","year":2021,"precision":"preserve_centroid"}},{"type":"Feature","geometry":{"type":"Point","coordinates":[-112.090284,33.399612]},"properties":{"incident_type":"check flooding condition","behavioral_cluster":"flash_flood_stranded","date":"2021-11-27","hour":20,"time_of_day_bucket":"dusk","is_weekend":true,"location_name":"13XX E ROESER RD","year":2021,"precision":"hundred_block"}},{"type":"Feature","geometry":{"type":"Point","coordinates":[-112.012947,33.531858]},"properties":{"incident_type":"mountain rescue","behavioral_cluster":"recreational_underequipped","date":"2021-12-01","hour":18,"time_of_day_bucket":"dusk","is_weekend":false,"location_name":"N 32ND ST/E LINCOLN DR","year":2021,"precision":"intersection"}},{"type":"Feature","geometry":{"type":"Point","coordinates":[-112.129623,33.495336]},"properties":{"incident_type":"check flooding condition","behavioral_cluster":"flash_flood_stranded","date":"2021-12-01","hour":19,"time_of_day_bucket":"dusk","is_weekend":false,"location_name":"32XX W INDIAN SCHOOL RD","year":2021,"precision":"hundred_block"}},{"type":"Feature","geometry":{"type":"Point","coordinates":[-112.129623,33.495336]},"properties":{"incident_type":"check flooding condition","behavioral_cluster":"flash_flood_stranded","date":"2021-12-02","hour":20,"time_of_day_bucket":"dusk","is_weekend":false,"location_name":"32XX W INDIAN SCHOOL RD","year":2021,"precision":"hundred_block"}},{"type":"Feature","geometry":{"type":"Point","coordinates":[-112.129623,33.495336]},"properties":{"incident_type":"check flooding condition","behavioral_cluster":"flash_flood_stranded","date":"2021-12-02","hour":22,"time_of_day_bucket":"night","is_weekend":false,"location_name":"32XX W INDIAN SCHOOL RD","year":2021,"precision":"hundred_block"}},{"type":"Feature","geometry":{"type":"Point","coordinates":[-112.129623,33.495336]},"properties":{"incident_type":"check flooding condition","behavioral_cluster":"flash_flood_stranded","date":"2021-12-03","hour":6,"time_of_day_bucket":"dawn","is_weekend":false,"location_name":"32XX W INDIAN SCHOOL RD","year":2021,"precision":"hundred_block"}},{"type":"Feature","geometry":{"type":"Point","coordinates":[-112.065318,33.485373]},"properties":{"incident_type":"check flooding condition","behavioral_cluster":"flash_flood_stranded","date":"2021-12-04","hour":21,"time_of_day_bucket":"night","is_weekend":true,"location_name":"31XX N 7TH AV","year":2021,"precision":"hundred_block"}},{"type":"Feature","geometry":{"type":"Point","coordinates":[-112.192938,33.494832]},"properties":{"incident_type":"water rescue","behavioral_cluster":"flash_flood_stranded","date":"2021-12-05","hour":15,"time_of_day_bucket":"day","is_weekend":true,"location_name":"N 62ND AV/W INDIAN SCHOOL RD","year":2021,"precision":"intersection"}},{"type":"Feature","geometry":{"type":"Point","coordinates":[-112.22445,33.423111]},"properties":{"incident_type":"check flooding condition","behavioral_cluster":"flash_flood_stranded","date":"2021-12-07","hour":9,"time_of_day_bucket":"day","is_weekend":false,"location_name":"76XX W LOWER BUCKEYE RD","year":2021,"precision":"hundred_block"}},{"type":"Feature","geometry":{"type":"Point","coordinates":[-112.109431,33.493194]},"properties":{"incident_type":"water rescue","behavioral_cluster":"flash_flood_stranded","date":"2021-12-08","hour":1,"time_of_day_bucket":"night","is_weekend":false,"location_name":"N 23RD DR/W FAIRMOUNT AV","year":2021,"precision":"intersection"}},{"type":"Feature","geometry":{"type":"Point","coordinates":[-112.048173,33.512175]},"properties":{"incident_type":"check flooding condition","behavioral_cluster":"flash_flood_stranded","date":"2021-12-09","hour":3,"time_of_day_bucket":"night","is_weekend":false,"location_name":"51XX N 16TH ST","year":2021,"precision":"hundred_block"}},{"type":"Feature","geometry":{"type":"Point","coordinates":[-112.105461,33.61118]},"properties":{"incident_type":"check flooding condition","behavioral_cluster":"flash_flood_stranded","date":"2021-12-10","hour":23,"time_of_day_bucket":"night","is_weekend":false,"location_name":"21XX W THUNDERBIRD RD","year":2021,"precision":"hundred_block"}},{"type":"Feature","geometry":{"type":"Point","coordinates":[-112.129623,33.495336]},"properties":{"incident_type":"check flooding condition","behavioral_cluster":"flash_flood_stranded","date":"2021-12-11","hour":3,"time_of_day_bucket":"night","is_weekend":true,"location_name":"32XX W INDIAN SCHOOL RD","year":2021,"precision":"hundred_block"}},{"type":"Feature","geometry":{"type":"Point","coordinates":[-111.980448,33.326829]},"properties":{"incident_type":"check flooding condition","behavioral_cluster":"flash_flood_stranded","date":"2021-12-11","hour":6,"time_of_day_bucket":"dawn","is_weekend":true,"location_name":"S 48TH ST/S WAKIAL LP","year":2021,"precision":"intersection"}},{"type":"Feature","geometry":{"type":"Point","coordinates":[-112.049142,33.763638]},"properties":{"incident_type":"mountain rescue","behavioral_cluster":"recreational_underequipped","date":"2021-12-12","hour":15,"time_of_day_bucket":"day","is_weekend":true,"location_name":"16XX E SONORAN DESERT DR","year":2021,"precision":"hundred_block"}},{"type":"Feature","geometry":{"type":"Point","coordinates":[-112.004703,33.478155]},"properties":{"incident_type":"check flooding condition","behavioral_cluster":"flash_flood_stranded","date":"2021-12-19","hour":14,"time_of_day_bucket":"day","is_weekend":true,"location_name":"26XX N 36TH ST","year":2021,"precision":"hundred_block"}},{"type":"Feature","geometry":{"type":"Point","coordinates":[-112.0197,33.5307]},"properties":{"incident_type":"mountain rescue","behavioral_cluster":"recreational_underequipped","date":"2021-12-20","hour":10,"time_of_day_bucket":"day","is_weekend":false,"location_name":"27XX E PIESTEWA PEAK DR","year":2021,"precision":"preserve_centroid"}},{"type":"Feature","geometry":{"type":"Point","coordinates":[-112.072558,33.449319]},"properties":{"incident_type":"check flooding condition","behavioral_cluster":"flash_flood_stranded","date":"2021-12-20","hour":16,"time_of_day_bucket":"day","is_weekend":false,"location_name":"N 1ST ST/E ADAMS ST","year":2021,"precision":"intersection"}},{"type":"Feature","geometry":{"type":"Point","coordinates":[-112.030214,33.47757]},"properties":{"incident_type":"water rescue","behavioral_cluster":"flash_flood_stranded","date":"2021-12-21","hour":18,"time_of_day_bucket":"dusk","is_weekend":false,"location_name":"N 24TH ST/E CAMBRIDGE AV","year":2021,"precision":"intersection"}},{"type":"Feature","geometry":{"type":"Point","coordinates":[-112.060922,33.784551]},"properties":{"incident_type":"mountain rescue","behavioral_cluster":"recreational_underequipped","date":"2021-12-26","hour":13,"time_of_day_bucket":"day","is_weekend":true,"location_name":"N 10TH ST/E DOVE VALLEY RD","year":2021,"precision":"intersection"}},{"type":"Feature","geometry":{"type":"Point","coordinates":[-112.123674,33.448797]},"properties":{"incident_type":"check flooding condition","behavioral_cluster":"flash_flood_stranded","date":"2021-12-28","hour":13,"time_of_day_bucket":"day","is_weekend":false,"location_name":"29XX E WASHINGTON ST","year":2021,"precision":"hundred_block"}},{"type":"Feature","geometry":{"type":"Point","coordinates":[-112.134753,33.682122]},"properties":{"incident_type":"check flooding condition","behavioral_cluster":"flash_flood_stranded","date":"2022-01-01","hour":11,"time_of_day_bucket":"day","is_weekend":true,"location_name":"N 35TH AV/W SALTER DR","year":2022,"precision":"intersection"}},{"type":"Feature","geometry":{"type":"Point","coordinates":[-112.007088,33.498666]},"properties":{"incident_type":"check flooding condition","behavioral_cluster":"flash_flood_stranded","date":"2022-01-02","hour":14,"time_of_day_bucket":"day","is_weekend":true,"location_name":"42XX N 35TH AV","year":2022,"precision":"hundred_block"}},{"type":"Feature","geometry":{"type":"Point","coordinates":[-112.0197,33.5307]},"properties":{"incident_type":"mountain rescue","behavioral_cluster":"recreational_underequipped","date":"2022-01-09","hour":9,"time_of_day_bucket":"day","is_weekend":true,"location_name":"27XX E PIESTEWA PEAK DR","year":2022,"precision":"preserve_centroid"}},{"type":"Feature","geometry":{"type":"Point","coordinates":[-112.099594,33.783768]},"properties":{"incident_type":"mountain rescue","behavioral_cluster":"recreational_underequipped","date":"2022-01-10","hour":16,"time_of_day_bucket":"day","is_weekend":false,"location_name":"W DOVE VALLEY RD/N PALOMA PW","year":2022,"precision":"intersection"}},{"type":"Feature","geometry":{"type":"Point","coordinates":[-112.133578,33.568083]},"properties":{"incident_type":"check flooding condition","behavioral_cluster":"flash_flood_stranded","date":"2022-01-10","hour":19,"time_of_day_bucket":"dusk","is_weekend":false,"location_name":"34XX W DUNLAP AV","year":2022,"precision":"hundred_block"}},{"type":"Feature","geometry":{"type":"Point","coordinates":[-112.065318,33.485373]},"properties":{"incident_type":"check flooding condition","behavioral_cluster":"flash_flood_stranded","date":"2022-01-14","hour":12,"time_of_day_bucket":"day","is_weekend":false,"location_name":"31XX N 7TH AV","year":2022,"precision":"hundred_block"}},{"type":"Feature","geometry":{"type":"Point","coordinates":[-112.166708,33.671835]},"properties":{"incident_type":"mountain rescue","behavioral_cluster":"recreational_underequipped","date":"2022-01-15","hour":18,"time_of_day_bucket":"dusk","is_weekend":true,"location_name":"49XX W TONOPAH DR","year":2022,"precision":"hundred_block"}},{"type":"Feature","geometry":{"type":"Point","coordinates":[-112.114255,33.536664]},"properties":{"incident_type":"check flooding condition","behavioral_cluster":"flash_flood_stranded","date":"2022-01-21","hour":23,"time_of_day_bucket":"night","is_weekend":false,"location_name":"67XX N 25TH DR","year":2022,"precision":"hundred_block"}},{"type":"Feature","geometry":{"type":"Point","coordinates":[-112.049142,33.763638]},"properties":{"incident_type":"mountain rescue","behavioral_cluster":"recreational_underequipped","date":"2022-01-23","hour":12,"time_of_day_bucket":"day","is_weekend":true,"location_name":"16XX E SONORAN DESERT DR","year":2022,"precision":"hundred_block"}},{"type":"Feature","geometry":{"type":"Point","coordinates":[-111.992029,33.495201]},"properties":{"incident_type":"check flooding condition","behavioral_cluster":"flash_flood_stranded","date":"2022-01-24","hour":0,"time_of_day_bucket":"night","is_weekend":false,"location_name":"41XX E INDIAN SCHOOL RD","year":2022,"precision":"hundred_block"}},{"type":"Feature","geometry":{"type":"Point","coordinates":[-112.044263,33.53877]},"properties":{"incident_type":"check flooding condition","behavioral_cluster":"flash_flood_stranded","date":"2022-01-24","hour":4,"time_of_day_bucket":"night","is_weekend":false,"location_name":"17XX W GLENDALE AV","year":2022,"precision":"hundred_block"}},{"type":"Feature","geometry":{"type":"Point","coordinates":[-111.996117,33.569163]},"properties":{"incident_type":"mountain rescue","behavioral_cluster":"recreational_underequipped","date":"2022-01-29","hour":17,"time_of_day_bucket":"dusk","is_weekend":true,"location_name":"90XX N 40TH ST","year":2022,"precision":"hundred_block"}},{"type":"Feature","geometry":{"type":"Point","coordinates":[-112.101306,33.611248]},"properties":{"incident_type":"check flooding condition","behavioral_cluster":"flash_flood_stranded","date":"2022-01-30","hour":1,"time_of_day_bucket":"night","is_weekend":true,"location_name":"19XX W THUNDERBIRD RD","year":2022,"precision":"hundred_block"}},{"type":"Feature","geometry":{"type":"Point","coordinates":[-111.972114,33.469056]},"properties":{"incident_type":"check flooding condition","behavioral_cluster":"flash_flood_stranded","date":"2022-02-03","hour":20,"time_of_day_bucket":"dusk","is_weekend":false,"location_name":"18XX N 51ST ST","year":2022,"precision":"hundred_block"}},{"type":"Feature","geometry":{"type":"Point","coordinates":[-112.100463,33.770925]},"properties":{"incident_type":"mountain rescue","behavioral_cluster":"recreational_underequipped","date":"2022-02-07","hour":11,"time_of_day_bucket":"day","is_weekend":false,"location_name":"N 19TH AV/W VIA CABALLO BLANCO","year":2022,"precision":"intersection"}},{"type":"Feature","geometry":{"type":"Point","coordinates":[-112.003659,33.734385]},"properties":{"incident_type":"mountain rescue","behavioral_cluster":"recreational_underequipped","date":"2022-02-08","hour":14,"time_of_day_bucket":"day","is_weekend":false,"location_name":"N CAVE CREEK RD/E SONORAN DESERT DR","year":2022,"precision":"intersection"}},{"type":"Feature","geometry":{"type":"Point","coordinates":[-112.0197,33.5307]},"properties":{"incident_type":"mountain rescue","behavioral_cluster":"recreational_underequipped","date":"2022-02-08","hour":15,"time_of_day_bucket":"day","is_weekend":false,"location_name":"27XX E PIESTEWA PEAK DR","year":2022,"precision":"preserve_centroid"}},{"type":"Feature","geometry":{"type":"Point","coordinates":[-112.039987,33.512625]},"properties":{"incident_type":"check flooding condition","behavioral_cluster":"flash_flood_stranded","date":"2022-02-09","hour":2,"time_of_day_bucket":"night","is_weekend":false,"location_name":"51XX N 20TH ST","year":2022,"precision":"hundred_block"}},{"type":"Feature","geometry":{"type":"Point","coordinates":[-112.117197,33.620718]},"properties":{"incident_type":"check flooding condition","behavioral_cluster":"flash_flood_stranded","date":"2022-02-12","hour":13,"time_of_day_bucket":"day","is_weekend":true,"location_name":"148XX N BLACK CANYON HW","year":2022,"precision":"hundred_block"}},{"type":"Feature","geometry":{"type":"Point","coordinates":[-112.0197,33.5307]},"properties":{"incident_type":"mountain rescue","behavioral_cluster":"recreational_underequipped","date":"2022-02-14","hour":9,"time_of_day_bucket":"day","is_weekend":false,"location_name":"27XX E PIESTEWA PEAK DR","year":2022,"precision":"preserve_centroid"}},{"type":"Feature","geometry":{"type":"Point","coordinates":[-112.058514,33.64083]},"properties":{"incident_type":"check flooding condition","behavioral_cluster":"flash_flood_stranded","date":"2022-02-17","hour":20,"time_of_day_bucket":"dusk","is_weekend":false,"location_name":"11XX W BELL RD","year":2022,"precision":"hundred_block"}},{"type":"Feature","geometry":{"type":"Point","coordinates":[-112.0197,33.5307]},"properties":{"incident_type":"mountain rescue","behavioral_cluster":"recreational_underequipped","date":"2022-02-19","hour":12,"time_of_day_bucket":"day","is_weekend":true,"location_name":"27XX E PIESTEWA PEAK DR","year":2022,"precision":"preserve_centroid"}},{"type":"Feature","geometry":{"type":"Point","coordinates":[-112.204323,33.494994]},"properties":{"incident_type":"check flooding condition","behavioral_cluster":"flash_flood_stranded","date":"2022-02-19","hour":13,"time_of_day_bucket":"day","is_weekend":true,"location_name":"67XX W INDIAN SCHOOL RD","year":2022,"precision":"hundred_block"}},{"type":"Feature","geometry":{"type":"Point","coordinates":[-112.037926,33.596856]},"properties":{"incident_type":"mountain rescue","behavioral_cluster":"recreational_underequipped","date":"2022-02-19","hour":15,"time_of_day_bucket":"day","is_weekend":true,"location_name":"E CACTUS RD/N CAVE CREEK RD","year":2022,"precision":"intersection"}},{"type":"Feature","geometry":{"type":"Point","coordinates":[-112.048065,33.472728]},"properties":{"incident_type":"check flooding condition","behavioral_cluster":"flash_flood_stranded","date":"2022-03-02","hour":0,"time_of_day_bucket":"night","is_weekend":false,"location_name":"22XX N 16TH ST","year":2022,"precision":"hundred_block"}},{"type":"Feature","geometry":{"type":"Point","coordinates":[-112.048065,33.472728]},"properties":{"incident_type":"check flooding condition","behavioral_cluster":"flash_flood_stranded","date":"2022-03-02","hour":0,"time_of_day_bucket":"night","is_weekend":false,"location_name":"22XX N 16TH ST","year":2022,"precision":"hundred_block"}},{"type":"Feature","geometry":{"type":"Point","coordinates":[-111.982455,33.348915]},"properties":{"incident_type":"check flooding condition","behavioral_cluster":"flash_flood_stranded","date":"2022-03-02","hour":10,"time_of_day_bucket":"day","is_weekend":false,"location_name":"S 46TH PL/E ELLIOT RD","year":2022,"precision":"intersection"}},{"type":"Feature","geometry":{"type":"Point","coordinates":[-112.103437,33.502608]},"properties":{"incident_type":"check flooding condition","behavioral_cluster":"flash_flood_stranded","date":"2022-03-03","hour":1,"time_of_day_bucket":"night","is_weekend":false,"location_name":"20XX E CAMPBELL AV","year":2022,"precision":"hundred_block"}},{"type":"Feature","geometry":{"type":"Point","coordinates":[-112.099644,33.572241]},"properties":{"incident_type":"water rescue","behavioral_cluster":"flash_flood_stranded","date":"2022-03-03","hour":13,"time_of_day_bucket":"day","is_weekend":false,"location_name":"N 19TH AV/W HATCHER RD","year":2022,"precision":"intersection"}},{"type":"Feature","geometry":{"type":"Point","coordinates":[-112.118382,33.295563]},"properties":{"incident_type":"mountain rescue","behavioral_cluster":"recreational_underequipped","date":"2022-03-04","hour":11,"time_of_day_bucket":"day","is_weekend":false,"location_name":"S 27TH AV/W SHAUGHNESSEY RD","year":2022,"precision":"intersection"}},{"type":"Feature","geometry":{"type":"Point","coordinates":[-111.977276,33.52113]},"properties":{"incident_type":"mountain rescue","behavioral_cluster":"recreational_underequipped","date":"2022-03-05","hour":18,"time_of_day_bucket":"dusk","is_weekend":true,"location_name":"57XX N ECHO CANYON PW","year":2022,"precision":"hundred_block"}},{"type":"Feature","geometry":{"type":"Point","coordinates":[-112.09428,33.540165]},"properties":{"incident_type":"check flooding condition","behavioral_cluster":"flash_flood_stranded","date":"2022-03-10","hour":2,"time_of_day_bucket":"night","is_weekend":false,"location_name":"16XX W GLENDALE AV","year":2022,"precision":"hundred_block"}},{"type":"Feature","geometry":{"type":"Point","coordinates":[-112.152519,33.478038]},"properties":{"incident_type":"check flooding condition","behavioral_cluster":"flash_flood_stranded","date":"2022-03-11","hour":19,"time_of_day_bucket":"dusk","is_weekend":false,"location_name":"26XX N 43RD AV","year":2022,"precision":"hundred_block"}},{"type":"Feature","geometry":{"type":"Point","coordinates":[-111.992029,33.495201]},"properties":{"incident_type":"check flooding condition","behavioral_cluster":"flash_flood_stranded","date":"2022-03-12","hour":0,"time_of_day_bucket":"night","is_weekend":true,"location_name":"41XX E INDIAN SCHOOL RD","year":2022,"precision":"hundred_block"}},{"type":"Feature","geometry":{"type":"Point","coordinates":[-112.079551,33.396246]},"properties":{"incident_type":"check flooding condition","behavioral_cluster":"flash_flood_stranded","date":"2022-03-13","hour":12,"time_of_day_bucket":"day","is_weekend":true,"location_name":"4XX E SUNLAND AV","year":2022,"precision":"hundred_block"}},{"type":"Feature","geometry":{"type":"Point","coordinates":[-112.049142,33.763638]},"properties":{"incident_type":"mountain rescue","behavioral_cluster":"recreational_underequipped","date":"2022-03-16","hour":11,"time_of_day_bucket":"day","is_weekend":false,"location_name":"16XX E SONORAN DESERT DR","year":2022,"precision":"hundred_block"}},{"type":"Feature","geometry":{"type":"Point","coordinates":[-112.050482,33.582672]},"properties":{"incident_type":"check flooding condition","behavioral_cluster":"flash_flood_stranded","date":"2022-03-17","hour":21,"time_of_day_bucket":"night","is_weekend":false,"location_name":"14XX W PEORIA AV","year":2022,"precision":"hundred_block"}},{"type":"Feature","geometry":{"type":"Point","coordinates":[-112.049142,33.763638]},"properties":{"incident_type":"mountain rescue","behavioral_cluster":"recreational_underequipped","date":"2022-03-18","hour":10,"time_of_day_bucket":"day","is_weekend":false,"location_name":"16XX E SONORAN DESERT DR","year":2022,"precision":"hundred_block"}},{"type":"Feature","geometry":{"type":"Point","coordinates":[-112.129623,33.495336]},"properties":{"incident_type":"check flooding condition","behavioral_cluster":"flash_flood_stranded","date":"2022-03-18","hour":15,"time_of_day_bucket":"day","is_weekend":false,"location_name":"32XX W INDIAN SCHOOL RD","year":2022,"precision":"hundred_block"}},{"type":"Feature","geometry":{"type":"Point","coordinates":[-112.0197,33.5307]},"properties":{"incident_type":"mountain rescue","behavioral_cluster":"recreational_underequipped","date":"2022-03-20","hour":12,"time_of_day_bucket":"day","is_weekend":true,"location_name":"27XX E PIESTEWA PEAK DR","year":2022,"precision":"preserve_centroid"}},{"type":"Feature","geometry":{"type":"Point","coordinates":[-112.061461,33.640677]},"properties":{"incident_type":"check flooding condition","behavioral_cluster":"flash_flood_stranded","date":"2022-03-21","hour":3,"time_of_day_bucket":"night","is_weekend":false,"location_name":"8XX E BELL RD","year":2022,"precision":"hundred_block"}},{"type":"Feature","geometry":{"type":"Point","coordinates":[-112.116762,33.400224]},"properties":{"incident_type":"check flooding condition","behavioral_cluster":"flash_flood_stranded","date":"2022-03-21","hour":12,"time_of_day_bucket":"day","is_weekend":false,"location_name":"51XX N 27TH AV","year":2022,"precision":"hundred_block"}},{"type":"Feature","geometry":{"type":"Point","coordinates":[-111.996846,33.351399]},"properties":{"incident_type":"mountain rescue","behavioral_cluster":"recreational_underequipped","date":"2022-03-22","hour":11,"time_of_day_bucket":"day","is_weekend":false,"location_name":"S 40TH PL/E WESTERN STAR BL","year":2022,"precision":"intersection"}},{"type":"Feature","geometry":{"type":"Point","coordinates":[-111.936209,33.617394]},"properties":{"incident_type":"check flooding condition","behavioral_cluster":"flash_flood_stranded","date":"2022-03-24","hour":6,"time_of_day_bucket":"dawn","is_weekend":false,"location_name":"67XX E GELDING DR","year":2022,"precision":"hundred_block"}},{"type":"Feature","geometry":{"type":"Point","coordinates":[-112.0197,33.5307]},"properties":{"incident_type":"mountain rescue","behavioral_cluster":"recreational_underequipped","date":"2022-03-26","hour":13,"time_of_day_bucket":"day","is_weekend":true,"location_name":"27XX E PIESTEWA PEAK DR","year":2022,"precision":"preserve_centroid"}},{"type":"Feature","geometry":{"type":"Point","coordinates":[-112.042557,33.53616]},"properties":{"incident_type":"check flooding condition","behavioral_cluster":"flash_flood_stranded","date":"2022-03-27","hour":9,"time_of_day_bucket":"day","is_weekend":true,"location_name":"67XX N 17TH AV","year":2022,"precision":"hundred_block"}},{"type":"Feature","geometry":{"type":"Point","coordinates":[-112.0197,33.5307]},"properties":{"incident_type":"mountain rescue","behavioral_cluster":"recreational_underequipped","date":"2022-03-27","hour":10,"time_of_day_bucket":"day","is_weekend":true,"location_name":"27XX E PIESTEWA PEAK DR","year":2022,"precision":"preserve_centroid"}},{"type":"Feature","geometry":{"type":"Point","coordinates":[-112.047619,33.494706]},"properties":{"incident_type":"water rescue","behavioral_cluster":"flash_flood_stranded","date":"2022-03-30","hour":9,"time_of_day_bucket":"day","is_weekend":false,"location_name":"N 16TH ST/E INDIAN SCHOOL RD","year":2022,"precision":"intersection"}},{"type":"Feature","geometry":{"type":"Point","coordinates":[-112.0197,33.5307]},"properties":{"incident_type":"mountain rescue","behavioral_cluster":"recreational_underequipped","date":"2022-03-31","hour":7,"time_of_day_bucket":"dawn","is_weekend":false,"location_name":"27XX E PIESTEWA PEAK DR","year":2022,"precision":"preserve_centroid"}},{"type":"Feature","geometry":{"type":"Point","coordinates":[-111.960842,33.488946]},"properties":{"incident_type":"water rescue","behavioral_cluster":"flash_flood_stranded","date":"2022-04-01","hour":20,"time_of_day_bucket":"dusk","is_weekend":false,"location_name":"N 56TH ST/E INDIAN SCHOOL RD","year":2022,"precision":"intersection"}},{"type":"Feature","geometry":{"type":"Point","coordinates":[-111.996117,33.569163]},"properties":{"incident_type":"mountain rescue","behavioral_cluster":"recreational_underequipped","date":"2022-04-02","hour":15,"time_of_day_bucket":"day","is_weekend":true,"location_name":"90XX N 40TH ST","year":2022,"precision":"hundred_block"}},{"type":"Feature","geometry":{"type":"Point","coordinates":[-111.999942,33.568884]},"properties":{"incident_type":"mountain rescue","behavioral_cluster":"recreational_underequipped","date":"2022-04-07","hour":10,"time_of_day_bucket":"day","is_weekend":false,"location_name":"N 38TH ST/E DUNLAP AV","year":2022,"precision":"intersection"}},{"type":"Feature","geometry":{"type":"Point","coordinates":[-111.999942,33.568884]},"properties":{"incident_type":"mountain rescue","behavioral_cluster":"recreational_underequipped","date":"2022-04-08","hour":11,"time_of_day_bucket":"day","is_weekend":false,"location_name":"N 38TH ST/E DUNLAP AV","year":2022,"precision":"intersection"}},{"type":"Feature","geometry":{"type":"Point","coordinates":[-112.129623,33.495336]},"properties":{"incident_type":"check flooding condition","behavioral_cluster":"flash_flood_stranded","date":"2022-04-10","hour":15,"time_of_day_bucket":"day","is_weekend":true,"location_name":"32XX W INDIAN SCHOOL RD","year":2022,"precision":"hundred_block"}},{"type":"Feature","geometry":{"type":"Point","coordinates":[-112.095639,33.509556]},"properties":{"incident_type":"check flooding condition","behavioral_cluster":"flash_flood_stranded","date":"2022-04-11","hour":2,"time_of_day_bucket":"night","is_weekend":false,"location_name":"N 17TH AV/W CAMELBACK RD","year":2022,"precision":"intersection"}},{"type":"Feature","geometry":{"type":"Point","coordinates":[-112.0197,33.5307]},"properties":{"incident_type":"mountain rescue","behavioral_cluster":"recreational_underequipped","date":"2022-04-14","hour":20,"time_of_day_bucket":"dusk","is_weekend":false,"location_name":"27XX E PIESTEWA PEAK DR","year":2022,"precision":"preserve_centroid"}},{"type":"Feature","geometry":{"type":"Point","coordinates":[-112.116901,33.52401]},"properties":{"incident_type":"check flooding condition","behavioral_cluster":"flash_flood_stranded","date":"2022-04-18","hour":3,"time_of_day_bucket":"night","is_weekend":false,"location_name":"N 27TH AV/W BETHANY HOME RD","year":2022,"precision":"intersection"}},{"type":"Feature","geometry":{"type":"Point","coordinates":[-111.977276,33.52113]},"properties":{"incident_type":"mountain rescue","behavioral_cluster":"recreational_underequipped","date":"2022-04-20","hour":8,"time_of_day_bucket":"dawn","is_weekend":false,"location_name":"57XX N ECHO CANYON PW","year":2022,"precision":"hundred_block"}},{"type":"Feature","geometry":{"type":"Point","coordinates":[-112.172004,33.482304]},"properties":{"incident_type":"check flooding condition","behavioral_cluster":"flash_flood_stranded","date":"2022-04-21","hour":18,"time_of_day_bucket":"dusk","is_weekend":false,"location_name":"29XX N 52ND ST","year":2022,"precision":"hundred_block"}},{"type":"Feature","geometry":{"type":"Point","coordinates":[-112.0197,33.5307]},"properties":{"incident_type":"mountain rescue","behavioral_cluster":"recreational_underequipped","date":"2022-04-22","hour":14,"time_of_day_bucket":"day","is_weekend":false,"location_name":"27XX E PIESTEWA PEAK DR","year":2022,"precision":"preserve_centroid"}},{"type":"Feature","geometry":{"type":"Point","coordinates":[-111.991855,33.345909]},"properties":{"incident_type":"mountain rescue","behavioral_cluster":"recreational_underequipped","date":"2022-04-25","hour":8,"time_of_day_bucket":"dawn","is_weekend":false,"location_name":"E WALATOWA ST/S WARNER ELLIOT LP","year":2022,"precision":"intersection"}},{"type":"Feature","geometry":{"type":"Point","coordinates":[-112.100737,33.711471]},"properties":{"incident_type":"check flooding condition","behavioral_cluster":"flash_flood_stranded","date":"2022-04-25","hour":13,"time_of_day_bucket":"day","is_weekend":false,"location_name":"248XX N 19TH AV","year":2022,"precision":"hundred_block"}},{"type":"Feature","geometry":{"type":"Point","coordinates":[-112.076496,33.490782]},"properties":{"incident_type":"check flooding condition","behavioral_cluster":"flash_flood_stranded","date":"2022-04-29","hour":3,"time_of_day_bucket":"night","is_weekend":false,"location_name":"N 2ND AV/W WELDON AV","year":2022,"precision":"intersection"}},{"type":"Feature","geometry":{"type":"Point","coordinates":[-112.106115,33.608304]},"properties":{"incident_type":"check flooding condition","behavioral_cluster":"flash_flood_stranded","date":"2022-04-29","hour":22,"time_of_day_bucket":"night","is_weekend":false,"location_name":"21XX E EUGIE TE","year":2022,"precision":"hundred_block"}},{"type":"Feature","geometry":{"type":"Point","coordinates":[-111.986451,33.604011]},"properties":{"incident_type":"check flooding condition","behavioral_cluster":"flash_flood_stranded","date":"2022-04-29","hour":22,"time_of_day_bucket":"night","is_weekend":false,"location_name":"45XX E CACTUS RD","year":2022,"precision":"hundred_block"}},{"type":"Feature","geometry":{"type":"Point","coordinates":[-112.066218,33.495219]},"properties":{"incident_type":"check flooding condition","behavioral_cluster":"flash_flood_stranded","date":"2022-05-01","hour":6,"time_of_day_bucket":"dawn","is_weekend":true,"location_name":"6XX E INDIAN SCHOOL RD","year":2022,"precision":"hundred_block"}},{"type":"Feature","geometry":{"type":"Point","coordinates":[-112.066717,33.598575]},"properties":{"incident_type":"mountain rescue","behavioral_cluster":"recreational_underequipped","date":"2022-05-01","hour":7,"time_of_day_bucket":"dawn","is_weekend":true,"location_name":"129XX N 7TH ST","year":2022,"precision":"hundred_block"}},{"type":"Feature","geometry":{"type":"Point","coordinates":[-112.066294,33.433164]},"properties":{"incident_type":"check flooding condition","behavioral_cluster":"flash_flood_stranded","date":"2022-05-04","hour":4,"time_of_day_bucket":"night","is_weekend":false,"location_name":"S 6TH ST/E PIMA ST","year":2022,"precision":"intersection"}},{"type":"Feature","geometry":{"type":"Point","coordinates":[-111.985331,33.76728]},"properties":{"incident_type":"check flooding condition","behavioral_cluster":"flash_flood_stranded","date":"2022-05-12","hour":10,"time_of_day_bucket":"day","is_weekend":false,"location_name":"44XX E RANCHO CALIENTE DR","year":2022,"precision":"hundred_block"}},{"type":"Feature","geometry":{"type":"Point","coordinates":[-112.091288,33.498576]},"properties":{"incident_type":"water rescue","behavioral_cluster":"flash_flood_stranded","date":"2022-05-13","hour":11,"time_of_day_bucket":"day","is_weekend":false,"location_name":"N 15TH AV/W GLENROSA AV","year":2022,"precision":"intersection"}},{"type":"Feature","geometry":{"type":"Point","coordinates":[-112.048101,33.531309]},"properties":{"incident_type":"check flooding condition","behavioral_cluster":"flash_flood_stranded","date":"2022-05-14","hour":9,"time_of_day_bucket":"day","is_weekend":true,"location_name":"15XX E MARYLAND AV","year":2022,"precision":"hundred_block"}},{"type":"Feature","geometry":{"type":"Point","coordinates":[-112.0197,33.5307]},"properties":{"incident_type":"mountain rescue","behavioral_cluster":"recreational_underequipped","date":"2022-05-15","hour":14,"time_of_day_bucket":"day","is_weekend":true,"location_name":"27XX E PIESTEWA PEAK DR","year":2022,"precision":"preserve_centroid"}},{"type":"Feature","geometry":{"type":"Point","coordinates":[-112.044263,33.53877]},"properties":{"incident_type":"check flooding condition","behavioral_cluster":"flash_flood_stranded","date":"2022-05-18","hour":9,"time_of_day_bucket":"day","is_weekend":false,"location_name":"17XX W GLENDALE AV","year":2022,"precision":"hundred_block"}},{"type":"Feature","geometry":{"type":"Point","coordinates":[-112.025934,33.473052]},"properties":{"incident_type":"water rescue","behavioral_cluster":"flash_flood_stranded","date":"2022-05-18","hour":19,"time_of_day_bucket":"dusk","is_weekend":false,"location_name":"N 26TH ST/E OAK ST","year":2022,"precision":"intersection"}},{"type":"Feature","geometry":{"type":"Point","coordinates":[-112.128142,33.458922]},"properties":{"incident_type":"check flooding condition","behavioral_cluster":"flash_flood_stranded","date":"2022-05-20","hour":3,"time_of_day_bucket":"night","is_weekend":false,"location_name":"32XX E ROOSEVELT ST","year":2022,"precision":"hundred_block"}},{"type":"Feature","geometry":{"type":"Point","coordinates":[-112.100369,33.600195]},"properties":{"incident_type":"check flooding condition","behavioral_cluster":"flash_flood_stranded","date":"2022-05-20","hour":19,"time_of_day_bucket":"dusk","is_weekend":false,"location_name":"N 19TH AV/W LARKSPUR DR","year":2022,"precision":"intersection"}},{"type":"Feature","geometry":{"type":"Point","coordinates":[-112.066717,33.598575]},"properties":{"incident_type":"mountain rescue","behavioral_cluster":"recreational_underequipped","date":"2022-05-22","hour":11,"time_of_day_bucket":"day","is_weekend":true,"location_name":"129XX N 7TH ST","year":2022,"precision":"hundred_block"}},{"type":"Feature","geometry":{"type":"Point","coordinates":[-112.018797,33.571872]},"properties":{"incident_type":"check flooding condition","behavioral_cluster":"flash_flood_stranded","date":"2022-05-24","hour":19,"time_of_day_bucket":"dusk","is_weekend":false,"location_name":"92XX N 29TH AV","year":2022,"precision":"hundred_block"}},{"type":"Feature","geometry":{"type":"Point","coordinates":[-112.054248,33.465744]},"properties":{"incident_type":"check flooding condition","behavioral_cluster":"flash_flood_stranded","date":"2022-05-25","hour":6,"time_of_day_bucket":"dawn","is_weekend":false,"location_name":"N 13TH ST/E MCDOWELL RD","year":2022,"precision":"intersection"}},{"type":"Feature","geometry":{"type":"Point","coordinates":[-112.136539,33.567939]},"properties":{"incident_type":"check flooding condition","behavioral_cluster":"flash_flood_stranded","date":"2022-05-30","hour":9,"time_of_day_bucket":"day","is_weekend":false,"location_name":"35XX W DUNLAP AV","year":2022,"precision":"hundred_block"}},{"type":"Feature","geometry":{"type":"Point","coordinates":[-112.050437,33.679863]},"properties":{"incident_type":"mountain rescue","behavioral_cluster":"recreational_underequipped","date":"2022-05-31","hour":7,"time_of_day_bucket":"dawn","is_weekend":false,"location_name":"212XX N 17TH PL","year":2022,"precision":"hundred_block"}},{"type":"Feature","geometry":{"type":"Point","coordinates":[-112.114653,33.779664]},"properties":{"incident_type":"check flooding condition","behavioral_cluster":"flash_flood_stranded","date":"2022-06-03","hour":15,"time_of_day_bucket":"day","is_weekend":false,"location_name":"326XX N NORTH VALLEY PW","year":2022,"precision":"hundred_block"}},{"type":"Feature","geometry":{"type":"Point","coordinates":[-112.121743,33.538554]},"properties":{"incident_type":"check flooding condition","behavioral_cluster":"flash_flood_stranded","date":"2022-06-08","hour":7,"time_of_day_bucket":"dawn","is_weekend":false,"location_name":"N 29TH AV/W GLENDALE AV","year":2022,"precision":"intersection"}},{"type":"Feature","geometry":{"type":"Point","coordinates":[-112.01842,33.495287]},"properties":{"incident_type":"check flooding condition","behavioral_cluster":"flash_flood_stranded","date":"2022-06-08","hour":13,"time_of_day_bucket":"day","is_weekend":false,"location_name":"29XX E INDIAN SCHOOL RD","year":2022,"precision":"hundred_block"}},{"type":"Feature","geometry":{"type":"Point","coordinates":[-111.99573,33.582753]},"properties":{"incident_type":"mountain rescue","behavioral_cluster":"recreational_underequipped","date":"2022-06-10","hour":11,"time_of_day_bucket":"day","is_weekend":false,"location_name":"N 40TH ST/E SHEA BL","year":2022,"precision":"intersection"}},{"type":"Feature","geometry":{"type":"Point","coordinates":[-112.000707,33.485652]},"properties":{"incident_type":"check flooding condition","behavioral_cluster":"flash_flood_stranded","date":"2022-06-11","hour":1,"time_of_day_bucket":"night","is_weekend":true,"location_name":"31XX N 38TH DR","year":2022,"precision":"hundred_block"}},{"type":"Feature","geometry":{"type":"Point","coordinates":[-112.044263,33.53877]},"properties":{"incident_type":"check flooding condition","behavioral_cluster":"flash_flood_stranded","date":"2022-06-14","hour":18,"time_of_day_bucket":"dusk","is_weekend":false,"location_name":"17XX W GLENDALE AV","year":2022,"precision":"hundred_block"}},{"type":"Feature","geometry":{"type":"Point","coordinates":[-112.026,33.546]},"properties":{"incident_type":"check flooding condition","behavioral_cluster":"flash_flood_stranded","date":"2022-06-15","hour":16,"time_of_day_bucket":"day","is_weekend":false,"location_name":"73XX N DREAMY DRAW DR","year":2022,"precision":"preserve_centroid"}},{"type":"Feature","geometry":{"type":"Point","coordinates":[-112.07277,33.451623]},"properties":{"incident_type":"check flooding condition","behavioral_cluster":"flash_flood_stranded","date":"2022-06-18","hour":21,"time_of_day_bucket":"night","is_weekend":true,"location_name":"XX W VAN BUREN ST","year":2022,"precision":"hundred_block"}},{"type":"Feature","geometry":{"type":"Point","coordinates":[-112.084938,33.388848]},"properties":{"incident_type":"check flooding condition","behavioral_cluster":"flash_flood_stranded","date":"2022-06-20","hour":11,"time_of_day_bucket":"day","is_weekend":false,"location_name":"9XX W ALTA VISTA RD","year":2022,"precision":"hundred_block"}},{"type":"Feature","geometry":{"type":"Point","coordinates":[-112.073891,33.562008]},"properties":{"incident_type":"water rescue","behavioral_cluster":"flash_flood_stranded","date":"2022-06-23","hour":10,"time_of_day_bucket":"day","is_weekend":false,"location_name":"N CENTRAL AV/W ORCHID LN","year":2022,"precision":"intersection"}},{"type":"Feature","geometry":{"type":"Point","coordinates":[-112.0197,33.5307]},"properties":{"incident_type":"mountain rescue","behavioral_cluster":"recreational_underequipped","date":"2022-06-24","hour":7,"time_of_day_bucket":"dawn","is_weekend":false,"location_name":"27XX E PIESTEWA PEAK DR","year":2022,"precision":"preserve_centroid"}},{"type":"Feature","geometry":{"type":"Point","coordinates":[-112.044263,33.53877]},"properties":{"incident_type":"check flooding condition","behavioral_cluster":"flash_flood_stranded","date":"2022-06-25","hour":21,"time_of_day_bucket":"night","is_weekend":true,"location_name":"17XX W GLENDALE AV","year":2022,"precision":"hundred_block"}},{"type":"Feature","geometry":{"type":"Point","coordinates":[-112.04109,33.54453]},"properties":{"incident_type":"check flooding condition","behavioral_cluster":"flash_flood_stranded","date":"2022-06-26","hour":11,"time_of_day_bucket":"day","is_weekend":true,"location_name":"18XX E MORTEN AV","year":2022,"precision":"hundred_block"}},{"type":"Feature","geometry":{"type":"Point","coordinates":[-112.058779,33.342237]},"properties":{"incident_type":"mountain rescue","behavioral_cluster":"recreational_underequipped","date":"2022-07-02","hour":13,"time_of_day_bucket":"day","is_weekend":true,"location_name":"S SUMMIT RD/S TELEGRAPH PASS RD","year":2022,"precision":"intersection"}},{"type":"Feature","geometry":{"type":"Point","coordinates":[-112.100881,33.613281]},"properties":{"incident_type":"check flooding condition","behavioral_cluster":"flash_flood_stranded","date":"2022-07-03","hour":21,"time_of_day_bucket":"night","is_weekend":true,"location_name":"138XX N 19TH AV","year":2022,"precision":"hundred_block"}},{"type":"Feature","geometry":{"type":"Point","coordinates":[-112.047619,33.494706]},"properties":{"incident_type":"check flooding condition","behavioral_cluster":"flash_flood_stranded","date":"2022-07-04","hour":7,"time_of_day_bucket":"dawn","is_weekend":false,"location_name":"N 16TH ST/E INDIAN SCHOOL RD","year":2022,"precision":"intersection"}},{"type":"Feature","geometry":{"type":"Point","coordinates":[-112.0197,33.5307]},"properties":{"incident_type":"mountain rescue","behavioral_cluster":"recreational_underequipped","date":"2022-07-04","hour":7,"time_of_day_bucket":"dawn","is_weekend":false,"location_name":"27XX E PIESTEWA PEAK DR","year":2022,"precision":"preserve_centroid"}},{"type":"Feature","geometry":{"type":"Point","coordinates":[-112.078093,33.453693]},"properties":{"incident_type":"check flooding condition","behavioral_cluster":"flash_flood_stranded","date":"2022-07-04","hour":8,"time_of_day_bucket":"dawn","is_weekend":false,"location_name":"3XX N 3RD AV","year":2022,"precision":"hundred_block"}},{"type":"Feature","geometry":{"type":"Point","coordinates":[-111.928775,33.495129]},"properties":{"incident_type":"check flooding condition","behavioral_cluster":"flash_flood_stranded","date":"2022-07-04","hour":14,"time_of_day_bucket":"day","is_weekend":false,"location_name":"70XX W INDIAN SCHOOL RD","year":2022,"precision":"hundred_block"}},{"type":"Feature","geometry":{"type":"Point","coordinates":[-111.761905,33.466383]},"properties":{"incident_type":"water rescue","behavioral_cluster":"flash_flood_stranded","date":"2022-07-05","hour":5,"time_of_day_bucket":"dawn","is_weekend":false,"location_name":"N 32ND ST/E MCDOWELL RD","year":2022,"precision":"intersection"}},{"type":"Feature","geometry":{"type":"Point","coordinates":[-112.136085,33.582339]},"properties":{"incident_type":"check flooding condition","behavioral_cluster":"flash_flood_stranded","date":"2022-07-05","hour":22,"time_of_day_bucket":"night","is_weekend":false,"location_name":"35XX W PEORIA AV","year":2022,"precision":"hundred_block"}},{"type":"Feature","geometry":{"type":"Point","coordinates":[-112.007088,33.498666]},"properties":{"incident_type":"check flooding condition","behavioral_cluster":"flash_flood_stranded","date":"2022-07-06","hour":19,"time_of_day_bucket":"dusk","is_weekend":false,"location_name":"42XX N 35TH AV","year":2022,"precision":"hundred_block"}},{"type":"Feature","geometry":{"type":"Point","coordinates":[-112.065426,33.541236]},"properties":{"incident_type":"check flooding condition","behavioral_cluster":"flash_flood_stranded","date":"2022-07-08","hour":17,"time_of_day_bucket":"dusk","is_weekend":false,"location_name":"71XX S 7TH LN","year":2022,"precision":"hundred_block"}},{"type":"Feature","geometry":{"type":"Point","coordinates":[-112.095639,33.501357]},"properties":{"incident_type":"water rescue","behavioral_cluster":"flash_flood_stranded","date":"2022-07-09","hour":23,"time_of_day_bucket":"night","is_weekend":true,"location_name":"N 17TH AV/W ROMA AV","year":2022,"precision":"intersection"}},{"type":"Feature","geometry":{"type":"Point","coordinates":[-112.0197,33.5307]},"properties":{"incident_type":"mountain rescue","behavioral_cluster":"recreational_underequipped","date":"2022-07-10","hour":12,"time_of_day_bucket":"day","is_weekend":true,"location_name":"27XX E PIESTEWA PEAK DR","year":2022,"precision":"preserve_centroid"}},{"type":"Feature","geometry":{"type":"Point","coordinates":[-112.203725,33.437205]},"properties":{"incident_type":"water rescue","behavioral_cluster":"flash_flood_stranded","date":"2022-07-11","hour":7,"time_of_day_bucket":"dawn","is_weekend":false,"location_name":"S 67TH AV/W BUCKEYE RD","year":2022,"precision":"intersection"}},{"type":"Feature","geometry":{"type":"Point","coordinates":[-112.108703,33.49323]},"properties":{"incident_type":"water rescue","behavioral_cluster":"flash_flood_stranded","date":"2022-07-11","hour":11,"time_of_day_bucket":"day","is_weekend":false,"location_name":"N 23RD AV/W FAIRMOUNT AV","year":2022,"precision":"intersection"}},{"type":"Feature","geometry":{"type":"Point","coordinates":[-112.118189,33.588027]},"properties":{"incident_type":"water rescue","behavioral_cluster":"flash_flood_stranded","date":"2022-07-11","hour":14,"time_of_day_bucket":"day","is_weekend":false,"location_name":"110XX N BILTMORE DR","year":2022,"precision":"hundred_block"}},{"type":"Feature","geometry":{"type":"Point","coordinates":[-111.982873,33.510924]},"properties":{"incident_type":"check flooding condition","behavioral_cluster":"flash_flood_stranded","date":"2022-07-12","hour":9,"time_of_day_bucket":"day","is_weekend":false,"location_name":"44XX E CAMELBACK RD","year":2022,"precision":"hundred_block"}},{"type":"Feature","geometry":{"type":"Point","coordinates":[-112.0197,33.5307]},"properties":{"incident_type":"mountain rescue","behavioral_cluster":"recreational_underequipped","date":"2022-07-14","hour":11,"time_of_day_bucket":"day","is_weekend":false,"location_name":"27XX E PIESTEWA PEAK DR","year":2022,"precision":"preserve_centroid"}},{"type":"Feature","geometry":{"type":"Point","coordinates":[-112.0197,33.5307]},"properties":{"incident_type":"mountain rescue","behavioral_cluster":"recreational_underequipped","date":"2022-07-18","hour":6,"time_of_day_bucket":"dawn","is_weekend":false,"location_name":"27XX E PIESTEWA PEAK DR","year":2022,"precision":"preserve_centroid"}},{"type":"Feature","geometry":{"type":"Point","coordinates":[-111.977964,33.64101]},"properties":{"incident_type":"check flooding condition","behavioral_cluster":"flash_flood_stranded","date":"2022-07-19","hour":1,"time_of_day_bucket":"night","is_weekend":false,"location_name":"47XX E BELL RD","year":2022,"precision":"hundred_block"}},{"type":"Feature","geometry":{"type":"Point","coordinates":[-112.095707,33.572943]},"properties":{"incident_type":"check flooding condition","behavioral_cluster":"flash_flood_stranded","date":"2022-07-19","hour":7,"time_of_day_bucket":"dawn","is_weekend":false,"location_name":"94XX N 17TH AV","year":2022,"precision":"hundred_block"}},{"type":"Feature","geometry":{"type":"Point","coordinates":[-112.106565,33.392619]},"properties":{"incident_type":"check flooding condition","behavioral_cluster":"flash_flood_stranded","date":"2022-07-23","hour":17,"time_of_day_bucket":"dusk","is_weekend":true,"location_name":"22XX W SOUTHERN AV","year":2022,"precision":"hundred_block"}},{"type":"Feature","geometry":{"type":"Point","coordinates":[-111.761905,33.466383]},"properties":{"incident_type":"water rescue","behavioral_cluster":"flash_flood_stranded","date":"2022-07-24","hour":14,"time_of_day_bucket":"day","is_weekend":true,"location_name":"N 32ND ST/E MCDOWELL RD","year":2022,"precision":"intersection"}},{"type":"Feature","geometry":{"type":"Point","coordinates":[-111.996356,33.37857]},"properties":{"incident_type":"check flooding condition","behavioral_cluster":"flash_flood_stranded","date":"2022-07-25","hour":12,"time_of_day_bucket":"day","is_weekend":false,"location_name":"39XX E BASELINE RD","year":2022,"precision":"hundred_block"}},{"type":"Feature","geometry":{"type":"Point","coordinates":[-112.082652,33.582159]},"properties":{"incident_type":"mountain rescue","behavioral_cluster":"recreational_underequipped","date":"2022-07-26","hour":8,"time_of_day_bucket":"dawn","is_weekend":false,"location_name":"N 7TH AV/W PEORIA AV","year":2022,"precision":"intersection"}},{"type":"Feature","geometry":{"type":"Point","coordinates":[-112.036347,33.610752]},"properties":{"incident_type":"mountain rescue","behavioral_cluster":"recreational_underequipped","date":"2022-07-26","hour":21,"time_of_day_bucket":"night","is_weekend":false,"location_name":"136XX N CAVE CREEK RD","year":2022,"precision":"hundred_block"}},{"type":"Feature","geometry":{"type":"Point","coordinates":[-112.0197,33.5307]},"properties":{"incident_type":"mountain rescue","behavioral_cluster":"recreational_underequipped","date":"2022-07-27","hour":9,"time_of_day_bucket":"day","is_weekend":false,"location_name":"27XX E PIESTEWA PEAK DR","year":2022,"precision":"preserve_centroid"}},{"type":"Feature","geometry":{"type":"Point","coordinates":[-111.981151,33.605178]},"properties":{"incident_type":"check flooding condition","behavioral_cluster":"flash_flood_stranded","date":"2022-07-28","hour":6,"time_of_day_bucket":"dawn","is_weekend":false,"location_name":"46XX E PARADISE VILLAGE PW N","year":2022,"precision":"hundred_block"}},{"type":"Feature","geometry":{"type":"Point","coordinates":[-112.061461,33.640677]},"properties":{"incident_type":"check flooding condition","behavioral_cluster":"flash_flood_stranded","date":"2022-07-29","hour":5,"time_of_day_bucket":"dawn","is_weekend":false,"location_name":"8XX E BELL RD","year":2022,"precision":"hundred_block"}},{"type":"Feature","geometry":{"type":"Point","coordinates":[-112.015224,33.370074]},"properties":{"incident_type":"mountain rescue","behavioral_cluster":"recreational_underequipped","date":"2022-07-30","hour":15,"time_of_day_bucket":"day","is_weekend":true,"location_name":"S 31ST WY/E CALDWELL ST","year":2022,"precision":"intersection"}},{"type":"Feature","geometry":{"type":"Point","coordinates":[-112.050085,33.784632]},"properties":{"incident_type":"water rescue","behavioral_cluster":"flash_flood_stranded","date":"2022-07-30","hour":20,"time_of_day_bucket":"dusk","is_weekend":true,"location_name":"N 15TH ST/E DOVE VALLEY RD","year":2022,"precision":"intersection"}},{"type":"Feature","geometry":{"type":"Point","coordinates":[-112.082823,33.632946]},"properties":{"incident_type":"water rescue","behavioral_cluster":"flash_flood_stranded","date":"2022-07-30","hour":20,"time_of_day_bucket":"dusk","is_weekend":true,"location_name":"N 7TH AV/W GREENWAY PW","year":2022,"precision":"intersection"}},{"type":"Feature","geometry":{"type":"Point","coordinates":[-112.105962,33.495237]},"properties":{"incident_type":"check flooding condition","behavioral_cluster":"flash_flood_stranded","date":"2022-07-31","hour":2,"time_of_day_bucket":"night","is_weekend":true,"location_name":"21XX W INDIAN SCHOOL RD","year":2022,"precision":"hundred_block"}},{"type":"Feature","geometry":{"type":"Point","coordinates":[-112.101107,33.770115]},"properties":{"incident_type":"mountain rescue","behavioral_cluster":"recreational_underequipped","date":"2022-07-31","hour":9,"time_of_day_bucket":"day","is_weekend":true,"location_name":"N PALOMA PW/W SONORAN DESERT DR","year":2022,"precision":"intersection"}},{"type":"Feature","geometry":{"type":"Point","coordinates":[-112.076735,33.453198]},"properties":{"incident_type":"check flooding condition","behavioral_cluster":"flash_flood_stranded","date":"2022-07-31","hour":14,"time_of_day_bucket":"day","is_weekend":true,"location_name":"3XX S 2ND AV","year":2022,"precision":"hundred_block"}},{"type":"Feature","geometry":{"type":"Point","coordinates":[-111.993206,33.593868]},"properties":{"incident_type":"check flooding condition","behavioral_cluster":"flash_flood_stranded","date":"2022-08-06","hour":5,"time_of_day_bucket":"dawn","is_weekend":true,"location_name":"116XX N 40TH WY","year":2022,"precision":"hundred_block"}},{"type":"Feature","geometry":{"type":"Point","coordinates":[-112.0197,33.5307]},"properties":{"incident_type":"mountain rescue","behavioral_cluster":"recreational_underequipped","date":"2022-08-06","hour":10,"time_of_day_bucket":"day","is_weekend":true,"location_name":"27XX E PIESTEWA PEAK DR","year":2022,"precision":"preserve_centroid"}},{"type":"Feature","geometry":{"type":"Point","coordinates":[-112.0197,33.5307]},"properties":{"incident_type":"mountain rescue","behavioral_cluster":"recreational_underequipped","date":"2022-08-08","hour":12,"time_of_day_bucket":"day","is_weekend":false,"location_name":"27XX E PIESTEWA PEAK DR","year":2022,"precision":"preserve_centroid"}},{"type":"Feature","geometry":{"type":"Point","coordinates":[-111.966867,33.763851]},"properties":{"incident_type":"check flooding condition","behavioral_cluster":"flash_flood_stranded","date":"2022-08-13","hour":4,"time_of_day_bucket":"night","is_weekend":true,"location_name":"52XX E MONTGOMERY RD","year":2022,"precision":"hundred_block"}},{"type":"Feature","geometry":{"type":"Point","coordinates":[-112.045599,33.515082]},"properties":{"incident_type":"check flooding condition","behavioral_cluster":"flash_flood_stranded","date":"2022-08-18","hour":22,"time_of_day_bucket":"night","is_weekend":false,"location_name":"16XX E GEORGIA AV","year":2022,"precision":"hundred_block"}},{"type":"Feature","geometry":{"type":"Point","coordinates":[-112.0197,33.5307]},"properties":{"incident_type":"mountain rescue","behavioral_cluster":"recreational_underequipped","date":"2022-08-20","hour":15,"time_of_day_bucket":"day","is_weekend":true,"location_name":"27XX E PIESTEWA PEAK DR","year":2022,"precision":"preserve_centroid"}},{"type":"Feature","geometry":{"type":"Point","coordinates":[-112.101251,33.570045]},"properties":{"incident_type":"check flooding condition","behavioral_cluster":"flash_flood_stranded","date":"2022-08-24","hour":0,"time_of_day_bucket":"night","is_weekend":false,"location_name":"19XX W DUNLAP AV","year":2022,"precision":"hundred_block"}},{"type":"Feature","geometry":{"type":"Point","coordinates":[-112.0197,33.5307]},"properties":{"incident_type":"mountain rescue","behavioral_cluster":"recreational_underequipped","date":"2022-08-24","hour":18,"time_of_day_bucket":"dusk","is_weekend":false,"location_name":"27XX E PIESTEWA PEAK DR","year":2022,"precision":"preserve_centroid"}},{"type":"Feature","geometry":{"type":"Point","coordinates":[-112.0197,33.5307]},"properties":{"incident_type":"mountain rescue","behavioral_cluster":"recreational_underequipped","date":"2022-08-25","hour":8,"time_of_day_bucket":"dawn","is_weekend":false,"location_name":"27XX E PIESTEWA PEAK DR","year":2022,"precision":"preserve_centroid"}},{"type":"Feature","geometry":{"type":"Point","coordinates":[-111.989155,33.355737]},"properties":{"incident_type":"mountain rescue","behavioral_cluster":"recreational_underequipped","date":"2022-08-28","hour":6,"time_of_day_bucket":"dawn","is_weekend":true,"location_name":"S 43RD CT/E OLNEY DR","year":2022,"precision":"intersection"}},{"type":"Feature","geometry":{"type":"Point","coordinates":[-112.172004,33.482304]},"properties":{"incident_type":"check flooding condition","behavioral_cluster":"flash_flood_stranded","date":"2022-08-28","hour":22,"time_of_day_bucket":"night","is_weekend":true,"location_name":"29XX N 52ND ST","year":2022,"precision":"hundred_block"}},{"type":"Feature","geometry":{"type":"Point","coordinates":[-112.003089,33.495345]},"properties":{"incident_type":"check flooding condition","behavioral_cluster":"flash_flood_stranded","date":"2022-09-03","hour":20,"time_of_day_bucket":"dusk","is_weekend":true,"location_name":"36XX E INDIAN SCHOOL RD","year":2022,"precision":"hundred_block"}},{"type":"Feature","geometry":{"type":"Point","coordinates":[-112.144095,33.663672]},"properties":{"incident_type":"mountain rescue","behavioral_cluster":"recreational_underequipped","date":"2022-09-05","hour":16,"time_of_day_bucket":"day","is_weekend":false,"location_name":"N 39TH DR/W ORAIBI DR","year":2022,"precision":"intersection"}},{"type":"Feature","geometry":{"type":"Point","coordinates":[-112.082288,33.466113]},"properties":{"incident_type":"check flooding condition","behavioral_cluster":"flash_flood_stranded","date":"2022-09-07","hour":16,"time_of_day_bucket":"day","is_weekend":false,"location_name":"5XX E MCDOWELL RD","year":2022,"precision":"hundred_block"}},{"type":"Feature","geometry":{"type":"Point","coordinates":[-112.104103,33.715656]},"properties":{"incident_type":"check flooding condition","behavioral_cluster":"flash_flood_stranded","date":"2022-09-09","hour":1,"time_of_day_bucket":"night","is_weekend":false,"location_name":"20XX W DESERT HOLLOW DR","year":2022,"precision":"hundred_block"}},{"type":"Feature","geometry":{"type":"Point","coordinates":[-112.083093,33.727563]},"properties":{"incident_type":"mountain rescue","behavioral_cluster":"recreational_underequipped","date":"2022-09-11","hour":17,"time_of_day_bucket":"dusk","is_weekend":true,"location_name":"N 7TH LN/W BONANZA LN","year":2022,"precision":"intersection"}},{"type":"Feature","geometry":{"type":"Point","coordinates":[-112.074534,33.611958]},"properties":{"incident_type":"water rescue","behavioral_cluster":"flash_flood_stranded","date":"2022-09-11","hour":22,"time_of_day_bucket":"night","is_weekend":true,"location_name":"W BOCA RATON RD/N CANTERBURY DR","year":2022,"precision":"intersection"}},{"type":"Feature","geometry":{"type":"Point","coordinates":[-112.109431,33.493194]},"properties":{"incident_type":"water rescue","behavioral_cluster":"flash_flood_stranded","date":"2022-09-12","hour":4,"time_of_day_bucket":"night","is_weekend":false,"location_name":"N 23RD DR/W FAIRMOUNT AV","year":2022,"precision":"intersection"}},{"type":"Feature","geometry":{"type":"Point","coordinates":[-112.117194,33.422364]},"properties":{"incident_type":"water rescue","behavioral_cluster":"flash_flood_stranded","date":"2022-09-12","hour":11,"time_of_day_bucket":"day","is_weekend":false,"location_name":"S 27TH AV/W LOWER BUCKEYE RD","year":2022,"precision":"intersection"}},{"type":"Feature","geometry":{"type":"Point","coordinates":[-112.087125,33.341904]},"properties":{"incident_type":"mountain rescue","behavioral_cluster":"recreational_underequipped","date":"2022-09-15","hour":18,"time_of_day_bucket":"dusk","is_weekend":false,"location_name":"S RAMADAS CI/S STEPHEN MATHER DR","year":2022,"precision":"intersection"}},{"type":"Feature","geometry":{"type":"Point","coordinates":[-112.195125,33.490746]},"properties":{"incident_type":"water rescue","behavioral_cluster":"flash_flood_stranded","date":"2022-09-18","hour":16,"time_of_day_bucket":"day","is_weekend":true,"location_name":"N 63RD AV/W CLARENDON AV","year":2022,"precision":"intersection"}},{"type":"Feature","geometry":{"type":"Point","coordinates":[-112.093578,33.478911]},"properties":{"incident_type":"check flooding condition","behavioral_cluster":"flash_flood_stranded","date":"2022-09-19","hour":16,"time_of_day_bucket":"day","is_weekend":false,"location_name":"15XX W WINDSOR AV","year":2022,"precision":"hundred_block"}},{"type":"Feature","geometry":{"type":"Point","coordinates":[-112.129623,33.495336]},"properties":{"incident_type":"check flooding condition","behavioral_cluster":"flash_flood_stranded","date":"2022-09-22","hour":2,"time_of_day_bucket":"night","is_weekend":false,"location_name":"32XX W INDIAN SCHOOL RD","year":2022,"precision":"hundred_block"}},{"type":"Feature","geometry":{"type":"Point","coordinates":[-112.0197,33.5307]},"properties":{"incident_type":"mountain rescue","behavioral_cluster":"recreational_underequipped","date":"2022-09-22","hour":18,"time_of_day_bucket":"dusk","is_weekend":false,"location_name":"27XX E PIESTEWA PEAK DR","year":2022,"precision":"preserve_centroid"}},{"type":"Feature","geometry":{"type":"Point","coordinates":[-112.128142,33.458922]},"properties":{"incident_type":"check flooding condition","behavioral_cluster":"flash_flood_stranded","date":"2022-09-23","hour":5,"time_of_day_bucket":"dawn","is_weekend":false,"location_name":"32XX E ROOSEVELT ST","year":2022,"precision":"hundred_block"}},{"type":"Feature","geometry":{"type":"Point","coordinates":[-112.0197,33.5307]},"properties":{"incident_type":"mountain rescue","behavioral_cluster":"recreational_underequipped","date":"2022-09-23","hour":8,"time_of_day_bucket":"dawn","is_weekend":false,"location_name":"27XX E PIESTEWA PEAK DR","year":2022,"precision":"preserve_centroid"}},{"type":"Feature","geometry":{"type":"Point","coordinates":[-111.977276,33.52113]},"properties":{"incident_type":"mountain rescue","behavioral_cluster":"recreational_underequipped","date":"2022-09-23","hour":10,"time_of_day_bucket":"day","is_weekend":false,"location_name":"57XX N ECHO CANYON PW","year":2022,"precision":"hundred_block"}},{"type":"Feature","geometry":{"type":"Point","coordinates":[-112.0197,33.5307]},"properties":{"incident_type":"mountain rescue","behavioral_cluster":"recreational_underequipped","date":"2022-09-24","hour":10,"time_of_day_bucket":"day","is_weekend":true,"location_name":"27XX E PIESTEWA PEAK DR","year":2022,"precision":"preserve_centroid"}},{"type":"Feature","geometry":{"type":"Point","coordinates":[-112.049142,33.763638]},"properties":{"incident_type":"mountain rescue","behavioral_cluster":"recreational_underequipped","date":"2022-09-24","hour":13,"time_of_day_bucket":"day","is_weekend":true,"location_name":"16XX E SONORAN DESERT DR","year":2022,"precision":"hundred_block"}},{"type":"Feature","geometry":{"type":"Point","coordinates":[-112.095351,33.502509]},"properties":{"incident_type":"check flooding condition","behavioral_cluster":"flash_flood_stranded","date":"2022-09-24","hour":23,"time_of_day_bucket":"night","is_weekend":true,"location_name":"16XX W CAMPBELL AV","year":2022,"precision":"hundred_block"}},{"type":"Feature","geometry":{"type":"Point","coordinates":[-112.151385,33.655014]},"properties":{"incident_type":"check flooding condition","behavioral_cluster":"flash_flood_stranded","date":"2022-10-03","hour":7,"time_of_day_bucket":"dawn","is_weekend":false,"location_name":"42XX W UNION HILLS DR","year":2022,"precision":"hundred_block"}},{"type":"Feature","geometry":{"type":"Point","coordinates":[-111.987405,33.495192]},"properties":{"incident_type":"check flooding condition","behavioral_cluster":"flash_flood_stranded","date":"2022-10-08","hour":17,"time_of_day_bucket":"dusk","is_weekend":true,"location_name":"43XX W INDIAN SCHOOL RD","year":2022,"precision":"hundred_block"}},{"type":"Feature","geometry":{"type":"Point","coordinates":[-112.065624,33.484113]},"properties":{"incident_type":"check flooding condition","behavioral_cluster":"flash_flood_stranded","date":"2022-10-15","hour":19,"time_of_day_bucket":"dusk","is_weekend":true,"location_name":"5XX E EARLL DR","year":2022,"precision":"hundred_block"}},{"type":"Feature","geometry":{"type":"Point","coordinates":[-112.076424,33.454719]},"properties":{"incident_type":"check flooding condition","behavioral_cluster":"flash_flood_stranded","date":"2022-10-19","hour":0,"time_of_day_bucket":"night","is_weekend":false,"location_name":"N 2ND AV/W FILLMORE ST","year":2022,"precision":"intersection"}},{"type":"Feature","geometry":{"type":"Point","coordinates":[-112.160254,33.351795]},"properties":{"incident_type":"mountain rescue","behavioral_cluster":"recreational_underequipped","date":"2022-10-22","hour":16,"time_of_day_bucket":"day","is_weekend":true,"location_name":"S 47TH LN/W ELLIOT RD","year":2022,"precision":"intersection"}},{"type":"Feature","geometry":{"type":"Point","coordinates":[-112.073679,33.368913]},"properties":{"incident_type":"check flooding condition","behavioral_cluster":"flash_flood_stranded","date":"2022-10-28","hour":1,"time_of_day_bucket":"night","is_weekend":false,"location_name":"85XX N CENTRAL AV","year":2022,"precision":"hundred_block"}},{"type":"Feature","geometry":{"type":"Point","coordinates":[-112.044118,33.590538]},"properties":{"incident_type":"mountain rescue","behavioral_cluster":"recreational_underequipped","date":"2022-10-29","hour":15,"time_of_day_bucket":"day","is_weekend":true,"location_name":"N CAVE CREEK RD/E CORTEZ ST","year":2022,"precision":"intersection"}},{"type":"Feature","geometry":{"type":"Point","coordinates":[-112.039204,33.509646]},"properties":{"incident_type":"check flooding condition","behavioral_cluster":"flash_flood_stranded","date":"2022-10-29","hour":19,"time_of_day_bucket":"dusk","is_weekend":true,"location_name":"19XX E CAMELBACK RD","year":2022,"precision":"hundred_block"}},{"type":"Feature","geometry":{"type":"Point","coordinates":[-112.015224,33.370074]},"properties":{"incident_type":"mountain rescue","behavioral_cluster":"recreational_underequipped","date":"2022-10-31","hour":10,"time_of_day_bucket":"day","is_weekend":false,"location_name":"S 32ND ST/E CALDWELL ST","year":2022,"precision":"intersection"}},{"type":"Feature","geometry":{"type":"Point","coordinates":[-112.0197,33.5307]},"properties":{"incident_type":"mountain rescue","behavioral_cluster":"recreational_underequipped","date":"2022-10-31","hour":17,"time_of_day_bucket":"dusk","is_weekend":false,"location_name":"27XX E PIESTEWA PEAK DR","year":2022,"precision":"preserve_centroid"}},{"type":"Feature","geometry":{"type":"Point","coordinates":[-112.03227,33.65271]},"properties":{"incident_type":"check flooding condition","behavioral_cluster":"flash_flood_stranded","date":"2022-11-01","hour":19,"time_of_day_bucket":"dusk","is_weekend":false,"location_name":"182XX N CAVE CREEK RD","year":2022,"precision":"hundred_block"}},{"type":"Feature","geometry":{"type":"Point","coordinates":[-111.984285,33.59661]},"properties":{"incident_type":"check flooding condition","behavioral_cluster":"flash_flood_stranded","date":"2022-11-04","hour":21,"time_of_day_bucket":"night","is_weekend":false,"location_name":"44XX E PARADISE VILLAGE PW S","year":2022,"precision":"hundred_block"}},{"type":"Feature","geometry":{"type":"Point","coordinates":[-112.0197,33.5307]},"properties":{"incident_type":"mountain rescue","behavioral_cluster":"recreational_underequipped","date":"2022-11-05","hour":18,"time_of_day_bucket":"dusk","is_weekend":true,"location_name":"27XX E PIESTEWA PEAK DR","year":2022,"precision":"preserve_centroid"}},{"type":"Feature","geometry":{"type":"Point","coordinates":[-111.988364,33.793947]},"properties":{"incident_type":"check flooding condition","behavioral_cluster":"flash_flood_stranded","date":"2022-11-05","hour":21,"time_of_day_bucket":"night","is_weekend":true,"location_name":"338XX N 43RD ST","year":2022,"precision":"hundred_block"}},{"type":"Feature","geometry":{"type":"Point","coordinates":[-112.118189,33.588027]},"properties":{"incident_type":"check flooding condition","behavioral_cluster":"flash_flood_stranded","date":"2022-11-06","hour":23,"time_of_day_bucket":"night","is_weekend":true,"location_name":"110XX N BILTMORE DR","year":2022,"precision":"hundred_block"}},{"type":"Feature","geometry":{"type":"Point","coordinates":[-112.199274,33.466194]},"properties":{"incident_type":"check flooding condition","behavioral_cluster":"flash_flood_stranded","date":"2022-11-07","hour":20,"time_of_day_bucket":"dusk","is_weekend":false,"location_name":"64XX W MCDOWELL RD","year":2022,"precision":"hundred_block"}},{"type":"Feature","geometry":{"type":"Point","coordinates":[-112.136539,33.567939]},"properties":{"incident_type":"check flooding condition","behavioral_cluster":"flash_flood_stranded","date":"2022-11-12","hour":19,"time_of_day_bucket":"dusk","is_weekend":true,"location_name":"35XX W DUNLAP AV","year":2022,"precision":"hundred_block"}},{"type":"Feature","geometry":{"type":"Point","coordinates":[-112.0197,33.5307]},"properties":{"incident_type":"mountain rescue","behavioral_cluster":"recreational_underequipped","date":"2022-11-13","hour":14,"time_of_day_bucket":"day","is_weekend":true,"location_name":"27XX E PIESTEWA PEAK DR","year":2022,"precision":"preserve_centroid"}},{"type":"Feature","geometry":{"type":"Point","coordinates":[-112.021961,33.611454]},"properties":{"incident_type":"mountain rescue","behavioral_cluster":"recreational_underequipped","date":"2022-11-14","hour":16,"time_of_day_bucket":"day","is_weekend":false,"location_name":"N 28TH ST/E THUNDERBIRD RD","year":2022,"precision":"intersection"}},{"type":"Feature","geometry":{"type":"Point","coordinates":[-111.996117,33.569163]},"properties":{"incident_type":"mountain rescue","behavioral_cluster":"recreational_underequipped","date":"2022-11-15","hour":13,"time_of_day_bucket":"day","is_weekend":false,"location_name":"90XX N 40TH ST","year":2022,"precision":"hundred_block"}},{"type":"Feature","geometry":{"type":"Point","coordinates":[-112.004006,33.531867]},"properties":{"incident_type":"mountain rescue","behavioral_cluster":"recreational_underequipped","date":"2022-11-16","hour":9,"time_of_day_bucket":"day","is_weekend":false,"location_name":"N 36TH ST/E LINCOLN DR","year":2022,"precision":"intersection"}},{"type":"Feature","geometry":{"type":"Point","coordinates":[-112.033323,33.549408]},"properties":{"incident_type":"mountain rescue","behavioral_cluster":"recreational_underequipped","date":"2022-11-19","hour":14,"time_of_day_bucket":"day","is_weekend":true,"location_name":"N 22ND ST/E BELMONT AV","year":2022,"precision":"intersection"}},{"type":"Feature","geometry":{"type":"Point","coordinates":[-112.074719,33.505218]},"properties":{"incident_type":"water rescue","behavioral_cluster":"flash_flood_stranded","date":"2022-11-22","hour":6,"time_of_day_bucket":"dawn","is_weekend":false,"location_name":"46XX N CENTRAL AV","year":2022,"precision":"hundred_block"}},{"type":"Feature","geometry":{"type":"Point","coordinates":[-112.065246,33.512679]},"properties":{"incident_type":"check flooding condition","behavioral_cluster":"flash_flood_stranded","date":"2022-11-23","hour":16,"time_of_day_bucket":"day","is_weekend":false,"location_name":"51XX N 7TH AV","year":2022,"precision":"hundred_block"}},{"type":"Feature","geometry":{"type":"Point","coordinates":[-112.009743,33.665562]},"properties":{"incident_type":"check flooding condition","behavioral_cluster":"flash_flood_stranded","date":"2022-11-28","hour":10,"time_of_day_bucket":"day","is_weekend":false,"location_name":"33XX E TONTO DR","year":2022,"precision":"hundred_block"}},{"type":"Feature","geometry":{"type":"Point","coordinates":[-112.022982,33.64227]},"properties":{"incident_type":"check flooding condition","behavioral_cluster":"flash_flood_stranded","date":"2022-12-01","hour":0,"time_of_day_bucket":"night","is_weekend":false,"location_name":"27XX E SCHILIRO CI","year":2022,"precision":"hundred_block"}},{"type":"Feature","geometry":{"type":"Point","coordinates":[-112.044263,33.53877]},"properties":{"incident_type":"check flooding condition","behavioral_cluster":"flash_flood_stranded","date":"2022-12-01","hour":16,"time_of_day_bucket":"day","is_weekend":false,"location_name":"17XX W GLENDALE AV","year":2022,"precision":"hundred_block"}},{"type":"Feature","geometry":{"type":"Point","coordinates":[-112.048322,33.507189]},"properties":{"incident_type":"check flooding condition","behavioral_cluster":"flash_flood_stranded","date":"2022-12-04","hour":21,"time_of_day_bucket":"night","is_weekend":true,"location_name":"47XX N 16TH DR","year":2022,"precision":"hundred_block"}},{"type":"Feature","geometry":{"type":"Point","coordinates":[-112.095279,33.509907]},"properties":{"incident_type":"check flooding condition","behavioral_cluster":"flash_flood_stranded","date":"2022-12-05","hour":19,"time_of_day_bucket":"dusk","is_weekend":false,"location_name":"16XX W CAMELBACK RD","year":2022,"precision":"hundred_block"}},{"type":"Feature","geometry":{"type":"Point","coordinates":[-112.110192,33.536664]},"properties":{"incident_type":"check flooding condition","behavioral_cluster":"flash_flood_stranded","date":"2022-12-05","hour":23,"time_of_day_bucket":"night","is_weekend":false,"location_name":"67XX N 23RD DR","year":2022,"precision":"hundred_block"}},{"type":"Feature","geometry":{"type":"Point","coordinates":[-112.049987,33.546474]},"properties":{"incident_type":"check flooding condition","behavioral_cluster":"flash_flood_stranded","date":"2022-12-11","hour":21,"time_of_day_bucket":"night","is_weekend":true,"location_name":"75XX N 16TH ST","year":2022,"precision":"hundred_block"}},{"type":"Feature","geometry":{"type":"Point","coordinates":[-112.1301,33.626196]},"properties":{"incident_type":"check flooding condition","behavioral_cluster":"flash_flood_stranded","date":"2022-12-13","hour":16,"time_of_day_bucket":"day","is_weekend":false,"location_name":"32XX E GREENWAY RD","year":2022,"precision":"hundred_block"}},{"type":"Feature","geometry":{"type":"Point","coordinates":[-112.026,33.546]},"properties":{"incident_type":"check flooding condition","behavioral_cluster":"flash_flood_stranded","date":"2022-12-13","hour":17,"time_of_day_bucket":"dusk","is_weekend":false,"location_name":"72XX N DREAMY DRAW DR","year":2022,"precision":"preserve_centroid"}},{"type":"Feature","geometry":{"type":"Point","coordinates":[-112.121306,33.611006]},"properties":{"incident_type":"check flooding condition","behavioral_cluster":"flash_flood_stranded","date":"2022-12-14","hour":22,"time_of_day_bucket":"night","is_weekend":false,"location_name":"29XX W THUNDERBIRD RD","year":2022,"precision":"hundred_block"}},{"type":"Feature","geometry":{"type":"Point","coordinates":[-112.019171,33.492447]},"properties":{"incident_type":"check flooding condition","behavioral_cluster":"flash_flood_stranded","date":"2022-12-18","hour":11,"time_of_day_bucket":"day","is_weekend":true,"location_name":"38XX N 30TH ST","year":2022,"precision":"hundred_block"}},{"type":"Feature","geometry":{"type":"Point","coordinates":[-112.049142,33.763638]},"properties":{"incident_type":"mountain rescue","behavioral_cluster":"recreational_underequipped","date":"2022-12-20","hour":10,"time_of_day_bucket":"day","is_weekend":false,"location_name":"16XX E SONORAN DESERT DR","year":2022,"precision":"hundred_block"}},{"type":"Feature","geometry":{"type":"Point","coordinates":[-111.977276,33.52113]},"properties":{"incident_type":"mountain rescue","behavioral_cluster":"recreational_underequipped","date":"2022-12-22","hour":11,"time_of_day_bucket":"day","is_weekend":false,"location_name":"57XX N ECHO CANYON PW","year":2022,"precision":"hundred_block"}},{"type":"Feature","geometry":{"type":"Point","coordinates":[-111.966021,33.454377]},"properties":{"incident_type":"check flooding condition","behavioral_cluster":"flash_flood_stranded","date":"2022-12-26","hour":5,"time_of_day_bucket":"dawn","is_weekend":false,"location_name":"53XX E TAYLOR ST","year":2022,"precision":"hundred_block"}},{"type":"Feature","geometry":{"type":"Point","coordinates":[-111.928775,33.495129]},"properties":{"incident_type":"check flooding condition","behavioral_cluster":"flash_flood_stranded","date":"2022-12-29","hour":18,"time_of_day_bucket":"dusk","is_weekend":false,"location_name":"70XX W INDIAN SCHOOL RD","year":2022,"precision":"hundred_block"}},{"type":"Feature","geometry":{"type":"Point","coordinates":[-112.099676,33.378687]},"properties":{"incident_type":"check flooding condition","behavioral_cluster":"flash_flood_stranded","date":"2022-12-30","hour":8,"time_of_day_bucket":"dawn","is_weekend":false,"location_name":"75XX S 19TH AV","year":2022,"precision":"hundred_block"}},{"type":"Feature","geometry":{"type":"Point","coordinates":[-112.121306,33.611006]},"properties":{"incident_type":"check flooding condition","behavioral_cluster":"flash_flood_stranded","date":"2022-12-31","hour":3,"time_of_day_bucket":"night","is_weekend":true,"location_name":"29XX W THUNDERBIRD RD","year":2022,"precision":"hundred_block"}},{"type":"Feature","geometry":{"type":"Point","coordinates":[-112.106853,33.524258]},"properties":{"incident_type":"check flooding condition","behavioral_cluster":"flash_flood_stranded","date":"2023-01-05","hour":17,"time_of_day_bucket":"dusk","is_weekend":false,"location_name":"22XX W BETHANY HOME RD","year":2023,"precision":"hundred_block"}},{"type":"Feature","geometry":{"type":"Point","coordinates":[-112.024274,33.667812]},"properties":{"incident_type":"check flooding condition","behavioral_cluster":"flash_flood_stranded","date":"2023-01-09","hour":8,"time_of_day_bucket":"dawn","is_weekend":false,"location_name":"198XX N 27TH AV","year":2023,"precision":"hundred_block"}},{"type":"Feature","geometry":{"type":"Point","coordinates":[-112.0197,33.5307]},"properties":{"incident_type":"mountain rescue","behavioral_cluster":"recreational_underequipped","date":"2023-01-09","hour":14,"time_of_day_bucket":"day","is_weekend":false,"location_name":"27XX E PIESTEWA PEAK DR","year":2023,"precision":"preserve_centroid"}},{"type":"Feature","geometry":{"type":"Point","coordinates":[-111.996117,33.569163]},"properties":{"incident_type":"mountain rescue","behavioral_cluster":"recreational_underequipped","date":"2023-01-12","hour":10,"time_of_day_bucket":"day","is_weekend":false,"location_name":"90XX N 40TH ST","year":2023,"precision":"hundred_block"}},{"type":"Feature","geometry":{"type":"Point","coordinates":[-112.0197,33.5307]},"properties":{"incident_type":"mountain rescue","behavioral_cluster":"recreational_underequipped","date":"2023-01-12","hour":10,"time_of_day_bucket":"day","is_weekend":false,"location_name":"27XX E PIESTEWA PEAK DR","year":2023,"precision":"preserve_centroid"}},{"type":"Feature","geometry":{"type":"Point","coordinates":[-112.049142,33.763638]},"properties":{"incident_type":"mountain rescue","behavioral_cluster":"recreational_underequipped","date":"2023-01-13","hour":9,"time_of_day_bucket":"day","is_weekend":false,"location_name":"16XX E SONORAN DESERT DR","year":2023,"precision":"hundred_block"}},{"type":"Feature","geometry":{"type":"Point","coordinates":[-112.0197,33.5307]},"properties":{"incident_type":"mountain rescue","behavioral_cluster":"recreational_underequipped","date":"2023-01-13","hour":15,"time_of_day_bucket":"day","is_weekend":false,"location_name":"27XX E PIESTEWA PEAK DR","year":2023,"precision":"preserve_centroid"}},{"type":"Feature","geometry":{"type":"Point","coordinates":[-112.044263,33.53877]},"properties":{"incident_type":"check flooding condition","behavioral_cluster":"flash_flood_stranded","date":"2023-01-15","hour":2,"time_of_day_bucket":"night","is_weekend":true,"location_name":"17XX W GLENDALE AV","year":2023,"precision":"hundred_block"}},{"type":"Feature","geometry":{"type":"Point","coordinates":[-112.071218,33.569208]},"properties":{"incident_type":"check flooding condition","behavioral_cluster":"flash_flood_stranded","date":"2023-01-20","hour":3,"time_of_day_bucket":"night","is_weekend":false,"location_name":"2XX E DUNLAP AV","year":2023,"precision":"hundred_block"}},{"type":"Feature","geometry":{"type":"Point","coordinates":[-112.065709,33.429744]},"properties":{"incident_type":"check flooding condition","behavioral_cluster":"flash_flood_stranded","date":"2023-01-20","hour":15,"time_of_day_bucket":"day","is_weekend":false,"location_name":"18XX S 7TH ST","year":2023,"precision":"hundred_block"}},{"type":"Feature","geometry":{"type":"Point","coordinates":[-112.152519,33.478038]},"properties":{"incident_type":"check flooding condition","behavioral_cluster":"flash_flood_stranded","date":"2023-01-22","hour":0,"time_of_day_bucket":"night","is_weekend":true,"location_name":"26XX N 43RD AV","year":2023,"precision":"hundred_block"}},{"type":"Feature","geometry":{"type":"Point","coordinates":[-112.036973,33.495102]},"properties":{"incident_type":"check flooding condition","behavioral_cluster":"flash_flood_stranded","date":"2023-01-22","hour":1,"time_of_day_bucket":"night","is_weekend":true,"location_name":"20XX W INDIAN SCHOOL RD","year":2023,"precision":"hundred_block"}},{"type":"Feature","geometry":{"type":"Point","coordinates":[-111.996117,33.569163]},"properties":{"incident_type":"mountain rescue","behavioral_cluster":"recreational_underequipped","date":"2023-01-24","hour":16,"time_of_day_bucket":"day","is_weekend":false,"location_name":"90XX N 40TH ST","year":2023,"precision":"hundred_block"}},{"type":"Feature","geometry":{"type":"Point","coordinates":[-112.0197,33.5307]},"properties":{"incident_type":"mountain rescue","behavioral_cluster":"recreational_underequipped","date":"2023-01-25","hour":13,"time_of_day_bucket":"day","is_weekend":false,"location_name":"27XX E PIESTEWA PEAK DR","year":2023,"precision":"preserve_centroid"}},{"type":"Feature","geometry":{"type":"Point","coordinates":[-112.080555,33.456564]},"properties":{"incident_type":"check flooding condition","behavioral_cluster":"flash_flood_stranded","date":"2023-01-30","hour":15,"time_of_day_bucket":"day","is_weekend":false,"location_name":"6XX N 5TH AV","year":2023,"precision":"hundred_block"}},{"type":"Feature","geometry":{"type":"Point","coordinates":[-111.992029,33.495201]},"properties":{"incident_type":"check flooding condition","behavioral_cluster":"flash_flood_stranded","date":"2023-01-31","hour":0,"time_of_day_bucket":"night","is_weekend":false,"location_name":"41XX E INDIAN SCHOOL RD","year":2023,"precision":"hundred_block"}},{"type":"Feature","geometry":{"type":"Point","coordinates":[-112.066717,33.598575]},"properties":{"incident_type":"mountain rescue","behavioral_cluster":"recreational_underequipped","date":"2023-01-31","hour":13,"time_of_day_bucket":"day","is_weekend":false,"location_name":"129XX N 7TH ST","year":2023,"precision":"hundred_block"}},{"type":"Feature","geometry":{"type":"Point","coordinates":[-112.042318,33.363333]},"properties":{"incident_type":"mountain rescue","behavioral_cluster":"recreational_underequipped","date":"2023-01-31","hour":14,"time_of_day_bucket":"day","is_weekend":false,"location_name":"S 19TH ST/E DOBBINS RD","year":2023,"precision":"intersection"}},{"type":"Feature","geometry":{"type":"Point","coordinates":[-112.0197,33.5307]},"properties":{"incident_type":"mountain rescue","behavioral_cluster":"recreational_underequipped","date":"2023-02-02","hour":15,"time_of_day_bucket":"day","is_weekend":false,"location_name":"27XX E PIESTEWA PEAK DR","year":2023,"precision":"preserve_centroid"}},{"type":"Feature","geometry":{"type":"Point","coordinates":[-112.100351,33.303033]},"properties":{"incident_type":"mountain rescue","behavioral_cluster":"recreational_underequipped","date":"2023-02-02","hour":17,"time_of_day_bucket":"dusk","is_weekend":false,"location_name":"S 19TH AV/W CHANDLER BL","year":2023,"precision":"intersection"}},{"type":"Feature","geometry":{"type":"Point","coordinates":[-112.0197,33.5307]},"properties":{"incident_type":"mountain rescue","behavioral_cluster":"recreational_underequipped","date":"2023-02-02","hour":17,"time_of_day_bucket":"dusk","is_weekend":false,"location_name":"27XX E PIESTEWA PEAK DR","year":2023,"precision":"preserve_centroid"}},{"type":"Feature","geometry":{"type":"Point","coordinates":[-112.189968,33.738588]},"properties":{"incident_type":"mountain rescue","behavioral_cluster":"recreational_underequipped","date":"2023-02-03","hour":12,"time_of_day_bucket":"day","is_weekend":false,"location_name":"N 60TH LN/W RUNNING DEER TL","year":2023,"precision":"intersection"}},{"type":"Feature","geometry":{"type":"Point","coordinates":[-112.0197,33.5307]},"properties":{"incident_type":"mountain rescue","behavioral_cluster":"recreational_underequipped","date":"2023-02-04","hour":12,"time_of_day_bucket":"day","is_weekend":true,"location_name":"27XX E PIESTEWA PEAK DR","year":2023,"precision":"preserve_centroid"}},{"type":"Feature","geometry":{"type":"Point","coordinates":[-112.024152,33.498261]},"properties":{"incident_type":"check flooding condition","behavioral_cluster":"flash_flood_stranded","date":"2023-02-05","hour":8,"time_of_day_bucket":"dawn","is_weekend":true,"location_name":"42XX N 27TH AV","year":2023,"precision":"hundred_block"}},{"type":"Feature","geometry":{"type":"Point","coordinates":[-112.049142,33.763638]},"properties":{"incident_type":"mountain rescue","behavioral_cluster":"recreational_underequipped","date":"2023-02-11","hour":10,"time_of_day_bucket":"day","is_weekend":true,"location_name":"16XX E SONORAN DESERT DR","year":2023,"precision":"hundred_block"}},{"type":"Feature","geometry":{"type":"Point","coordinates":[-111.995636,33.570171]},"properties":{"incident_type":"mountain rescue","behavioral_cluster":"recreational_underequipped","date":"2023-02-12","hour":11,"time_of_day_bucket":"day","is_weekend":true,"location_name":"N 40TH ST/E MISSION LN","year":2023,"precision":"intersection"}},{"type":"Feature","geometry":{"type":"Point","coordinates":[-112.220469,33.508998]},"properties":{"incident_type":"water rescue","behavioral_cluster":"flash_flood_stranded","date":"2023-02-12","hour":21,"time_of_day_bucket":"night","is_weekend":true,"location_name":"N 75TH AV/W CAMELBACK RD","year":2023,"precision":"intersection"}},{"type":"Feature","geometry":{"type":"Point","coordinates":[-112.204323,33.494994]},"properties":{"incident_type":"check flooding condition","behavioral_cluster":"flash_flood_stranded","date":"2023-02-15","hour":20,"time_of_day_bucket":"dusk","is_weekend":false,"location_name":"67XX W INDIAN SCHOOL RD","year":2023,"precision":"hundred_block"}},{"type":"Feature","geometry":{"type":"Point","coordinates":[-112.082288,33.584058]},"properties":{"incident_type":"mountain rescue","behavioral_cluster":"recreational_underequipped","date":"2023-02-16","hour":7,"time_of_day_bucket":"dawn","is_weekend":false,"location_name":"N 7TH AV/W SAHUARO DR","year":2023,"precision":"intersection"}},{"type":"Feature","geometry":{"type":"Point","coordinates":[-112.042557,33.53616]},"properties":{"incident_type":"check flooding condition","behavioral_cluster":"flash_flood_stranded","date":"2023-02-18","hour":0,"time_of_day_bucket":"night","is_weekend":true,"location_name":"67XX N 17TH AV","year":2023,"precision":"hundred_block"}},{"type":"Feature","geometry":{"type":"Point","coordinates":[-112.074809,33.543585]},"properties":{"incident_type":"water rescue","behavioral_cluster":"flash_flood_stranded","date":"2023-02-22","hour":11,"time_of_day_bucket":"day","is_weekend":false,"location_name":"72XX S CENTRAL AV","year":2023,"precision":"hundred_block"}},{"type":"Feature","geometry":{"type":"Point","coordinates":[-112.061461,33.640677]},"properties":{"incident_type":"check flooding condition","behavioral_cluster":"flash_flood_stranded","date":"2023-02-23","hour":7,"time_of_day_bucket":"dawn","is_weekend":false,"location_name":"8XX E BELL RD","year":2023,"precision":"hundred_block"}},{"type":"Feature","geometry":{"type":"Point","coordinates":[-112.024152,33.498261]},"properties":{"incident_type":"check flooding condition","behavioral_cluster":"flash_flood_stranded","date":"2023-02-26","hour":19,"time_of_day_bucket":"dusk","is_weekend":true,"location_name":"42XX N 27TH AV","year":2023,"precision":"hundred_block"}},{"type":"Feature","geometry":{"type":"Point","coordinates":[-112.048322,33.507189]},"properties":{"incident_type":"check flooding condition","behavioral_cluster":"flash_flood_stranded","date":"2023-03-01","hour":19,"time_of_day_bucket":"dusk","is_weekend":false,"location_name":"47XX N 16TH ST","year":2023,"precision":"hundred_block"}},{"type":"Feature","geometry":{"type":"Point","coordinates":[-112.096998,33.612993]},"properties":{"incident_type":"check flooding condition","behavioral_cluster":"flash_flood_stranded","date":"2023-03-05","hour":9,"time_of_day_bucket":"day","is_weekend":true,"location_name":"17XX E THUNDERBIRD RD","year":2023,"precision":"hundred_block"}},{"type":"Feature","geometry":{"type":"Point","coordinates":[-112.0197,33.5307]},"properties":{"incident_type":"mountain rescue","behavioral_cluster":"recreational_underequipped","date":"2023-03-05","hour":19,"time_of_day_bucket":"dusk","is_weekend":true,"location_name":"27XX E PIESTEWA PEAK DR","year":2023,"precision":"preserve_centroid"}},{"type":"Feature","geometry":{"type":"Point","coordinates":[-112.145865,33.597548]},"properties":{"incident_type":"check flooding condition","behavioral_cluster":"flash_flood_stranded","date":"2023-03-06","hour":18,"time_of_day_bucket":"dusk","is_weekend":false,"location_name":"40XX W WETHERSFIELD RD","year":2023,"precision":"hundred_block"}},{"type":"Feature","geometry":{"type":"Point","coordinates":[-112.212666,33.494904]},"properties":{"incident_type":"check flooding condition","behavioral_cluster":"flash_flood_stranded","date":"2023-03-09","hour":5,"time_of_day_bucket":"dawn","is_weekend":false,"location_name":"71XX W INDIAN SCHOOL RD","year":2023,"precision":"hundred_block"}},{"type":"Feature","geometry":{"type":"Point","coordinates":[-112.042557,33.53616]},"properties":{"incident_type":"check flooding condition","behavioral_cluster":"flash_flood_stranded","date":"2023-03-11","hour":16,"time_of_day_bucket":"day","is_weekend":true,"location_name":"67XX N 17TH AV","year":2023,"precision":"hundred_block"}},{"type":"Feature","geometry":{"type":"Point","coordinates":[-112.177656,33.452226]},"properties":{"incident_type":"check flooding condition","behavioral_cluster":"flash_flood_stranded","date":"2023-03-13","hour":21,"time_of_day_bucket":"night","is_weekend":false,"location_name":"54XX E VAN BUREN ST","year":2023,"precision":"hundred_block"}},{"type":"Feature","geometry":{"type":"Point","coordinates":[-112.151524,33.581916]},"properties":{"incident_type":"water rescue","behavioral_cluster":"flash_flood_stranded","date":"2023-03-14","hour":6,"time_of_day_bucket":"dawn","is_weekend":false,"location_name":"N 43RD AV/W PEORIA AV","year":2023,"precision":"intersection"}},{"type":"Feature","geometry":{"type":"Point","coordinates":[-112.140018,33.466275]},"properties":{"incident_type":"check flooding condition","behavioral_cluster":"flash_flood_stranded","date":"2023-03-16","hour":19,"time_of_day_bucket":"dusk","is_weekend":false,"location_name":"37XX E MCDOWELL RD","year":2023,"precision":"hundred_block"}},{"type":"Feature","geometry":{"type":"Point","coordinates":[-112.0197,33.5307]},"properties":{"incident_type":"mountain rescue","behavioral_cluster":"recreational_underequipped","date":"2023-03-21","hour":11,"time_of_day_bucket":"day","is_weekend":false,"location_name":"27XX E PIESTEWA PEAK DR","year":2023,"precision":"preserve_centroid"}},{"type":"Feature","geometry":{"type":"Point","coordinates":[-111.996846,33.351399]},"properties":{"incident_type":"mountain rescue","behavioral_cluster":"recreational_underequipped","date":"2023-03-23","hour":12,"time_of_day_bucket":"day","is_weekend":false,"location_name":"S 40TH PL/E WESTERN STAR BL","year":2023,"precision":"intersection"}},{"type":"Feature","geometry":{"type":"Point","coordinates":[-112.142247,33.575319]},"properties":{"incident_type":"water rescue","behavioral_cluster":"flash_flood_stranded","date":"2023-03-23","hour":18,"time_of_day_bucket":"dusk","is_weekend":false,"location_name":"38XX W CAMINO ACEQUIA","year":2023,"precision":"hundred_block"}},{"type":"Feature","geometry":{"type":"Point","coordinates":[-111.975156,33.452154]},"properties":{"incident_type":"check flooding condition","behavioral_cluster":"flash_flood_stranded","date":"2023-03-25","hour":16,"time_of_day_bucket":"day","is_weekend":true,"location_name":"49XX E VAN BUREN ST","year":2023,"precision":"hundred_block"}},{"type":"Feature","geometry":{"type":"Point","coordinates":[-112.060607,33.410916]},"properties":{"incident_type":"check flooding condition","behavioral_cluster":"flash_flood_stranded","date":"2023-03-26","hour":16,"time_of_day_bucket":"day","is_weekend":true,"location_name":"8XX E JONES AV","year":2023,"precision":"hundred_block"}},{"type":"Feature","geometry":{"type":"Point","coordinates":[-112.004703,33.478155]},"properties":{"incident_type":"check flooding condition","behavioral_cluster":"flash_flood_stranded","date":"2023-03-27","hour":17,"time_of_day_bucket":"dusk","is_weekend":false,"location_name":"26XX N 36TH ST","year":2023,"precision":"hundred_block"}},{"type":"Feature","geometry":{"type":"Point","coordinates":[-112.0197,33.5307]},"properties":{"incident_type":"mountain rescue","behavioral_cluster":"recreational_underequipped","date":"2023-03-29","hour":19,"time_of_day_bucket":"dusk","is_weekend":false,"location_name":"27XX E PIESTEWA PEAK DR","year":2023,"precision":"preserve_centroid"}},{"type":"Feature","geometry":{"type":"Point","coordinates":[-112.0197,33.5307]},"properties":{"incident_type":"mountain rescue","behavioral_cluster":"recreational_underequipped","date":"2023-03-30","hour":19,"time_of_day_bucket":"dusk","is_weekend":false,"location_name":"27XX E PIESTEWA PEAK DR","year":2023,"precision":"preserve_centroid"}},{"type":"Feature","geometry":{"type":"Point","coordinates":[-112.0197,33.5307]},"properties":{"incident_type":"mountain rescue","behavioral_cluster":"recreational_underequipped","date":"2023-04-05","hour":11,"time_of_day_bucket":"day","is_weekend":false,"location_name":"27XX E PIESTEWA PEAK DR","year":2023,"precision":"preserve_centroid"}},{"type":"Feature","geometry":{"type":"Point","coordinates":[-112.038907,33.485445]},"properties":{"incident_type":"water rescue","behavioral_cluster":"flash_flood_stranded","date":"2023-04-06","hour":8,"time_of_day_bucket":"dawn","is_weekend":false,"location_name":"N 20TH ST/E MONTEREY WY","year":2023,"precision":"intersection"}},{"type":"Feature","geometry":{"type":"Point","coordinates":[-112.130163,33.423786]},"properties":{"incident_type":"water rescue","behavioral_cluster":"flash_flood_stranded","date":"2023-04-07","hour":0,"time_of_day_bucket":"night","is_weekend":false,"location_name":"32XX W LOWER BUCKEYE RD","year":2023,"precision":"hundred_block"}},{"type":"Feature","geometry":{"type":"Point","coordinates":[-112.229865,33.422976]},"properties":{"incident_type":"water rescue","behavioral_cluster":"flash_flood_stranded","date":"2023-04-08","hour":6,"time_of_day_bucket":"dawn","is_weekend":true,"location_name":"S 79TH AV/W LOWER BUCKEYE RD","year":2023,"precision":"intersection"}},{"type":"Feature","geometry":{"type":"Point","coordinates":[-112.099428,33.406731]},"properties":{"incident_type":"water rescue","behavioral_cluster":"flash_flood_stranded","date":"2023-04-09","hour":10,"time_of_day_bucket":"day","is_weekend":true,"location_name":"S 19TH AV/W BROADWAY RD","year":2023,"precision":"intersection"}},{"type":"Feature","geometry":{"type":"Point","coordinates":[-112.015224,33.370074]},"properties":{"incident_type":"mountain rescue","behavioral_cluster":"recreational_underequipped","date":"2023-04-09","hour":11,"time_of_day_bucket":"day","is_weekend":true,"location_name":"S 32ND ST/E CALDWELL ST","year":2023,"precision":"intersection"}},{"type":"Feature","geometry":{"type":"Point","coordinates":[-112.0197,33.5307]},"properties":{"incident_type":"mountain rescue","behavioral_cluster":"recreational_underequipped","date":"2023-04-13","hour":9,"time_of_day_bucket":"day","is_weekend":false,"location_name":"27XX E PIESTEWA PEAK DR","year":2023,"precision":"preserve_centroid"}},{"type":"Feature","geometry":{"type":"Point","coordinates":[-111.977276,33.52113]},"properties":{"incident_type":"mountain rescue","behavioral_cluster":"recreational_underequipped","date":"2023-04-13","hour":15,"time_of_day_bucket":"day","is_weekend":false,"location_name":"57XX N ECHO CANYON PW","year":2023,"precision":"hundred_block"}},{"type":"Feature","geometry":{"type":"Point","coordinates":[-112.049142,33.763638]},"properties":{"incident_type":"mountain rescue","behavioral_cluster":"recreational_underequipped","date":"2023-04-15","hour":15,"time_of_day_bucket":"day","is_weekend":true,"location_name":"16XX E SONORAN DESERT DR","year":2023,"precision":"hundred_block"}},{"type":"Feature","geometry":{"type":"Point","coordinates":[-112.063068,33.437367]},"properties":{"incident_type":"check flooding condition","behavioral_cluster":"flash_flood_stranded","date":"2023-04-16","hour":6,"time_of_day_bucket":"dawn","is_weekend":true,"location_name":"7XX W BUCKEYE RD","year":2023,"precision":"hundred_block"}},{"type":"Feature","geometry":{"type":"Point","coordinates":[-112.049142,33.763638]},"properties":{"incident_type":"mountain rescue","behavioral_cluster":"recreational_underequipped","date":"2023-04-16","hour":12,"time_of_day_bucket":"day","is_weekend":true,"location_name":"16XX E SONORAN DESERT DR","year":2023,"precision":"hundred_block"}},{"type":"Feature","geometry":{"type":"Point","coordinates":[-112.051557,33.64254]},"properties":{"incident_type":"check flooding condition","behavioral_cluster":"flash_flood_stranded","date":"2023-04-21","hour":21,"time_of_day_bucket":"night","is_weekend":false,"location_name":"14XX E BELL RD","year":2023,"precision":"hundred_block"}},{"type":"Feature","geometry":{"type":"Point","coordinates":[-112.057709,33.445719]},"properties":{"incident_type":"check flooding condition","behavioral_cluster":"flash_flood_stranded","date":"2023-04-24","hour":11,"time_of_day_bucket":"day","is_weekend":false,"location_name":"1XX S 12TH ST","year":2023,"precision":"hundred_block"}},{"type":"Feature","geometry":{"type":"Point","coordinates":[-112.144419,33.882777]},"properties":{"incident_type":"check flooding condition","behavioral_cluster":"flash_flood_stranded","date":"2023-04-28","hour":19,"time_of_day_bucket":"dusk","is_weekend":false,"location_name":"39XX W ARROYO NORTE DR","year":2023,"precision":"hundred_block"}},{"type":"Feature","geometry":{"type":"Point","coordinates":[-112.108496,33.49503]},"properties":{"incident_type":"water rescue","behavioral_cluster":"flash_flood_stranded","date":"2023-04-30","hour":1,"time_of_day_bucket":"night","is_weekend":true,"location_name":"N 23RD AV/W INDIAN SCHOOL RD","year":2023,"precision":"intersection"}},{"type":"Feature","geometry":{"type":"Point","coordinates":[-112.084938,33.388848]},"properties":{"incident_type":"check flooding condition","behavioral_cluster":"flash_flood_stranded","date":"2023-05-03","hour":16,"time_of_day_bucket":"day","is_weekend":false,"location_name":"9XX W ALTA VISTA RD","year":2023,"precision":"hundred_block"}},{"type":"Feature","geometry":{"type":"Point","coordinates":[-111.993511,33.641154]},"properties":{"incident_type":"check flooding condition","behavioral_cluster":"flash_flood_stranded","date":"2023-05-05","hour":2,"time_of_day_bucket":"night","is_weekend":false,"location_name":"40XX W BELL RD","year":2023,"precision":"hundred_block"}},{"type":"Feature","geometry":{"type":"Point","coordinates":[-112.168656,33.596352]},"properties":{"incident_type":"water rescue","behavioral_cluster":"flash_flood_stranded","date":"2023-05-09","hour":10,"time_of_day_bucket":"day","is_weekend":false,"location_name":"N 51ST AV/W CACTUS RD","year":2023,"precision":"intersection"}},{"type":"Feature","geometry":{"type":"Point","coordinates":[-112.0197,33.5307]},"properties":{"incident_type":"mountain rescue","behavioral_cluster":"recreational_underequipped","date":"2023-05-09","hour":19,"time_of_day_bucket":"dusk","is_weekend":false,"location_name":"27XX E PIESTEWA PEAK DR","year":2023,"precision":"preserve_centroid"}},{"type":"Feature","geometry":{"type":"Point","coordinates":[-111.978229,33.494598]},"properties":{"incident_type":"water rescue","behavioral_cluster":"flash_flood_stranded","date":"2023-05-10","hour":15,"time_of_day_bucket":"day","is_weekend":false,"location_name":"N 48TH ST/E INDIAN SCHOOL RD","year":2023,"precision":"intersection"}},{"type":"Feature","geometry":{"type":"Point","coordinates":[-112.282848,33.498225]},"properties":{"incident_type":"check flooding condition","behavioral_cluster":"flash_flood_stranded","date":"2023-05-18","hour":19,"time_of_day_bucket":"dusk","is_weekend":false,"location_name":"43XX N 103RD AV","year":2023,"precision":"hundred_block"}},{"type":"Feature","geometry":{"type":"Point","coordinates":[-111.977276,33.52113]},"properties":{"incident_type":"mountain rescue","behavioral_cluster":"recreational_underequipped","date":"2023-05-20","hour":7,"time_of_day_bucket":"dawn","is_weekend":true,"location_name":"57XX N ECHO CANYON PW","year":2023,"precision":"hundred_block"}},{"type":"Feature","geometry":{"type":"Point","coordinates":[-111.977276,33.52113]},"properties":{"incident_type":"mountain rescue","behavioral_cluster":"recreational_underequipped","date":"2023-05-20","hour":13,"time_of_day_bucket":"day","is_weekend":true,"location_name":"57XX N ECHO CANYON PW","year":2023,"precision":"hundred_block"}},{"type":"Feature","geometry":{"type":"Point","coordinates":[-112.058514,33.64083]},"properties":{"incident_type":"check flooding condition","behavioral_cluster":"flash_flood_stranded","date":"2023-05-22","hour":1,"time_of_day_bucket":"night","is_weekend":false,"location_name":"11XX W BELL RD","year":2023,"precision":"hundred_block"}},{"type":"Feature","geometry":{"type":"Point","coordinates":[-111.985966,33.605035]},"properties":{"incident_type":"check flooding condition","behavioral_cluster":"flash_flood_stranded","date":"2023-05-23","hour":1,"time_of_day_bucket":"night","is_weekend":false,"location_name":"44XX E PARADISE VILLAGE PW N","year":2023,"precision":"hundred_block"}},{"type":"Feature","geometry":{"type":"Point","coordinates":[-112.0197,33.5307]},"properties":{"incident_type":"mountain rescue","behavioral_cluster":"recreational_underequipped","date":"2023-05-23","hour":11,"time_of_day_bucket":"day","is_weekend":false,"location_name":"39XX E PIESTEWA PEAK DR","year":2023,"precision":"preserve_centroid"}},{"type":"Feature","geometry":{"type":"Point","coordinates":[-112.117383,33.541884]},"properties":{"incident_type":"check flooding condition","behavioral_cluster":"flash_flood_stranded","date":"2023-05-27","hour":21,"time_of_day_bucket":"night","is_weekend":true,"location_name":"71XX N 27TH AV","year":2023,"precision":"hundred_block"}},{"type":"Feature","geometry":{"type":"Point","coordinates":[-111.977276,33.52113]},"properties":{"incident_type":"mountain rescue","behavioral_cluster":"recreational_underequipped","date":"2023-05-31","hour":21,"time_of_day_bucket":"night","is_weekend":false,"location_name":"57XX N ECHO CANYON PW","year":2023,"precision":"hundred_block"}},{"type":"Feature","geometry":{"type":"Point","coordinates":[-112.067365,33.571395]},"properties":{"incident_type":"check flooding condition","behavioral_cluster":"flash_flood_stranded","date":"2023-06-03","hour":10,"time_of_day_bucket":"day","is_weekend":true,"location_name":"N 5TH ST/E HATCHER RD","year":2023,"precision":"intersection"}},{"type":"Feature","geometry":{"type":"Point","coordinates":[-112.083183,33.38388]},"properties":{"incident_type":"check flooding condition","behavioral_cluster":"flash_flood_stranded","date":"2023-06-09","hour":21,"time_of_day_bucket":"night","is_weekend":false,"location_name":"68XX S 7TH LN","year":2023,"precision":"hundred_block"}},{"type":"Feature","geometry":{"type":"Point","coordinates":[-112.066717,33.598575]},"properties":{"incident_type":"mountain rescue","behavioral_cluster":"recreational_underequipped","date":"2023-06-10","hour":7,"time_of_day_bucket":"dawn","is_weekend":true,"location_name":"129XX N 7TH ST","year":2023,"precision":"hundred_block"}},{"type":"Feature","geometry":{"type":"Point","coordinates":[-112.038907,33.485445]},"properties":{"incident_type":"water rescue","behavioral_cluster":"flash_flood_stranded","date":"2023-06-11","hour":10,"time_of_day_bucket":"day","is_weekend":true,"location_name":"N 20TH ST/E MONTEREY WY","year":2023,"precision":"intersection"}},{"type":"Feature","geometry":{"type":"Point","coordinates":[-112.170199,33.733431]},"properties":{"incident_type":"mountain rescue","behavioral_cluster":"recreational_underequipped","date":"2023-06-12","hour":18,"time_of_day_bucket":"dusk","is_weekend":false,"location_name":"N STETSON VALLEY PW/W STRAIGHT ARROW LN","year":2023,"precision":"intersection"}},{"type":"Feature","geometry":{"type":"Point","coordinates":[-112.100711,33.595029]},"properties":{"incident_type":"check flooding condition","behavioral_cluster":"flash_flood_stranded","date":"2023-06-18","hour":18,"time_of_day_bucket":"dusk","is_weekend":true,"location_name":"118XX N 19TH AV","year":2023,"precision":"hundred_block"}},{"type":"Feature","geometry":{"type":"Point","coordinates":[-112.080672,33.499917]},"properties":{"incident_type":"check flooding condition","behavioral_cluster":"flash_flood_stranded","date":"2023-06-19","hour":19,"time_of_day_bucket":"dusk","is_weekend":false,"location_name":"43XX N 5TH AV","year":2023,"precision":"hundred_block"}},{"type":"Feature","geometry":{"type":"Point","coordinates":[-112.080672,33.499917]},"properties":{"incident_type":"check flooding condition","behavioral_cluster":"flash_flood_stranded","date":"2023-06-19","hour":21,"time_of_day_bucket":"night","is_weekend":false,"location_name":"43XX N 5TH AV","year":2023,"precision":"hundred_block"}},{"type":"Feature","geometry":{"type":"Point","coordinates":[-112.033323,33.549408]},"properties":{"incident_type":"mountain rescue","behavioral_cluster":"recreational_underequipped","date":"2023-06-27","hour":15,"time_of_day_bucket":"day","is_weekend":false,"location_name":"N 22ND ST/E BELMONT AV","year":2023,"precision":"intersection"}},{"type":"Feature","geometry":{"type":"Point","coordinates":[-112.095279,33.509907]},"properties":{"incident_type":"check flooding condition","behavioral_cluster":"flash_flood_stranded","date":"2023-07-01","hour":0,"time_of_day_bucket":"night","is_weekend":true,"location_name":"16XX W CAMELBACK RD","year":2023,"precision":"hundred_block"}},{"type":"Feature","geometry":{"type":"Point","coordinates":[-112.255258,33.465042]},"properties":{"incident_type":"water rescue","behavioral_cluster":"flash_flood_stranded","date":"2023-07-02","hour":6,"time_of_day_bucket":"dawn","is_weekend":true,"location_name":"N 91ST AV/W MCDOWELL RD","year":2023,"precision":"intersection"}},{"type":"Feature","geometry":{"type":"Point","coordinates":[-112.112195,33.499593]},"properties":{"incident_type":"check flooding condition","behavioral_cluster":"flash_flood_stranded","date":"2023-07-03","hour":17,"time_of_day_bucket":"dusk","is_weekend":false,"location_name":"24XX W GLENROSA AV","year":2023,"precision":"hundred_block"}},{"type":"Feature","geometry":{"type":"Point","coordinates":[-112.065669,33.487974]},"properties":{"incident_type":"check flooding condition","behavioral_cluster":"flash_flood_stranded","date":"2023-07-04","hour":12,"time_of_day_bucket":"day","is_weekend":false,"location_name":"34XX N 7TH AV","year":2023,"precision":"hundred_block"}},{"type":"Feature","geometry":{"type":"Point","coordinates":[-112.170199,33.733431]},"properties":{"incident_type":"mountain rescue","behavioral_cluster":"recreational_underequipped","date":"2023-07-06","hour":18,"time_of_day_bucket":"dusk","is_weekend":false,"location_name":"N STETSON VALLEY PW/W STRAIGHT ARROW LN","year":2023,"precision":"intersection"}},{"type":"Feature","geometry":{"type":"Point","coordinates":[-112.083962,33.4377]},"properties":{"incident_type":"check flooding condition","behavioral_cluster":"flash_flood_stranded","date":"2023-07-07","hour":10,"time_of_day_bucket":"day","is_weekend":false,"location_name":"10XX S 8TH AV","year":2023,"precision":"hundred_block"}},{"type":"Feature","geometry":{"type":"Point","coordinates":[-111.928775,33.495129]},"properties":{"incident_type":"check flooding condition","behavioral_cluster":"flash_flood_stranded","date":"2023-07-13","hour":18,"time_of_day_bucket":"dusk","is_weekend":false,"location_name":"70XX W INDIAN SCHOOL RD","year":2023,"precision":"hundred_block"}},{"type":"Feature","geometry":{"type":"Point","coordinates":[-112.168876,33.494976]},"properties":{"incident_type":"check flooding condition","behavioral_cluster":"flash_flood_stranded","date":"2023-07-14","hour":11,"time_of_day_bucket":"day","is_weekend":false,"location_name":"N 51ST AV/W INDIAN SCHOOL RD","year":2023,"precision":"intersection"}},{"type":"Feature","geometry":{"type":"Point","coordinates":[-112.100881,33.554367]},"properties":{"incident_type":"check flooding condition","behavioral_cluster":"flash_flood_stranded","date":"2023-07-14","hour":23,"time_of_day_bucket":"night","is_weekend":false,"location_name":"80XX N 19TH DR","year":2023,"precision":"hundred_block"}},{"type":"Feature","geometry":{"type":"Point","coordinates":[-112.100881,33.554367]},"properties":{"incident_type":"check flooding condition","behavioral_cluster":"flash_flood_stranded","date":"2023-07-16","hour":16,"time_of_day_bucket":"day","is_weekend":true,"location_name":"80XX N 19TH DR","year":2023,"precision":"hundred_block"}},{"type":"Feature","geometry":{"type":"Point","coordinates":[-111.998758,33.662277]},"properties":{"incident_type":"water rescue","behavioral_cluster":"flash_flood_stranded","date":"2023-07-17","hour":13,"time_of_day_bucket":"day","is_weekend":false,"location_name":"N 39TH ST/E KRISTAL WY","year":2023,"precision":"intersection"}},{"type":"Feature","geometry":{"type":"Point","coordinates":[-112.0197,33.5307]},"properties":{"incident_type":"crisis care","behavioral_cluster":"unhoused_encampment","date":"2023-07-20","hour":3,"time_of_day_bucket":"night","is_weekend":false,"location_name":"39XX E PIESTEWA PEAK DR","year":2023,"precision":"preserve_centroid"}},{"type":"Feature","geometry":{"type":"Point","coordinates":[-112.117369,33.629634]},"properties":{"incident_type":"check flooding condition","behavioral_cluster":"flash_flood_stranded","date":"2023-07-20","hour":6,"time_of_day_bucket":"dawn","is_weekend":false,"location_name":"156XX N BLACK CANYON AC","year":2023,"precision":"hundred_block"}},{"type":"Feature","geometry":{"type":"Point","coordinates":[-112.0197,33.5307]},"properties":{"incident_type":"crisis care","behavioral_cluster":"unhoused_encampment","date":"2023-07-20","hour":9,"time_of_day_bucket":"day","is_weekend":false,"location_name":"39XX E PIESTEWA PEAK DR","year":2023,"precision":"preserve_centroid"}},{"type":"Feature","geometry":{"type":"Point","coordinates":[-112.048479,33.687846]},"properties":{"incident_type":"mountain rescue","behavioral_cluster":"recreational_underequipped","date":"2023-07-20","hour":20,"time_of_day_bucket":"dusk","is_weekend":false,"location_name":"N 16TH ST/E DEER VALLEY RD","year":2023,"precision":"intersection"}},{"type":"Feature","geometry":{"type":"Point","coordinates":[-112.177751,33.487749]},"properties":{"incident_type":"water rescue","behavioral_cluster":"flash_flood_stranded","date":"2023-07-21","hour":5,"time_of_day_bucket":"dawn","is_weekend":false,"location_name":"N 55TH AV/W OSBORN RD","year":2023,"precision":"intersection"}},{"type":"Feature","geometry":{"type":"Point","coordinates":[-112.18324,33.459219]},"properties":{"incident_type":"check flooding condition","behavioral_cluster":"flash_flood_stranded","date":"2023-07-21","hour":19,"time_of_day_bucket":"dusk","is_weekend":false,"location_name":"57XX W ROOSEVELT ST","year":2023,"precision":"hundred_block"}},{"type":"Feature","geometry":{"type":"Point","coordinates":[-112.078035,33.613218]},"properties":{"incident_type":"check flooding condition","behavioral_cluster":"flash_flood_stranded","date":"2023-07-21","hour":23,"time_of_day_bucket":"night","is_weekend":false,"location_name":"1XX W TAM O SHANTER DR","year":2023,"precision":"hundred_block"}},{"type":"Feature","geometry":{"type":"Point","coordinates":[-111.974846,33.586821]},"properties":{"incident_type":"check flooding condition","behavioral_cluster":"flash_flood_stranded","date":"2023-07-22","hour":0,"time_of_day_bucket":"night","is_weekend":true,"location_name":"48XX E DESERT COVE AV","year":2023,"precision":"hundred_block"}},{"type":"Feature","geometry":{"type":"Point","coordinates":[-112.047619,33.494706]},"properties":{"incident_type":"water rescue","behavioral_cluster":"flash_flood_stranded","date":"2023-07-22","hour":7,"time_of_day_bucket":"dawn","is_weekend":true,"location_name":"N 16TH ST/E INDIAN SCHOOL RD","year":2023,"precision":"intersection"}},{"type":"Feature","geometry":{"type":"Point","coordinates":[-112.091566,33.50367]},"properties":{"incident_type":"check flooding condition","behavioral_cluster":"flash_flood_stranded","date":"2023-07-22","hour":22,"time_of_day_bucket":"night","is_weekend":true,"location_name":"45XX N 15TH AV","year":2023,"precision":"hundred_block"}},{"type":"Feature","geometry":{"type":"Point","coordinates":[-112.0197,33.5307]},"properties":{"incident_type":"mountain rescue","behavioral_cluster":"recreational_underequipped","date":"2023-07-22","hour":23,"time_of_day_bucket":"night","is_weekend":true,"location_name":"27XX E PIESTEWA PEAK DR","year":2023,"precision":"preserve_centroid"}},{"type":"Feature","geometry":{"type":"Point","coordinates":[-112.036973,33.495102]},"properties":{"incident_type":"check flooding condition","behavioral_cluster":"flash_flood_stranded","date":"2023-07-23","hour":12,"time_of_day_bucket":"day","is_weekend":true,"location_name":"20XX W INDIAN SCHOOL RD","year":2023,"precision":"hundred_block"}},{"type":"Feature","geometry":{"type":"Point","coordinates":[-112.128142,33.458922]},"properties":{"incident_type":"check flooding condition","behavioral_cluster":"flash_flood_stranded","date":"2023-07-24","hour":2,"time_of_day_bucket":"night","is_weekend":false,"location_name":"32XX E ROOSEVELT ST","year":2023,"precision":"hundred_block"}},{"type":"Feature","geometry":{"type":"Point","coordinates":[-112.227925,33.467013]},"properties":{"incident_type":"water rescue","behavioral_cluster":"flash_flood_stranded","date":"2023-07-24","hour":2,"time_of_day_bucket":"night","is_weekend":false,"location_name":"78XX W MCDOWELL RD","year":2023,"precision":"hundred_block"}},{"type":"Feature","geometry":{"type":"Point","coordinates":[-111.996356,33.37857]},"properties":{"incident_type":"check flooding condition","behavioral_cluster":"flash_flood_stranded","date":"2023-07-24","hour":21,"time_of_day_bucket":"night","is_weekend":false,"location_name":"39XX E BASELINE RD","year":2023,"precision":"hundred_block"}},{"type":"Feature","geometry":{"type":"Point","coordinates":[-111.977276,33.52113]},"properties":{"incident_type":"mountain rescue","behavioral_cluster":"recreational_underequipped","date":"2023-07-25","hour":13,"time_of_day_bucket":"day","is_weekend":false,"location_name":"57XX N ECHO CANYON PW","year":2023,"precision":"hundred_block"}},{"type":"Feature","geometry":{"type":"Point","coordinates":[-112.022609,33.627942]},"properties":{"incident_type":"check flooding condition","behavioral_cluster":"flash_flood_stranded","date":"2023-07-27","hour":21,"time_of_day_bucket":"night","is_weekend":false,"location_name":"154XX N 28TH ST","year":2023,"precision":"hundred_block"}},{"type":"Feature","geometry":{"type":"Point","coordinates":[-112.0197,33.5307]},"properties":{"incident_type":"mountain rescue","behavioral_cluster":"recreational_underequipped","date":"2023-07-31","hour":5,"time_of_day_bucket":"dawn","is_weekend":false,"location_name":"27XX E PIESTEWA PEAK DR","year":2023,"precision":"preserve_centroid"}},{"type":"Feature","geometry":{"type":"Point","coordinates":[-112.168926,33.487488]},"properties":{"incident_type":"water rescue","behavioral_cluster":"flash_flood_stranded","date":"2023-08-03","hour":8,"time_of_day_bucket":"dawn","is_weekend":false,"location_name":"N 51ST AV/W OSBORN RD","year":2023,"precision":"intersection"}},{"type":"Feature","geometry":{"type":"Point","coordinates":[-112.060615,33.408738]},"properties":{"incident_type":"check flooding condition","behavioral_cluster":"flash_flood_stranded","date":"2023-08-04","hour":0,"time_of_day_bucket":"night","is_weekend":false,"location_name":"40XX S 9TH ST","year":2023,"precision":"hundred_block"}},{"type":"Feature","geometry":{"type":"Point","coordinates":[-112.0197,33.5307]},"properties":{"incident_type":"crisis care","behavioral_cluster":"unhoused_encampment","date":"2023-08-06","hour":8,"time_of_day_bucket":"dawn","is_weekend":true,"location_name":"27XX E PIESTEWA PEAK DR","year":2023,"precision":"preserve_centroid"}},{"type":"Feature","geometry":{"type":"Point","coordinates":[-112.108469,33.484599]},"properties":{"incident_type":"check flooding condition","behavioral_cluster":"flash_flood_stranded","date":"2023-08-07","hour":9,"time_of_day_bucket":"day","is_weekend":false,"location_name":"N 23RD AV/W EARLL DR","year":2023,"precision":"intersection"}},{"type":"Feature","geometry":{"type":"Point","coordinates":[-112.053303,33.645789]},"properties":{"incident_type":"check flooding condition","behavioral_cluster":"flash_flood_stranded","date":"2023-08-07","hour":23,"time_of_day_bucket":"night","is_weekend":false,"location_name":"13XX E ANGELA DR","year":2023,"precision":"hundred_block"}},{"type":"Feature","geometry":{"type":"Point","coordinates":[-112.0197,33.5307]},"properties":{"incident_type":"mountain rescue","behavioral_cluster":"recreational_underequipped","date":"2023-08-09","hour":11,"time_of_day_bucket":"day","is_weekend":false,"location_name":"27XX E PIESTEWA PEAK DR","year":2023,"precision":"preserve_centroid"}},{"type":"Feature","geometry":{"type":"Point","coordinates":[-112.033323,33.549408]},"properties":{"incident_type":"mountain rescue","behavioral_cluster":"recreational_underequipped","date":"2023-08-12","hour":11,"time_of_day_bucket":"day","is_weekend":true,"location_name":"N 22ND ST/E BELMONT AV","year":2023,"precision":"intersection"}},{"type":"Feature","geometry":{"type":"Point","coordinates":[-112.108703,33.49323]},"properties":{"incident_type":"water rescue","behavioral_cluster":"flash_flood_stranded","date":"2023-08-14","hour":18,"time_of_day_bucket":"dusk","is_weekend":false,"location_name":"N 23RD AV/W FAIRMOUNT AV","year":2023,"precision":"intersection"}},{"type":"Feature","geometry":{"type":"Point","coordinates":[-112.058514,33.64083]},"properties":{"incident_type":"check flooding condition","behavioral_cluster":"flash_flood_stranded","date":"2023-08-14","hour":20,"time_of_day_bucket":"dusk","is_weekend":false,"location_name":"11XX W BELL RD","year":2023,"precision":"hundred_block"}},{"type":"Feature","geometry":{"type":"Point","coordinates":[-112.191057,33.456006]},"properties":{"incident_type":"check flooding condition","behavioral_cluster":"flash_flood_stranded","date":"2023-08-16","hour":1,"time_of_day_bucket":"night","is_weekend":false,"location_name":"61XX W PIERCE ST","year":2023,"precision":"hundred_block"}},{"type":"Feature","geometry":{"type":"Point","coordinates":[-112.134555,33.429663]},"properties":{"incident_type":"water rescue","behavioral_cluster":"flash_flood_stranded","date":"2023-08-20","hour":1,"time_of_day_bucket":"night","is_weekend":true,"location_name":"S 35TH AV/W DURANGO ST","year":2023,"precision":"intersection"}},{"type":"Feature","geometry":{"type":"Point","coordinates":[-112.155948,33.489288]},"properties":{"incident_type":"water rescue","behavioral_cluster":"flash_flood_stranded","date":"2023-08-20","hour":2,"time_of_day_bucket":"night","is_weekend":true,"location_name":"N 45TH AV/W CRITTENDEN LN","year":2023,"precision":"intersection"}},{"type":"Feature","geometry":{"type":"Point","coordinates":[-112.09428,33.540165]},"properties":{"incident_type":"check flooding condition","behavioral_cluster":"flash_flood_stranded","date":"2023-08-23","hour":4,"time_of_day_bucket":"night","is_weekend":false,"location_name":"16XX W GLENDALE AV","year":2023,"precision":"hundred_block"}},{"type":"Feature","geometry":{"type":"Point","coordinates":[-112.083962,33.4377]},"properties":{"incident_type":"check flooding condition","behavioral_cluster":"flash_flood_stranded","date":"2023-08-25","hour":22,"time_of_day_bucket":"night","is_weekend":false,"location_name":"10XX S 8TH AV","year":2023,"precision":"hundred_block"}},{"type":"Feature","geometry":{"type":"Point","coordinates":[-112.121306,33.611006]},"properties":{"incident_type":"check flooding condition","behavioral_cluster":"flash_flood_stranded","date":"2023-08-26","hour":7,"time_of_day_bucket":"dawn","is_weekend":true,"location_name":"29XX W THUNDERBIRD RD","year":2023,"precision":"hundred_block"}},{"type":"Feature","geometry":{"type":"Point","coordinates":[-112.083457,33.494877]},"properties":{"incident_type":"check flooding condition","behavioral_cluster":"flash_flood_stranded","date":"2023-08-27","hour":17,"time_of_day_bucket":"dusk","is_weekend":true,"location_name":"N 7TH AV/W INDIAN SCHOOL RD","year":2023,"precision":"intersection"}},{"type":"Feature","geometry":{"type":"Point","coordinates":[-112.104973,33.739835]},"properties":{"incident_type":"check flooding condition","behavioral_cluster":"flash_flood_stranded","date":"2023-08-27","hour":20,"time_of_day_bucket":"dusk","is_weekend":true,"location_name":"280XX N NORTH VALLEY PW","year":2023,"precision":"hundred_block"}},{"type":"Feature","geometry":{"type":"Point","coordinates":[-112.204323,33.494994]},"properties":{"incident_type":"check flooding condition","behavioral_cluster":"flash_flood_stranded","date":"2023-08-28","hour":21,"time_of_day_bucket":"night","is_weekend":false,"location_name":"67XX W INDIAN SCHOOL RD","year":2023,"precision":"hundred_block"}},{"type":"Feature","geometry":{"type":"Point","coordinates":[-112.151524,33.581916]},"properties":{"incident_type":"water rescue","behavioral_cluster":"flash_flood_stranded","date":"2023-08-30","hour":20,"time_of_day_bucket":"dusk","is_weekend":false,"location_name":"N 43RD AV/W PEORIA AV","year":2023,"precision":"intersection"}},{"type":"Feature","geometry":{"type":"Point","coordinates":[-112.056786,33.6258]},"properties":{"incident_type":"mountain rescue","behavioral_cluster":"recreational_underequipped","date":"2023-08-31","hour":9,"time_of_day_bucket":"day","is_weekend":false,"location_name":"N 12TH ST/E CORAL GABLES DR","year":2023,"precision":"intersection"}},{"type":"Feature","geometry":{"type":"Point","coordinates":[-112.052398,33.784677]},"properties":{"incident_type":"mountain rescue","behavioral_cluster":"recreational_underequipped","date":"2023-08-31","hour":11,"time_of_day_bucket":"day","is_weekend":false,"location_name":"N 14TH ST/E DOVE VALLEY RD","year":2023,"precision":"intersection"}},{"type":"Feature","geometry":{"type":"Point","coordinates":[-112.203508,33.853878]},"properties":{"incident_type":"water rescue","behavioral_cluster":"flash_flood_stranded","date":"2023-09-01","hour":0,"time_of_day_bucket":"night","is_weekend":false,"location_name":"N 67TH AV/N NEW RIVER RD","year":2023,"precision":"intersection"}},{"type":"Feature","geometry":{"type":"Point","coordinates":[-111.977276,33.52113]},"properties":{"incident_type":"mountain rescue","behavioral_cluster":"recreational_underequipped","date":"2023-09-06","hour":11,"time_of_day_bucket":"day","is_weekend":false,"location_name":"57XX N ECHO CANYON PW","year":2023,"precision":"hundred_block"}},{"type":"Feature","geometry":{"type":"Point","coordinates":[-112.048474,33.44868]},"properties":{"incident_type":"check flooding condition","behavioral_cluster":"flash_flood_stranded","date":"2023-09-08","hour":17,"time_of_day_bucket":"dusk","is_weekend":false,"location_name":"15XX E WASHINGTON ST","year":2023,"precision":"hundred_block"}},{"type":"Feature","geometry":{"type":"Point","coordinates":[-112.056719,33.501753]},"properties":{"incident_type":"check flooding condition","behavioral_cluster":"flash_flood_stranded","date":"2023-09-09","hour":13,"time_of_day_bucket":"day","is_weekend":true,"location_name":"44XX S 12TH ST","year":2023,"precision":"hundred_block"}},{"type":"Feature","geometry":{"type":"Point","coordinates":[-112.240876,33.426459]},"properties":{"incident_type":"check flooding condition","behavioral_cluster":"flash_flood_stranded","date":"2023-09-17","hour":3,"time_of_day_bucket":"night","is_weekend":true,"location_name":"83XX W WATKINS ST","year":2023,"precision":"hundred_block"}},{"type":"Feature","geometry":{"type":"Point","coordinates":[-111.928775,33.495129]},"properties":{"incident_type":"check flooding condition","behavioral_cluster":"flash_flood_stranded","date":"2023-09-17","hour":9,"time_of_day_bucket":"day","is_weekend":true,"location_name":"70XX W INDIAN SCHOOL RD","year":2023,"precision":"hundred_block"}},{"type":"Feature","geometry":{"type":"Point","coordinates":[-112.083291,33.377724]},"properties":{"incident_type":"water rescue","behavioral_cluster":"flash_flood_stranded","date":"2023-09-19","hour":21,"time_of_day_bucket":"night","is_weekend":false,"location_name":"S 7TH AV/W BASELINE RD","year":2023,"precision":"intersection"}},{"type":"Feature","geometry":{"type":"Point","coordinates":[-112.0905,33.673437]},"properties":{"incident_type":"check flooding condition","behavioral_cluster":"flash_flood_stranded","date":"2023-09-20","hour":21,"time_of_day_bucket":"night","is_weekend":false,"location_name":"14XX W MONTOYA LN","year":2023,"precision":"hundred_block"}},{"type":"Feature","geometry":{"type":"Point","coordinates":[-112.240058,33.506397]},"properties":{"incident_type":"check flooding condition","behavioral_cluster":"flash_flood_stranded","date":"2023-09-21","hour":12,"time_of_day_bucket":"day","is_weekend":false,"location_name":"83XX W ELM ST","year":2023,"precision":"hundred_block"}},{"type":"Feature","geometry":{"type":"Point","coordinates":[-112.136499,33.551316]},"properties":{"incident_type":"check flooding condition","behavioral_cluster":"flash_flood_stranded","date":"2023-09-29","hour":4,"time_of_day_bucket":"night","is_weekend":false,"location_name":"35XX W AUGUSTA AV","year":2023,"precision":"hundred_block"}},{"type":"Feature","geometry":{"type":"Point","coordinates":[-112.083851,33.495051]},"properties":{"incident_type":"check flooding condition","behavioral_cluster":"flash_flood_stranded","date":"2023-10-03","hour":17,"time_of_day_bucket":"dusk","is_weekend":false,"location_name":"7XX W INDIAN SCHOOL RD","year":2023,"precision":"hundred_block"}},{"type":"Feature","geometry":{"type":"Point","coordinates":[-112.0197,33.5307]},"properties":{"incident_type":"mountain rescue","behavioral_cluster":"recreational_underequipped","date":"2023-10-08","hour":9,"time_of_day_bucket":"day","is_weekend":true,"location_name":"27XX E PIESTEWA PEAK DR","year":2023,"precision":"preserve_centroid"}},{"type":"Feature","geometry":{"type":"Point","coordinates":[-112.082441,33.502779]},"properties":{"incident_type":"water rescue","behavioral_cluster":"flash_flood_stranded","date":"2023-10-08","hour":17,"time_of_day_bucket":"dusk","is_weekend":true,"location_name":"N 7TH AV/W MINNEZONA AV","year":2023,"precision":"intersection"}},{"type":"Feature","geometry":{"type":"Point","coordinates":[-112.084938,33.388848]},"properties":{"incident_type":"check flooding condition","behavioral_cluster":"flash_flood_stranded","date":"2023-10-09","hour":19,"time_of_day_bucket":"dusk","is_weekend":false,"location_name":"9XX W ALTA VISTA RD","year":2023,"precision":"hundred_block"}},{"type":"Feature","geometry":{"type":"Point","coordinates":[-112.212306,33.501915]},"properties":{"incident_type":"water rescue","behavioral_cluster":"flash_flood_stranded","date":"2023-10-11","hour":17,"time_of_day_bucket":"dusk","is_weekend":false,"location_name":"N 71ST DR/W SELLS DR","year":2023,"precision":"intersection"}},{"type":"Feature","geometry":{"type":"Point","coordinates":[-112.031627,33.366843]},"properties":{"incident_type":"mountain rescue","behavioral_cluster":"recreational_underequipped","date":"2023-10-13","hour":18,"time_of_day_bucket":"dusk","is_weekend":false,"location_name":"S 24TH ST/E VALLEY VIEW DR","year":2023,"precision":"intersection"}},{"type":"Feature","geometry":{"type":"Point","coordinates":[-112.203725,33.437205]},"properties":{"incident_type":"water rescue","behavioral_cluster":"flash_flood_stranded","date":"2023-10-19","hour":0,"time_of_day_bucket":"night","is_weekend":false,"location_name":"S 67TH AV/W BUCKEYE RD","year":2023,"precision":"intersection"}},{"type":"Feature","geometry":{"type":"Point","coordinates":[-112.169394,33.671898]},"properties":{"incident_type":"mountain rescue","behavioral_cluster":"recreational_underequipped","date":"2023-10-20","hour":18,"time_of_day_bucket":"dusk","is_weekend":false,"location_name":"N 51ST AV/W TONOPAH DR","year":2023,"precision":"intersection"}},{"type":"Feature","geometry":{"type":"Point","coordinates":[-112.057709,33.445719]},"properties":{"incident_type":"check flooding condition","behavioral_cluster":"flash_flood_stranded","date":"2023-10-21","hour":9,"time_of_day_bucket":"day","is_weekend":true,"location_name":"1XX N 12TH AV","year":2023,"precision":"hundred_block"}},{"type":"Feature","geometry":{"type":"Point","coordinates":[-112.176455,33.495192]},"properties":{"incident_type":"check flooding condition","behavioral_cluster":"flash_flood_stranded","date":"2023-10-21","hour":19,"time_of_day_bucket":"dusk","is_weekend":true,"location_name":"54XX W INDIAN SCHOOL RD","year":2023,"precision":"hundred_block"}},{"type":"Feature","geometry":{"type":"Point","coordinates":[-112.0197,33.5307]},"properties":{"incident_type":"mountain rescue","behavioral_cluster":"recreational_underequipped","date":"2023-10-26","hour":19,"time_of_day_bucket":"dusk","is_weekend":false,"location_name":"27XX E PIESTEWA PEAK DR","year":2023,"precision":"preserve_centroid"}},{"type":"Feature","geometry":{"type":"Point","coordinates":[-112.091566,33.583743]},"properties":{"incident_type":"check flooding condition","behavioral_cluster":"flash_flood_stranded","date":"2023-10-27","hour":7,"time_of_day_bucket":"dawn","is_weekend":false,"location_name":"106XX N 15TH WY","year":2023,"precision":"hundred_block"}},{"type":"Feature","geometry":{"type":"Point","coordinates":[-112.0197,33.5307]},"properties":{"incident_type":"mountain rescue","behavioral_cluster":"recreational_underequipped","date":"2023-10-27","hour":19,"time_of_day_bucket":"dusk","is_weekend":false,"location_name":"27XX E PIESTEWA PEAK DR","year":2023,"precision":"preserve_centroid"}},{"type":"Feature","geometry":{"type":"Point","coordinates":[-112.121717,33.540471]},"properties":{"incident_type":"check flooding condition","behavioral_cluster":"flash_flood_stranded","date":"2023-10-30","hour":11,"time_of_day_bucket":"day","is_weekend":false,"location_name":"28XX W GLENDALE AV","year":2023,"precision":"hundred_block"}},{"type":"Feature","geometry":{"type":"Point","coordinates":[-112.088802,33.575114]},"properties":{"incident_type":"check flooding condition","behavioral_cluster":"flash_flood_stranded","date":"2023-10-31","hour":9,"time_of_day_bucket":"day","is_weekend":false,"location_name":"12XX W MOUNTAIN VIEW RD","year":2023,"precision":"hundred_block"}},{"type":"Feature","geometry":{"type":"Point","coordinates":[-112.002106,33.454908]},"properties":{"incident_type":"water rescue","behavioral_cluster":"flash_flood_stranded","date":"2023-11-02","hour":7,"time_of_day_bucket":"dawn","is_weekend":false,"location_name":"N 37TH ST/E PIERCE ST","year":2023,"precision":"intersection"}},{"type":"Feature","geometry":{"type":"Point","coordinates":[-111.996167,33.61032]},"properties":{"incident_type":"check flooding condition","behavioral_cluster":"flash_flood_stranded","date":"2023-11-04","hour":18,"time_of_day_bucket":"dusk","is_weekend":true,"location_name":"39XX E EUGIE AV","year":2023,"precision":"hundred_block"}},{"type":"Feature","geometry":{"type":"Point","coordinates":[-112.107735,33.602715]},"properties":{"incident_type":"check flooding condition","behavioral_cluster":"flash_flood_stranded","date":"2023-11-05","hour":9,"time_of_day_bucket":"day","is_weekend":true,"location_name":"22XX W ASTER DR","year":2023,"precision":"hundred_block"}},{"type":"Feature","geometry":{"type":"Point","coordinates":[-111.96328,33.447069]},"properties":{"incident_type":"check flooding condition","behavioral_cluster":"flash_flood_stranded","date":"2023-11-06","hour":8,"time_of_day_bucket":"dawn","is_weekend":false,"location_name":"54XX E WASHINGTON ST","year":2023,"precision":"hundred_block"}},{"type":"Feature","geometry":{"type":"Point","coordinates":[-112.05103,33.52473]},"properties":{"incident_type":"check flooding condition","behavioral_cluster":"flash_flood_stranded","date":"2023-11-08","hour":23,"time_of_day_bucket":"night","is_weekend":false,"location_name":"14XX E BETHANY HOME RD","year":2023,"precision":"hundred_block"}},{"type":"Feature","geometry":{"type":"Point","coordinates":[-112.080672,33.499917]},"properties":{"incident_type":"check flooding condition","behavioral_cluster":"flash_flood_stranded","date":"2023-11-09","hour":1,"time_of_day_bucket":"night","is_weekend":false,"location_name":"43XX N 5TH AV","year":2023,"precision":"hundred_block"}},{"type":"Feature","geometry":{"type":"Point","coordinates":[-112.062443,33.392619]},"properties":{"incident_type":"check flooding condition","behavioral_cluster":"flash_flood_stranded","date":"2023-11-10","hour":3,"time_of_day_bucket":"night","is_weekend":false,"location_name":"7XX E SOUTHERN AV","year":2023,"precision":"hundred_block"}},{"type":"Feature","geometry":{"type":"Point","coordinates":[-112.037904,33.364566]},"properties":{"incident_type":"mountain rescue","behavioral_cluster":"recreational_underequipped","date":"2023-11-10","hour":9,"time_of_day_bucket":"day","is_weekend":false,"location_name":"S 21ST ST/E BETH DR","year":2023,"precision":"intersection"}},{"type":"Feature","geometry":{"type":"Point","coordinates":[-112.0197,33.5307]},"properties":{"incident_type":"mountain rescue","behavioral_cluster":"recreational_underequipped","date":"2023-11-11","hour":7,"time_of_day_bucket":"dawn","is_weekend":true,"location_name":"27XX E PIESTEWA PEAK DR","year":2023,"precision":"preserve_centroid"}},{"type":"Feature","geometry":{"type":"Point","coordinates":[-112.0197,33.5307]},"properties":{"incident_type":"mountain rescue","behavioral_cluster":"recreational_underequipped","date":"2023-11-12","hour":10,"time_of_day_bucket":"day","is_weekend":true,"location_name":"27XX E PIESTEWA PEAK DR","year":2023,"precision":"preserve_centroid"}},{"type":"Feature","geometry":{"type":"Point","coordinates":[-112.012897,33.518646]},"properties":{"incident_type":"water rescue","behavioral_cluster":"flash_flood_stranded","date":"2023-11-15","hour":5,"time_of_day_bucket":"dawn","is_weekend":false,"location_name":"N 32ND ST/E STANFORD DR","year":2023,"precision":"intersection"}},{"type":"Feature","geometry":{"type":"Point","coordinates":[-112.0197,33.5307]},"properties":{"incident_type":"mountain rescue","behavioral_cluster":"recreational_underequipped","date":"2023-11-18","hour":20,"time_of_day_bucket":"dusk","is_weekend":true,"location_name":"27XX E PIESTEWA PEAK DR","year":2023,"precision":"preserve_centroid"}},{"type":"Feature","geometry":{"type":"Point","coordinates":[-112.071195,33.445053]},"properties":{"incident_type":"check flooding condition","behavioral_cluster":"flash_flood_stranded","date":"2023-11-19","hour":18,"time_of_day_bucket":"dusk","is_weekend":true,"location_name":"S 2ND ST/E JACKSON ST","year":2023,"precision":"intersection"}},{"type":"Feature","geometry":{"type":"Point","coordinates":[-112.211356,33.502752]},"properties":{"incident_type":"water rescue","behavioral_cluster":"flash_flood_stranded","date":"2023-11-22","hour":12,"time_of_day_bucket":"day","is_weekend":false,"location_name":"N 71ST AV/W CAMPBELL AV","year":2023,"precision":"intersection"}},{"type":"Feature","geometry":{"type":"Point","coordinates":[-112.059327,33.300039]},"properties":{"incident_type":"check flooding condition","behavioral_cluster":"flash_flood_stranded","date":"2023-11-22","hour":20,"time_of_day_bucket":"dusk","is_weekend":false,"location_name":"160XX S DESERT FOOTHILLS PW","year":2023,"precision":"hundred_block"}},{"type":"Feature","geometry":{"type":"Point","coordinates":[-112.108019,33.551703]},"properties":{"incident_type":"check flooding condition","behavioral_cluster":"flash_flood_stranded","date":"2023-11-23","hour":18,"time_of_day_bucket":"dusk","is_weekend":false,"location_name":"22XX W AUGUSTA AV","year":2023,"precision":"hundred_block"}},{"type":"Feature","geometry":{"type":"Point","coordinates":[-112.101502,33.717186]},"properties":{"incident_type":"mountain rescue","behavioral_cluster":"recreational_underequipped","date":"2023-11-25","hour":11,"time_of_day_bucket":"day","is_weekend":true,"location_name":"19XX W DESERT VISTA TL","year":2023,"precision":"hundred_block"}},{"type":"Feature","geometry":{"type":"Point","coordinates":[-111.934782,33.613146]},"properties":{"incident_type":"check flooding condition","behavioral_cluster":"flash_flood_stranded","date":"2023-11-29","hour":4,"time_of_day_bucket":"night","is_weekend":false,"location_name":"138XX N 68TH ST","year":2023,"precision":"hundred_block"}},{"type":"Feature","geometry":{"type":"Point","coordinates":[-112.019171,33.492447]},"properties":{"incident_type":"check flooding condition","behavioral_cluster":"flash_flood_stranded","date":"2023-11-30","hour":0,"time_of_day_bucket":"night","is_weekend":false,"location_name":"38XX N 30TH ST","year":2023,"precision":"hundred_block"}},{"type":"Feature","geometry":{"type":"Point","coordinates":[-112.040014,33.695793]},"properties":{"incident_type":"mountain rescue","behavioral_cluster":"recreational_underequipped","date":"2023-11-30","hour":17,"time_of_day_bucket":"dusk","is_weekend":false,"location_name":"19XX E PARKSIDE LN","year":2023,"precision":"hundred_block"}},{"type":"Feature","geometry":{"type":"Point","coordinates":[-112.129623,33.495336]},"properties":{"incident_type":"check flooding condition","behavioral_cluster":"flash_flood_stranded","date":"2023-12-02","hour":2,"time_of_day_bucket":"night","is_weekend":true,"location_name":"32XX W INDIAN SCHOOL RD","year":2023,"precision":"hundred_block"}},{"type":"Feature","geometry":{"type":"Point","coordinates":[-112.076807,33.458499]},"properties":{"incident_type":"check flooding condition","behavioral_cluster":"flash_flood_stranded","date":"2023-12-07","hour":0,"time_of_day_bucket":"night","is_weekend":false,"location_name":"8XX N 2ND ST","year":2023,"precision":"hundred_block"}},{"type":"Feature","geometry":{"type":"Point","coordinates":[-112.114854,33.631488]},"properties":{"incident_type":"check flooding condition","behavioral_cluster":"flash_flood_stranded","date":"2023-12-16","hour":15,"time_of_day_bucket":"day","is_weekend":true,"location_name":"160XX N 25TH ST","year":2023,"precision":"hundred_block"}},{"type":"Feature","geometry":{"type":"Point","coordinates":[-112.047939,33.602202]},"properties":{"incident_type":"check flooding condition","behavioral_cluster":"flash_flood_stranded","date":"2023-12-20","hour":9,"time_of_day_bucket":"day","is_weekend":false,"location_name":"15XX W THUNDERBIRD RD","year":2023,"precision":"hundred_block"}},{"type":"Feature","geometry":{"type":"Point","coordinates":[-112.0197,33.5307]},"properties":{"incident_type":"mountain rescue","behavioral_cluster":"recreational_underequipped","date":"2023-12-21","hour":15,"time_of_day_bucket":"day","is_weekend":false,"location_name":"27XX E PIESTEWA PEAK DR","year":2023,"precision":"preserve_centroid"}},{"type":"Feature","geometry":{"type":"Point","coordinates":[-112.142484,33.466347]},"properties":{"incident_type":"check flooding condition","behavioral_cluster":"flash_flood_stranded","date":"2023-12-22","hour":22,"time_of_day_bucket":"night","is_weekend":false,"location_name":"38XX W MCDOWELL RD","year":2023,"precision":"hundred_block"}},{"type":"Feature","geometry":{"type":"Point","coordinates":[-112.120627,33.594867]},"properties":{"incident_type":"check flooding condition","behavioral_cluster":"flash_flood_stranded","date":"2023-12-24","hour":4,"time_of_day_bucket":"night","is_weekend":true,"location_name":"118XX N 28TH DR","year":2023,"precision":"hundred_block"}},{"type":"Feature","geometry":{"type":"Point","coordinates":[-112.168926,33.487488]},"properties":{"incident_type":"water rescue","behavioral_cluster":"flash_flood_stranded","date":"2024-01-02","hour":9,"time_of_day_bucket":"day","is_weekend":false,"location_name":"N 51ST AV/W OSBORN RD","year":2024,"precision":"intersection"}},{"type":"Feature","geometry":{"type":"Point","coordinates":[-112.118189,33.588027]},"properties":{"incident_type":"check flooding condition","behavioral_cluster":"flash_flood_stranded","date":"2024-01-04","hour":22,"time_of_day_bucket":"night","is_weekend":false,"location_name":"110XX N BILTMORE DR","year":2024,"precision":"hundred_block"}},{"type":"Feature","geometry":{"type":"Point","coordinates":[-112.107973,33.540597]},"properties":{"incident_type":"check flooding condition","behavioral_cluster":"flash_flood_stranded","date":"2024-01-05","hour":11,"time_of_day_bucket":"day","is_weekend":false,"location_name":"70XX N 23RD DR","year":2024,"precision":"hundred_block"}},{"type":"Feature","geometry":{"type":"Point","coordinates":[-112.221756,33.425064]},"properties":{"incident_type":"check flooding condition","behavioral_cluster":"flash_flood_stranded","date":"2024-01-12","hour":5,"time_of_day_bucket":"dawn","is_weekend":false,"location_name":"25XX S 75TH AV","year":2024,"precision":"hundred_block"}},{"type":"Feature","geometry":{"type":"Point","coordinates":[-112.086185,33.488028]},"properties":{"incident_type":"check flooding condition","behavioral_cluster":"flash_flood_stranded","date":"2024-01-12","hour":19,"time_of_day_bucket":"dusk","is_weekend":false,"location_name":"8XX W OSBORN RD","year":2024,"precision":"hundred_block"}},{"type":"Feature","geometry":{"type":"Point","coordinates":[-112.082445,33.503544]},"properties":{"incident_type":"water rescue","behavioral_cluster":"flash_flood_stranded","date":"2024-01-13","hour":14,"time_of_day_bucket":"day","is_weekend":true,"location_name":"N 7TH AV/W CAMPBELL AV","year":2024,"precision":"intersection"}},{"type":"Feature","geometry":{"type":"Point","coordinates":[-112.120627,33.594867]},"properties":{"incident_type":"check flooding condition","behavioral_cluster":"flash_flood_stranded","date":"2024-01-18","hour":0,"time_of_day_bucket":"night","is_weekend":false,"location_name":"118XX N 28TH DR","year":2024,"precision":"hundred_block"}},{"type":"Feature","geometry":{"type":"Point","coordinates":[-112.0197,33.5307]},"properties":{"incident_type":"mountain rescue","behavioral_cluster":"recreational_underequipped","date":"2024-01-22","hour":12,"time_of_day_bucket":"day","is_weekend":false,"location_name":"27XX E PIESTEWA PEAK DR","year":2024,"precision":"preserve_centroid"}},{"type":"Feature","geometry":{"type":"Point","coordinates":[-111.989016,33.301593]},"properties":{"incident_type":"check flooding condition","behavioral_cluster":"flash_flood_stranded","date":"2024-01-23","hour":12,"time_of_day_bucket":"day","is_weekend":false,"location_name":"S 44TH ST/E WOODLAND DR","year":2024,"precision":"intersection"}},{"type":"Feature","geometry":{"type":"Point","coordinates":[-112.134253,33.567534]},"properties":{"incident_type":"water rescue","behavioral_cluster":"flash_flood_stranded","date":"2024-01-24","hour":20,"time_of_day_bucket":"dusk","is_weekend":false,"location_name":"N 35TH AV/W DUNLAP AV","year":2024,"precision":"intersection"}},{"type":"Feature","geometry":{"type":"Point","coordinates":[-112.066717,33.598575]},"properties":{"incident_type":"mountain rescue","behavioral_cluster":"recreational_underequipped","date":"2024-01-25","hour":15,"time_of_day_bucket":"day","is_weekend":false,"location_name":"129XX N 7TH ST","year":2024,"precision":"hundred_block"}},{"type":"Feature","geometry":{"type":"Point","coordinates":[-112.095279,33.509907]},"properties":{"incident_type":"check flooding condition","behavioral_cluster":"flash_flood_stranded","date":"2024-01-26","hour":21,"time_of_day_bucket":"night","is_weekend":false,"location_name":"16XX W CAMELBACK RD","year":2024,"precision":"hundred_block"}},{"type":"Feature","geometry":{"type":"Point","coordinates":[-112.058514,33.64083]},"properties":{"incident_type":"check flooding condition","behavioral_cluster":"flash_flood_stranded","date":"2024-01-27","hour":5,"time_of_day_bucket":"dawn","is_weekend":true,"location_name":"11XX W BELL RD","year":2024,"precision":"hundred_block"}},{"type":"Feature","geometry":{"type":"Point","coordinates":[-112.058514,33.64083]},"properties":{"incident_type":"check flooding condition","behavioral_cluster":"flash_flood_stranded","date":"2024-01-27","hour":6,"time_of_day_bucket":"dawn","is_weekend":true,"location_name":"11XX W BELL RD","year":2024,"precision":"hundred_block"}},{"type":"Feature","geometry":{"type":"Point","coordinates":[-112.036973,33.495102]},"properties":{"incident_type":"check flooding condition","behavioral_cluster":"flash_flood_stranded","date":"2024-01-27","hour":13,"time_of_day_bucket":"day","is_weekend":true,"location_name":"20XX W INDIAN SCHOOL RD","year":2024,"precision":"hundred_block"}},{"type":"Feature","geometry":{"type":"Point","coordinates":[-112.086185,33.488028]},"properties":{"incident_type":"check flooding condition","behavioral_cluster":"flash_flood_stranded","date":"2024-01-31","hour":2,"time_of_day_bucket":"night","is_weekend":false,"location_name":"8XX W OSBORN RD","year":2024,"precision":"hundred_block"}},{"type":"Feature","geometry":{"type":"Point","coordinates":[-112.033575,33.642189]},"properties":{"incident_type":"check flooding condition","behavioral_cluster":"flash_flood_stranded","date":"2024-02-01","hour":0,"time_of_day_bucket":"night","is_weekend":false,"location_name":"171XX N 23RD ST","year":2024,"precision":"hundred_block"}},{"type":"Feature","geometry":{"type":"Point","coordinates":[-112.103437,33.502608]},"properties":{"incident_type":"check flooding condition","behavioral_cluster":"flash_flood_stranded","date":"2024-02-05","hour":16,"time_of_day_bucket":"day","is_weekend":false,"location_name":"20XX E CAMPBELL AV","year":2024,"precision":"hundred_block"}},{"type":"Feature","geometry":{"type":"Point","coordinates":[-112.119664,33.451434]},"properties":{"incident_type":"check flooding condition","behavioral_cluster":"flash_flood_stranded","date":"2024-02-07","hour":8,"time_of_day_bucket":"dawn","is_weekend":false,"location_name":"27XX W VAN BUREN ST","year":2024,"precision":"hundred_block"}},{"type":"Feature","geometry":{"type":"Point","coordinates":[-112.0197,33.5307]},"properties":{"incident_type":"mountain rescue","behavioral_cluster":"recreational_underequipped","date":"2024-02-09","hour":13,"time_of_day_bucket":"day","is_weekend":false,"location_name":"27XX E PIESTEWA PEAK DR","year":2024,"precision":"preserve_centroid"}},{"type":"Feature","geometry":{"type":"Point","coordinates":[-112.131513,33.302277]},"properties":{"incident_type":"mountain rescue","behavioral_cluster":"recreational_underequipped","date":"2024-02-09","hour":17,"time_of_day_bucket":"dusk","is_weekend":false,"location_name":"W BROOKWOOD CT/W MORGAN IVY LN","year":2024,"precision":"intersection"}},{"type":"Feature","geometry":{"type":"Point","coordinates":[-112.000176,33.460929]},"properties":{"incident_type":"check flooding condition","behavioral_cluster":"flash_flood_stranded","date":"2024-02-10","hour":22,"time_of_day_bucket":"night","is_weekend":true,"location_name":"12XX N 40TH ST","year":2024,"precision":"hundred_block"}},{"type":"Feature","geometry":{"type":"Point","coordinates":[-111.985151,33.408765]},"properties":{"incident_type":"check flooding condition","behavioral_cluster":"flash_flood_stranded","date":"2024-02-11","hour":22,"time_of_day_bucket":"night","is_weekend":true,"location_name":"44XX E WOOD ST","year":2024,"precision":"hundred_block"}},{"type":"Feature","geometry":{"type":"Point","coordinates":[-112.184541,33.495174]},"properties":{"incident_type":"water rescue","behavioral_cluster":"flash_flood_stranded","date":"2024-02-12","hour":8,"time_of_day_bucket":"dawn","is_weekend":false,"location_name":"N 58TH WY/E INDIAN SCHOOL RD","year":2024,"precision":"intersection"}},{"type":"Feature","geometry":{"type":"Point","coordinates":[-112.044263,33.53877]},"properties":{"incident_type":"check flooding condition","behavioral_cluster":"flash_flood_stranded","date":"2024-02-12","hour":20,"time_of_day_bucket":"dusk","is_weekend":false,"location_name":"17XX W GLENDALE AV","year":2024,"precision":"hundred_block"}},{"type":"Feature","geometry":{"type":"Point","coordinates":[-112.117054,33.491016]},"properties":{"incident_type":"water rescue","behavioral_cluster":"flash_flood_stranded","date":"2024-02-12","hour":23,"time_of_day_bucket":"night","is_weekend":false,"location_name":"N 27TH AV/W WELDON AV","year":2024,"precision":"intersection"}},{"type":"Feature","geometry":{"type":"Point","coordinates":[-112.151524,33.581916]},"properties":{"incident_type":"water rescue","behavioral_cluster":"flash_flood_stranded","date":"2024-02-17","hour":21,"time_of_day_bucket":"night","is_weekend":true,"location_name":"N 43RD AV/W PEORIA AV","year":2024,"precision":"intersection"}},{"type":"Feature","geometry":{"type":"Point","coordinates":[-112.0197,33.5307]},"properties":{"incident_type":"mountain rescue","behavioral_cluster":"recreational_underequipped","date":"2024-02-18","hour":14,"time_of_day_bucket":"day","is_weekend":true,"location_name":"27XX E PIESTEWA PEAK DR","year":2024,"precision":"preserve_centroid"}},{"type":"Feature","geometry":{"type":"Point","coordinates":[-112.024687,33.460605]},"properties":{"incident_type":"check flooding condition","behavioral_cluster":"flash_flood_stranded","date":"2024-02-19","hour":23,"time_of_day_bucket":"night","is_weekend":false,"location_name":"26XX E PORTLAND ST","year":2024,"precision":"hundred_block"}},{"type":"Feature","geometry":{"type":"Point","coordinates":[-112.102236,33.569757]},"properties":{"incident_type":"check flooding condition","behavioral_cluster":"flash_flood_stranded","date":"2024-02-20","hour":4,"time_of_day_bucket":"night","is_weekend":false,"location_name":"20XX W DUNLAP AV","year":2024,"precision":"hundred_block"}},{"type":"Feature","geometry":{"type":"Point","coordinates":[-111.933112,33.455691]},"properties":{"incident_type":"check flooding condition","behavioral_cluster":"flash_flood_stranded","date":"2024-02-23","hour":0,"time_of_day_bucket":"night","is_weekend":false,"location_name":"3XX E PIERCE ST","year":2024,"precision":"hundred_block"}},{"type":"Feature","geometry":{"type":"Point","coordinates":[-112.036973,33.495102]},"properties":{"incident_type":"check flooding condition","behavioral_cluster":"flash_flood_stranded","date":"2024-02-24","hour":3,"time_of_day_bucket":"night","is_weekend":true,"location_name":"20XX W INDIAN SCHOOL RD","year":2024,"precision":"hundred_block"}},{"type":"Feature","geometry":{"type":"Point","coordinates":[-111.995307,33.509853]},"properties":{"incident_type":"water rescue","behavioral_cluster":"flash_flood_stranded","date":"2024-02-25","hour":14,"time_of_day_bucket":"day","is_weekend":true,"location_name":"N 40TH ST/E CAMELBACK RD","year":2024,"precision":"intersection"}},{"type":"Feature","geometry":{"type":"Point","coordinates":[-112.079961,33.459975]},"properties":{"incident_type":"check flooding condition","behavioral_cluster":"flash_flood_stranded","date":"2024-02-26","hour":2,"time_of_day_bucket":"night","is_weekend":false,"location_name":"3XX E PORTLAND ST","year":2024,"precision":"hundred_block"}},{"type":"Feature","geometry":{"type":"Point","coordinates":[-112.029179,33.313824]},"properties":{"incident_type":"mountain rescue","behavioral_cluster":"recreational_underequipped","date":"2024-02-27","hour":8,"time_of_day_bucket":"dawn","is_weekend":false,"location_name":"S 24TH PL/E ROCK WREN RD","year":2024,"precision":"intersection"}},{"type":"Feature","geometry":{"type":"Point","coordinates":[-112.114072,33.387756]},"properties":{"incident_type":"check flooding condition","behavioral_cluster":"flash_flood_stranded","date":"2024-02-27","hour":16,"time_of_day_bucket":"day","is_weekend":false,"location_name":"25XX W ST CATHERINE AV","year":2024,"precision":"hundred_block"}},{"type":"Feature","geometry":{"type":"Point","coordinates":[-112.086185,33.488028]},"properties":{"incident_type":"check flooding condition","behavioral_cluster":"flash_flood_stranded","date":"2024-02-27","hour":23,"time_of_day_bucket":"night","is_weekend":false,"location_name":"8XX W OSBORN RD","year":2024,"precision":"hundred_block"}},{"type":"Feature","geometry":{"type":"Point","coordinates":[-112.036973,33.495102]},"properties":{"incident_type":"water rescue","behavioral_cluster":"flash_flood_stranded","date":"2024-02-28","hour":7,"time_of_day_bucket":"dawn","is_weekend":false,"location_name":"20XX W INDIAN SCHOOL RD","year":2024,"precision":"hundred_block"}},{"type":"Feature","geometry":{"type":"Point","coordinates":[-112.103649,33.608322]},"properties":{"incident_type":"check flooding condition","behavioral_cluster":"flash_flood_stranded","date":"2024-03-02","hour":14,"time_of_day_bucket":"day","is_weekend":true,"location_name":"20XX W EUGIE AV","year":2024,"precision":"hundred_block"}},{"type":"Feature","geometry":{"type":"Point","coordinates":[-112.037611,33.68043]},"properties":{"incident_type":"mountain rescue","behavioral_cluster":"recreational_underequipped","date":"2024-03-05","hour":13,"time_of_day_bucket":"day","is_weekend":false,"location_name":"N 21ST ST/E LONE CACTUS DR","year":2024,"precision":"intersection"}},{"type":"Feature","geometry":{"type":"Point","coordinates":[-112.135402,33.629021]},"properties":{"incident_type":"check flooding condition","behavioral_cluster":"flash_flood_stranded","date":"2024-03-07","hour":2,"time_of_day_bucket":"night","is_weekend":false,"location_name":"35XX W TIERRA BUENA LN","year":2024,"precision":"hundred_block"}},{"type":"Feature","geometry":{"type":"Point","coordinates":[-112.052484,33.565572]},"properties":{"incident_type":"mountain rescue","behavioral_cluster":"recreational_underequipped","date":"2024-03-10","hour":12,"time_of_day_bucket":"day","is_weekend":true,"location_name":"N 14TH ST/E GOLDEN LN","year":2024,"precision":"intersection"}},{"type":"Feature","geometry":{"type":"Point","coordinates":[-112.072275,33.568029]},"properties":{"incident_type":"check flooding condition","behavioral_cluster":"flash_flood_stranded","date":"2024-03-19","hour":9,"time_of_day_bucket":"day","is_weekend":false,"location_name":"XX E DUNLAP AV","year":2024,"precision":"hundred_block"}},{"type":"Feature","geometry":{"type":"Point","coordinates":[-112.069485,33.575013]},"properties":{"incident_type":"mountain rescue","behavioral_cluster":"recreational_underequipped","date":"2024-03-20","hour":18,"time_of_day_bucket":"dusk","is_weekend":false,"location_name":"N 3RD ST/E MOUNTAIN VIEW RD","year":2024,"precision":"intersection"}},{"type":"Feature","geometry":{"type":"Point","coordinates":[-112.102042,33.432309]},"properties":{"incident_type":"check flooding condition","behavioral_cluster":"flash_flood_stranded","date":"2024-03-21","hour":22,"time_of_day_bucket":"night","is_weekend":false,"location_name":"19XX W COCOPAH ST","year":2024,"precision":"hundred_block"}},{"type":"Feature","geometry":{"type":"Point","coordinates":[-112.057934,33.54993]},"properties":{"incident_type":"check flooding condition","behavioral_cluster":"flash_flood_stranded","date":"2024-03-22","hour":23,"time_of_day_bucket":"night","is_weekend":false,"location_name":"77XX N 12TH ST","year":2024,"precision":"hundred_block"}},{"type":"Feature","geometry":{"type":"Point","coordinates":[-112.118189,33.588027]},"properties":{"incident_type":"check flooding condition","behavioral_cluster":"flash_flood_stranded","date":"2024-03-24","hour":12,"time_of_day_bucket":"day","is_weekend":true,"location_name":"110XX N BILTMORE DR","year":2024,"precision":"hundred_block"}},{"type":"Feature","geometry":{"type":"Point","coordinates":[-112.000176,33.460929]},"properties":{"incident_type":"check flooding condition","behavioral_cluster":"flash_flood_stranded","date":"2024-03-24","hour":17,"time_of_day_bucket":"dusk","is_weekend":true,"location_name":"12XX N 40TH ST","year":2024,"precision":"hundred_block"}},{"type":"Feature","geometry":{"type":"Point","coordinates":[-112.101502,33.717186]},"properties":{"incident_type":"mountain rescue","behavioral_cluster":"recreational_underequipped","date":"2024-03-27","hour":12,"time_of_day_bucket":"day","is_weekend":false,"location_name":"19XX W DESERT VISTA TL","year":2024,"precision":"hundred_block"}},{"type":"Feature","geometry":{"type":"Point","coordinates":[-112.109144,33.681474]},"properties":{"incident_type":"check flooding condition","behavioral_cluster":"flash_flood_stranded","date":"2024-03-29","hour":3,"time_of_day_bucket":"night","is_weekend":false,"location_name":"214XX N 23RD AV","year":2024,"precision":"hundred_block"}},{"type":"Feature","geometry":{"type":"Point","coordinates":[-112.01818,33.491673]},"properties":{"incident_type":"check flooding condition","behavioral_cluster":"flash_flood_stranded","date":"2024-03-29","hour":11,"time_of_day_bucket":"day","is_weekend":false,"location_name":"29XX W CLARENDON AV","year":2024,"precision":"hundred_block"}},{"type":"Feature","geometry":{"type":"Point","coordinates":[-112.107403,33.49521]},"properties":{"incident_type":"water rescue","behavioral_cluster":"flash_flood_stranded","date":"2024-03-29","hour":11,"time_of_day_bucket":"day","is_weekend":false,"location_name":"22XX W INDIAN SCHOOL RD","year":2024,"precision":"hundred_block"}},{"type":"Feature","geometry":{"type":"Point","coordinates":[-112.113054,33.507423]},"properties":{"incident_type":"check flooding condition","behavioral_cluster":"flash_flood_stranded","date":"2024-03-29","hour":19,"time_of_day_bucket":"dusk","is_weekend":false,"location_name":"47XX N BLACK CANYON AC","year":2024,"precision":"hundred_block"}},{"type":"Feature","geometry":{"type":"Point","coordinates":[-111.970634,33.451416]},"properties":{"incident_type":"check flooding condition","behavioral_cluster":"flash_flood_stranded","date":"2024-03-29","hour":22,"time_of_day_bucket":"night","is_weekend":false,"location_name":"51XX E VAN BUREN ST","year":2024,"precision":"hundred_block"}},{"type":"Feature","geometry":{"type":"Point","coordinates":[-112.051557,33.64254]},"properties":{"incident_type":"check flooding condition","behavioral_cluster":"flash_flood_stranded","date":"2024-03-31","hour":4,"time_of_day_bucket":"night","is_weekend":true,"location_name":"14XX E BELL RD","year":2024,"precision":"hundred_block"}},{"type":"Feature","geometry":{"type":"Point","coordinates":[-112.121306,33.611006]},"properties":{"incident_type":"check flooding condition","behavioral_cluster":"flash_flood_stranded","date":"2024-04-07","hour":13,"time_of_day_bucket":"day","is_weekend":true,"location_name":"29XX W THUNDERBIRD RD","year":2024,"precision":"hundred_block"}},{"type":"Feature","geometry":{"type":"Point","coordinates":[-112.185783,33.703245]},"properties":{"incident_type":"check flooding condition","behavioral_cluster":"flash_flood_stranded","date":"2024-04-09","hour":17,"time_of_day_bucket":"dusk","is_weekend":false,"location_name":"238XX N 58TH AV","year":2024,"precision":"hundred_block"}},{"type":"Feature","geometry":{"type":"Point","coordinates":[-112.066717,33.598575]},"properties":{"incident_type":"mountain rescue","behavioral_cluster":"recreational_underequipped","date":"2024-04-13","hour":11,"time_of_day_bucket":"day","is_weekend":true,"location_name":"129XX N 7TH ST","year":2024,"precision":"hundred_block"}},{"type":"Feature","geometry":{"type":"Point","coordinates":[-112.077776,33.698529]},"properties":{"incident_type":"check flooding condition","behavioral_cluster":"flash_flood_stranded","date":"2024-04-14","hour":8,"time_of_day_bucket":"dawn","is_weekend":true,"location_name":"2XX W PINNACLE PEAK RD","year":2024,"precision":"hundred_block"}},{"type":"Feature","geometry":{"type":"Point","coordinates":[-112.049142,33.763638]},"properties":{"incident_type":"mountain rescue","behavioral_cluster":"recreational_underequipped","date":"2024-04-14","hour":9,"time_of_day_bucket":"day","is_weekend":true,"location_name":"16XX E SONORAN DESERT DR","year":2024,"precision":"hundred_block"}},{"type":"Feature","geometry":{"type":"Point","coordinates":[-112.091539,33.512895]},"properties":{"incident_type":"check flooding condition","behavioral_cluster":"flash_flood_stranded","date":"2024-04-14","hour":22,"time_of_day_bucket":"night","is_weekend":true,"location_name":"51XX N 15TH ST","year":2024,"precision":"hundred_block"}},{"type":"Feature","geometry":{"type":"Point","coordinates":[-112.036973,33.495102]},"properties":{"incident_type":"check flooding condition","behavioral_cluster":"flash_flood_stranded","date":"2024-04-18","hour":21,"time_of_day_bucket":"night","is_weekend":false,"location_name":"20XX W INDIAN SCHOOL RD","year":2024,"precision":"hundred_block"}},{"type":"Feature","geometry":{"type":"Point","coordinates":[-112.134316,33.487677]},"properties":{"incident_type":"water rescue","behavioral_cluster":"flash_flood_stranded","date":"2024-04-21","hour":19,"time_of_day_bucket":"dusk","is_weekend":true,"location_name":"N 35TH AV/W OSBORN RD","year":2024,"precision":"intersection"}},{"type":"Feature","geometry":{"type":"Point","coordinates":[-111.977276,33.52113]},"properties":{"incident_type":"mountain rescue","behavioral_cluster":"recreational_underequipped","date":"2024-04-24","hour":6,"time_of_day_bucket":"dawn","is_weekend":false,"location_name":"57XX N ECHO CANYON PW","year":2024,"precision":"hundred_block"}},{"type":"Feature","geometry":{"type":"Point","coordinates":[-111.977276,33.52113]},"properties":{"incident_type":"mountain rescue","behavioral_cluster":"recreational_underequipped","date":"2024-04-24","hour":13,"time_of_day_bucket":"day","is_weekend":false,"location_name":"57XX N ECHO CANYON PW","year":2024,"precision":"hundred_block"}},{"type":"Feature","geometry":{"type":"Point","coordinates":[-112.047691,33.465753]},"properties":{"incident_type":"check flooding condition","behavioral_cluster":"flash_flood_stranded","date":"2024-04-24","hour":21,"time_of_day_bucket":"night","is_weekend":false,"location_name":"N 16TH ST/E MCDOWELL RD","year":2024,"precision":"intersection"}},{"type":"Feature","geometry":{"type":"Point","coordinates":[-112.056786,33.6258]},"properties":{"incident_type":"mountain rescue","behavioral_cluster":"recreational_underequipped","date":"2024-04-25","hour":22,"time_of_day_bucket":"night","is_weekend":false,"location_name":"N 12TH ST/E CORAL GABLES DR","year":2024,"precision":"intersection"}},{"type":"Feature","geometry":{"type":"Point","coordinates":[-112.0197,33.5307]},"properties":{"incident_type":"mountain rescue","behavioral_cluster":"recreational_underequipped","date":"2024-04-26","hour":10,"time_of_day_bucket":"day","is_weekend":false,"location_name":"27XX E PIESTEWA PEAK DR","year":2024,"precision":"preserve_centroid"}},{"type":"Feature","geometry":{"type":"Point","coordinates":[-112.221756,33.425064]},"properties":{"incident_type":"check flooding condition","behavioral_cluster":"flash_flood_stranded","date":"2024-04-26","hour":18,"time_of_day_bucket":"dusk","is_weekend":false,"location_name":"25XX S 75TH AV","year":2024,"precision":"hundred_block"}},{"type":"Feature","geometry":{"type":"Point","coordinates":[-112.007088,33.498666]},"properties":{"incident_type":"check flooding condition","behavioral_cluster":"flash_flood_stranded","date":"2024-04-27","hour":23,"time_of_day_bucket":"night","is_weekend":true,"location_name":"42XX N 35TH AV","year":2024,"precision":"hundred_block"}},{"type":"Feature","geometry":{"type":"Point","coordinates":[-112.049142,33.763638]},"properties":{"incident_type":"mountain rescue","behavioral_cluster":"recreational_underequipped","date":"2024-04-28","hour":10,"time_of_day_bucket":"day","is_weekend":true,"location_name":"16XX E SONORAN DESERT DR","year":2024,"precision":"hundred_block"}},{"type":"Feature","geometry":{"type":"Point","coordinates":[-111.996859,33.350607]},"properties":{"incident_type":"mountain rescue","behavioral_cluster":"recreational_underequipped","date":"2024-04-28","hour":11,"time_of_day_bucket":"day","is_weekend":true,"location_name":"S 40TH PL/E SAN GABRIEL AV","year":2024,"precision":"intersection"}},{"type":"Feature","geometry":{"type":"Point","coordinates":[-112.036973,33.495102]},"properties":{"incident_type":"check flooding condition","behavioral_cluster":"flash_flood_stranded","date":"2024-04-28","hour":12,"time_of_day_bucket":"day","is_weekend":true,"location_name":"20XX W INDIAN SCHOOL RD","year":2024,"precision":"hundred_block"}},{"type":"Feature","geometry":{"type":"Point","coordinates":[-112.096998,33.612993]},"properties":{"incident_type":"check flooding condition","behavioral_cluster":"flash_flood_stranded","date":"2024-04-28","hour":19,"time_of_day_bucket":"dusk","is_weekend":true,"location_name":"17XX E THUNDERBIRD RD","year":2024,"precision":"hundred_block"}},{"type":"Feature","geometry":{"type":"Point","coordinates":[-111.991896,33.788763]},"properties":{"incident_type":"check flooding condition","behavioral_cluster":"flash_flood_stranded","date":"2024-05-02","hour":20,"time_of_day_bucket":"dusk","is_weekend":false,"location_name":"335XX N DOVE LAKES DR","year":2024,"precision":"hundred_block"}},{"type":"Feature","geometry":{"type":"Point","coordinates":[-112.133578,33.568083]},"properties":{"incident_type":"check flooding condition","behavioral_cluster":"flash_flood_stranded","date":"2024-05-06","hour":23,"time_of_day_bucket":"night","is_weekend":false,"location_name":"34XX W DUNLAP AV","year":2024,"precision":"hundred_block"}},{"type":"Feature","geometry":{"type":"Point","coordinates":[-112.0197,33.5307]},"properties":{"incident_type":"mountain rescue","behavioral_cluster":"recreational_underequipped","date":"2024-05-07","hour":19,"time_of_day_bucket":"dusk","is_weekend":false,"location_name":"27XX E PIESTEWA PEAK DR","year":2024,"precision":"preserve_centroid"}},{"type":"Feature","geometry":{"type":"Point","coordinates":[-112.129623,33.495336]},"properties":{"incident_type":"check flooding condition","behavioral_cluster":"flash_flood_stranded","date":"2024-05-07","hour":21,"time_of_day_bucket":"night","is_weekend":false,"location_name":"32XX W INDIAN SCHOOL RD","year":2024,"precision":"hundred_block"}},{"type":"Feature","geometry":{"type":"Point","coordinates":[-112.129623,33.495336]},"properties":{"incident_type":"check flooding condition","behavioral_cluster":"flash_flood_stranded","date":"2024-05-08","hour":2,"time_of_day_bucket":"night","is_weekend":false,"location_name":"32XX W INDIAN SCHOOL RD","year":2024,"precision":"hundred_block"}},{"type":"Feature","geometry":{"type":"Point","coordinates":[-112.145144,33.490737]},"properties":{"incident_type":"water rescue","behavioral_cluster":"flash_flood_stranded","date":"2024-05-12","hour":21,"time_of_day_bucket":"night","is_weekend":true,"location_name":"N 40TH AV/W WHITTON AV","year":2024,"precision":"intersection"}},{"type":"Feature","geometry":{"type":"Point","coordinates":[-112.114508,33.715548]},"properties":{"incident_type":"check flooding condition","behavioral_cluster":"flash_flood_stranded","date":"2024-05-13","hour":12,"time_of_day_bucket":"day","is_weekend":false,"location_name":"25XX W HAPPY VALLEY RD","year":2024,"precision":"hundred_block"}},{"type":"Feature","geometry":{"type":"Point","coordinates":[-112.038318,33.558597]},"properties":{"incident_type":"mountain rescue","behavioral_cluster":"recreational_underequipped","date":"2024-05-19","hour":11,"time_of_day_bucket":"day","is_weekend":true,"location_name":"A51/E NORTHERN AV SB OF","year":2024,"precision":"intersection"}},{"type":"Feature","geometry":{"type":"Point","coordinates":[-112.093569,33.480495]},"properties":{"incident_type":"check flooding condition","behavioral_cluster":"flash_flood_stranded","date":"2024-05-20","hour":6,"time_of_day_bucket":"dawn","is_weekend":false,"location_name":"N 16TH AV/W THOMAS RD","year":2024,"precision":"intersection"}},{"type":"Feature","geometry":{"type":"Point","coordinates":[-112.036347,33.610752]},"properties":{"incident_type":"mountain rescue","behavioral_cluster":"recreational_underequipped","date":"2024-05-24","hour":13,"time_of_day_bucket":"day","is_weekend":false,"location_name":"136XX N CAVE CREEK RD","year":2024,"precision":"hundred_block"}},{"type":"Feature","geometry":{"type":"Point","coordinates":[-112.233761,33.494544]},"properties":{"incident_type":"check flooding condition","behavioral_cluster":"flash_flood_stranded","date":"2024-05-26","hour":18,"time_of_day_bucket":"dusk","is_weekend":true,"location_name":"81XX W INDIAN SCHOOL RD","year":2024,"precision":"hundred_block"}},{"type":"Feature","geometry":{"type":"Point","coordinates":[-111.965125,33.678252]},"properties":{"incident_type":"check flooding condition","behavioral_cluster":"flash_flood_stranded","date":"2024-05-27","hour":17,"time_of_day_bucket":"dusk","is_weekend":false,"location_name":"53XX E DEER VALLEY DR","year":2024,"precision":"hundred_block"}},{"type":"Feature","geometry":{"type":"Point","coordinates":[-112.0197,33.5307]},"properties":{"incident_type":"mountain rescue","behavioral_cluster":"recreational_underequipped","date":"2024-05-29","hour":1,"time_of_day_bucket":"night","is_weekend":false,"location_name":"27XX E PIESTEWA PEAK DR","year":2024,"precision":"preserve_centroid"}},{"type":"Feature","geometry":{"type":"Point","coordinates":[-112.263863,33.464889]},"properties":{"incident_type":"water rescue","behavioral_cluster":"flash_flood_stranded","date":"2024-06-04","hour":5,"time_of_day_bucket":"dawn","is_weekend":false,"location_name":"N 95TH AV/W MCDOWELL RD","year":2024,"precision":"intersection"}},{"type":"Feature","geometry":{"type":"Point","coordinates":[-112.057934,33.54993]},"properties":{"incident_type":"check flooding condition","behavioral_cluster":"flash_flood_stranded","date":"2024-06-09","hour":23,"time_of_day_bucket":"night","is_weekend":true,"location_name":"77XX N 12TH ST","year":2024,"precision":"hundred_block"}},{"type":"Feature","geometry":{"type":"Point","coordinates":[-112.0197,33.5307]},"properties":{"incident_type":"mountain rescue","behavioral_cluster":"recreational_underequipped","date":"2024-06-10","hour":13,"time_of_day_bucket":"day","is_weekend":false,"location_name":"27XX E PIESTEWA PEAK DR","year":2024,"precision":"preserve_centroid"}},{"type":"Feature","geometry":{"type":"Point","coordinates":[-112.108496,33.49503]},"properties":{"incident_type":"water rescue","behavioral_cluster":"flash_flood_stranded","date":"2024-06-12","hour":1,"time_of_day_bucket":"night","is_weekend":false,"location_name":"N 23RD AV/W INDIAN SCHOOL RD","year":2024,"precision":"intersection"}},{"type":"Feature","geometry":{"type":"Point","coordinates":[-112.007871,33.61176]},"properties":{"incident_type":"check flooding condition","behavioral_cluster":"flash_flood_stranded","date":"2024-06-15","hour":0,"time_of_day_bucket":"night","is_weekend":true,"location_name":"34XX E SHARON DR","year":2024,"precision":"hundred_block"}},{"type":"Feature","geometry":{"type":"Point","coordinates":[-112.012947,33.567597]},"properties":{"incident_type":"mountain rescue","behavioral_cluster":"recreational_underequipped","date":"2024-06-15","hour":6,"time_of_day_bucket":"dawn","is_weekend":true,"location_name":"N 32ND ST/E PUGET AV","year":2024,"precision":"intersection"}},{"type":"Feature","geometry":{"type":"Point","coordinates":[-112.129479,33.798805]},"properties":{"incident_type":"check flooding condition","behavioral_cluster":"flash_flood_stranded","date":"2024-06-16","hour":8,"time_of_day_bucket":"dawn","is_weekend":true,"location_name":"346XX N NORTH VALLEY PW","year":2024,"precision":"hundred_block"}},{"type":"Feature","geometry":{"type":"Point","coordinates":[-112.073661,33.397821]},"properties":{"incident_type":"check flooding condition","behavioral_cluster":"flash_flood_stranded","date":"2024-06-16","hour":19,"time_of_day_bucket":"dusk","is_weekend":true,"location_name":"52XX S CENTRAL AV","year":2024,"precision":"hundred_block"}},{"type":"Feature","geometry":{"type":"Point","coordinates":[-112.100076,33.451254]},"properties":{"incident_type":"check flooding condition","behavioral_cluster":"flash_flood_stranded","date":"2024-06-17","hour":15,"time_of_day_bucket":"day","is_weekend":false,"location_name":"N 19TH AV/W VAN BUREN ST","year":2024,"precision":"intersection"}},{"type":"Feature","geometry":{"type":"Point","coordinates":[-112.167545,33.378165]},"properties":{"incident_type":"check flooding condition","behavioral_cluster":"flash_flood_stranded","date":"2024-06-22","hour":2,"time_of_day_bucket":"night","is_weekend":true,"location_name":"50XX W BASELINE RD","year":2024,"precision":"hundred_block"}},{"type":"Feature","geometry":{"type":"Point","coordinates":[-112.129623,33.495336]},"properties":{"incident_type":"check flooding condition","behavioral_cluster":"flash_flood_stranded","date":"2024-06-23","hour":22,"time_of_day_bucket":"night","is_weekend":true,"location_name":"32XX W INDIAN SCHOOL RD","year":2024,"precision":"hundred_block"}},{"type":"Feature","geometry":{"type":"Point","coordinates":[-112.129623,33.495336]},"properties":{"incident_type":"check flooding condition","behavioral_cluster":"flash_flood_stranded","date":"2024-06-24","hour":1,"time_of_day_bucket":"night","is_weekend":false,"location_name":"32XX W INDIAN SCHOOL RD","year":2024,"precision":"hundred_block"}},{"type":"Feature","geometry":{"type":"Point","coordinates":[-112.148698,33.395364]},"properties":{"incident_type":"check flooding condition","behavioral_cluster":"flash_flood_stranded","date":"2024-06-27","hour":11,"time_of_day_bucket":"day","is_weekend":false,"location_name":"41XX E PECAN RD","year":2024,"precision":"hundred_block"}},{"type":"Feature","geometry":{"type":"Point","coordinates":[-112.186251,33.362892]},"properties":{"incident_type":"water rescue","behavioral_cluster":"flash_flood_stranded","date":"2024-06-28","hour":12,"time_of_day_bucket":"day","is_weekend":false,"location_name":"S 59TH AV/W DOBBINS RD","year":2024,"precision":"intersection"}},{"type":"Feature","geometry":{"type":"Point","coordinates":[-112.170199,33.733431]},"properties":{"incident_type":"mountain rescue","behavioral_cluster":"recreational_underequipped","date":"2024-07-02","hour":13,"time_of_day_bucket":"day","is_weekend":false,"location_name":"N STETSON VALLEY PW/W STRAIGHT ARROW LN","year":2024,"precision":"intersection"}},{"type":"Feature","geometry":{"type":"Point","coordinates":[-112.044263,33.53877]},"properties":{"incident_type":"check flooding condition","behavioral_cluster":"flash_flood_stranded","date":"2024-07-02","hour":23,"time_of_day_bucket":"night","is_weekend":false,"location_name":"17XX W GLENDALE AV","year":2024,"precision":"hundred_block"}},{"type":"Feature","geometry":{"type":"Point","coordinates":[-112.033165,33.382098]},"properties":{"incident_type":"water rescue","behavioral_cluster":"flash_flood_stranded","date":"2024-07-03","hour":1,"time_of_day_bucket":"night","is_weekend":false,"location_name":"70XX S 24TH ST","year":2024,"precision":"hundred_block"}},{"type":"Feature","geometry":{"type":"Point","coordinates":[-111.761352,33.393672]},"properties":{"incident_type":"check flooding condition","behavioral_cluster":"flash_flood_stranded","date":"2024-07-04","hour":16,"time_of_day_bucket":"day","is_weekend":false,"location_name":"S 32ND ST/E SOUTHERN AV","year":2024,"precision":"intersection"}},{"type":"Feature","geometry":{"type":"Point","coordinates":[-112.086185,33.488028]},"properties":{"incident_type":"check flooding condition","behavioral_cluster":"flash_flood_stranded","date":"2024-07-10","hour":6,"time_of_day_bucket":"dawn","is_weekend":false,"location_name":"8XX W OSBORN RD","year":2024,"precision":"hundred_block"}},{"type":"Feature","geometry":{"type":"Point","coordinates":[-112.106011,33.707475]},"properties":{"incident_type":"check flooding condition","behavioral_cluster":"flash_flood_stranded","date":"2024-07-10","hour":22,"time_of_day_bucket":"night","is_weekend":false,"location_name":"21XX W ALAMEDA RD","year":2024,"precision":"hundred_block"}},{"type":"Feature","geometry":{"type":"Point","coordinates":[-112.034237,33.408009]},"properties":{"incident_type":"check flooding condition","behavioral_cluster":"flash_flood_stranded","date":"2024-07-12","hour":0,"time_of_day_bucket":"night","is_weekend":false,"location_name":"21XX E BROADWAY RD","year":2024,"precision":"hundred_block"}},{"type":"Feature","geometry":{"type":"Point","coordinates":[-112.018338,33.629823]},"properties":{"incident_type":"check flooding condition","behavioral_cluster":"flash_flood_stranded","date":"2024-07-13","hour":12,"time_of_day_bucket":"day","is_weekend":true,"location_name":"156XX N 29TH ST","year":2024,"precision":"hundred_block"}},{"type":"Feature","geometry":{"type":"Point","coordinates":[-112.012947,33.567597]},"properties":{"incident_type":"mountain rescue","behavioral_cluster":"recreational_underequipped","date":"2024-07-14","hour":6,"time_of_day_bucket":"dawn","is_weekend":true,"location_name":"N 32ND ST/E PUGET AV","year":2024,"precision":"intersection"}},{"type":"Feature","geometry":{"type":"Point","coordinates":[-112.06094,33.586011]},"properties":{"incident_type":"mountain rescue","behavioral_cluster":"recreational_underequipped","date":"2024-07-15","hour":6,"time_of_day_bucket":"dawn","is_weekend":false,"location_name":"108XX N 10TH DR","year":2024,"precision":"hundred_block"}},{"type":"Feature","geometry":{"type":"Point","coordinates":[-112.120983,33.571548]},"properties":{"incident_type":"water rescue","behavioral_cluster":"flash_flood_stranded","date":"2024-07-21","hour":15,"time_of_day_bucket":"day","is_weekend":true,"location_name":"N 29TH AV/N METRO PW W","year":2024,"precision":"intersection"}},{"type":"Feature","geometry":{"type":"Point","coordinates":[-111.983656,33.68331]},"properties":{"incident_type":"check flooding condition","behavioral_cluster":"flash_flood_stranded","date":"2024-07-22","hour":9,"time_of_day_bucket":"day","is_weekend":false,"location_name":"43XX E CACTUS RD","year":2024,"precision":"hundred_block"}},{"type":"Feature","geometry":{"type":"Point","coordinates":[-112.211275,33.386634]},"properties":{"incident_type":"water rescue","behavioral_cluster":"flash_flood_stranded","date":"2024-07-27","hour":4,"time_of_day_bucket":"night","is_weekend":true,"location_name":"S 71ST AV/W VINEYARD RD","year":2024,"precision":"intersection"}},{"type":"Feature","geometry":{"type":"Point","coordinates":[-112.101502,33.717186]},"properties":{"incident_type":"mountain rescue","behavioral_cluster":"recreational_underequipped","date":"2024-07-27","hour":8,"time_of_day_bucket":"dawn","is_weekend":true,"location_name":"19XX W DESERT VISTA TL","year":2024,"precision":"hundred_block"}},{"type":"Feature","geometry":{"type":"Point","coordinates":[-112.079551,33.396246]},"properties":{"incident_type":"check flooding condition","behavioral_cluster":"flash_flood_stranded","date":"2024-07-27","hour":14,"time_of_day_bucket":"day","is_weekend":true,"location_name":"4XX E SUNLAND AV","year":2024,"precision":"hundred_block"}},{"type":"Feature","geometry":{"type":"Point","coordinates":[-112.054194,33.524658]},"properties":{"incident_type":"check flooding condition","behavioral_cluster":"flash_flood_stranded","date":"2024-07-27","hour":19,"time_of_day_bucket":"dusk","is_weekend":true,"location_name":"12XX E BETHANY HOME RD","year":2024,"precision":"hundred_block"}},{"type":"Feature","geometry":{"type":"Point","coordinates":[-111.974846,33.586821]},"properties":{"incident_type":"check flooding condition","behavioral_cluster":"flash_flood_stranded","date":"2024-07-27","hour":20,"time_of_day_bucket":"dusk","is_weekend":true,"location_name":"48XX E DESERT COVE AV","year":2024,"precision":"hundred_block"}},{"type":"Feature","geometry":{"type":"Point","coordinates":[-112.058514,33.64083]},"properties":{"incident_type":"check flooding condition","behavioral_cluster":"flash_flood_stranded","date":"2024-07-29","hour":2,"time_of_day_bucket":"night","is_weekend":false,"location_name":"11XX W BELL RD","year":2024,"precision":"hundred_block"}},{"type":"Feature","geometry":{"type":"Point","coordinates":[-112.044816,33.673041]},"properties":{"incident_type":"mountain rescue","behavioral_cluster":"recreational_underequipped","date":"2024-07-31","hour":14,"time_of_day_bucket":"day","is_weekend":false,"location_name":"N 17TH WY/E MONTOYA LN","year":2024,"precision":"intersection"}},{"type":"Feature","geometry":{"type":"Point","coordinates":[-111.977964,33.64101]},"properties":{"incident_type":"check flooding condition","behavioral_cluster":"flash_flood_stranded","date":"2024-07-31","hour":21,"time_of_day_bucket":"night","is_weekend":false,"location_name":"47XX E BELL RD","year":2024,"precision":"hundred_block"}},{"type":"Feature","geometry":{"type":"Point","coordinates":[-112.039231,33.495111]},"properties":{"incident_type":"check flooding condition","behavioral_cluster":"flash_flood_stranded","date":"2024-08-03","hour":20,"time_of_day_bucket":"dusk","is_weekend":true,"location_name":"19XX E INDIAN SCHOOL RD","year":2024,"precision":"hundred_block"}},{"type":"Feature","geometry":{"type":"Point","coordinates":[-112.0197,33.5307]},"properties":{"incident_type":"mountain rescue","behavioral_cluster":"recreational_underequipped","date":"2024-08-05","hour":9,"time_of_day_bucket":"day","is_weekend":false,"location_name":"27XX E PIESTEWA PEAK DR","year":2024,"precision":"preserve_centroid"}},{"type":"Feature","geometry":{"type":"Point","coordinates":[-112.133578,33.568083]},"properties":{"incident_type":"check flooding condition","behavioral_cluster":"flash_flood_stranded","date":"2024-08-06","hour":4,"time_of_day_bucket":"night","is_weekend":false,"location_name":"34XX W DUNLAP AV","year":2024,"precision":"hundred_block"}},{"type":"Feature","geometry":{"type":"Point","coordinates":[-112.074138,33.449175]},"properties":{"incident_type":"check flooding condition","behavioral_cluster":"flash_flood_stranded","date":"2024-08-07","hour":20,"time_of_day_bucket":"dusk","is_weekend":false,"location_name":"XX S CENTRAL AV","year":2024,"precision":"hundred_block"}},{"type":"Feature","geometry":{"type":"Point","coordinates":[-112.007088,33.498666]},"properties":{"incident_type":"check flooding condition","behavioral_cluster":"flash_flood_stranded","date":"2024-08-07","hour":22,"time_of_day_bucket":"night","is_weekend":false,"location_name":"42XX N 35TH AV","year":2024,"precision":"hundred_block"}},{"type":"Feature","geometry":{"type":"Point","coordinates":[-112.047354,33.377733]},"properties":{"incident_type":"water rescue","behavioral_cluster":"flash_flood_stranded","date":"2024-08-08","hour":5,"time_of_day_bucket":"dawn","is_weekend":false,"location_name":"S 16TH ST/E BASELINE RD","year":2024,"precision":"intersection"}},{"type":"Feature","geometry":{"type":"Point","coordinates":[-112.048479,33.687846]},"properties":{"incident_type":"mountain rescue","behavioral_cluster":"recreational_underequipped","date":"2024-08-13","hour":8,"time_of_day_bucket":"dawn","is_weekend":false,"location_name":"N 16TH ST/E DEER VALLEY RD","year":2024,"precision":"intersection"}},{"type":"Feature","geometry":{"type":"Point","coordinates":[-111.961884,33.48918]},"properties":{"incident_type":"check flooding condition","behavioral_cluster":"flash_flood_stranded","date":"2024-08-14","hour":14,"time_of_day_bucket":"day","is_weekend":false,"location_name":"55XX E INDIAN SCHOOL RD","year":2024,"precision":"hundred_block"}},{"type":"Feature","geometry":{"type":"Point","coordinates":[-112.068324,33.294996]},"properties":{"incident_type":"check flooding condition","behavioral_cluster":"flash_flood_stranded","date":"2024-08-15","hour":15,"time_of_day_bucket":"day","is_weekend":false,"location_name":"166XX S 3RD PL","year":2024,"precision":"hundred_block"}},{"type":"Feature","geometry":{"type":"Point","coordinates":[-112.117194,33.422364]},"properties":{"incident_type":"water rescue","behavioral_cluster":"flash_flood_stranded","date":"2024-08-16","hour":15,"time_of_day_bucket":"day","is_weekend":false,"location_name":"S 27TH AV/W LOWER BUCKEYE RD","year":2024,"precision":"intersection"}},{"type":"Feature","geometry":{"type":"Point","coordinates":[-111.972114,33.469056]},"properties":{"incident_type":"check flooding condition","behavioral_cluster":"flash_flood_stranded","date":"2024-08-22","hour":17,"time_of_day_bucket":"dusk","is_weekend":false,"location_name":"18XX N 51ST ST","year":2024,"precision":"hundred_block"}},{"type":"Feature","geometry":{"type":"Point","coordinates":[-112.066717,33.598575]},"properties":{"incident_type":"mountain rescue","behavioral_cluster":"recreational_underequipped","date":"2024-08-27","hour":19,"time_of_day_bucket":"dusk","is_weekend":false,"location_name":"129XX N 7TH ST","year":2024,"precision":"hundred_block"}},{"type":"Feature","geometry":{"type":"Point","coordinates":[-112.107403,33.49521]},"properties":{"incident_type":"water rescue","behavioral_cluster":"flash_flood_stranded","date":"2024-08-28","hour":11,"time_of_day_bucket":"day","is_weekend":false,"location_name":"22XX W INDIAN SCHOOL RD","year":2024,"precision":"hundred_block"}},{"type":"Feature","geometry":{"type":"Point","coordinates":[-112.012947,33.567597]},"properties":{"incident_type":"mountain rescue","behavioral_cluster":"recreational_underequipped","date":"2024-08-29","hour":7,"time_of_day_bucket":"dawn","is_weekend":false,"location_name":"N 32ND ST/E PUGET AV","year":2024,"precision":"intersection"}},{"type":"Feature","geometry":{"type":"Point","coordinates":[-112.099644,33.572241]},"properties":{"incident_type":"water rescue","behavioral_cluster":"flash_flood_stranded","date":"2024-08-29","hour":17,"time_of_day_bucket":"dusk","is_weekend":false,"location_name":"N 19TH AV/W HATCHER RD","year":2024,"precision":"intersection"}},{"type":"Feature","geometry":{"type":"Point","coordinates":[-112.0197,33.5307]},"properties":{"incident_type":"mountain rescue","behavioral_cluster":"recreational_underequipped","date":"2024-08-31","hour":20,"time_of_day_bucket":"dusk","is_weekend":true,"location_name":"27XX E PIESTEWA PEAK DR","year":2024,"precision":"preserve_centroid"}},{"type":"Feature","geometry":{"type":"Point","coordinates":[-112.157519,33.866263]},"properties":{"incident_type":"check flooding condition","behavioral_cluster":"flash_flood_stranded","date":"2024-09-02","hour":6,"time_of_day_bucket":"dawn","is_weekend":false,"location_name":"45XX W MOSS SPRINGS RD","year":2024,"precision":"hundred_block"}},{"type":"Feature","geometry":{"type":"Point","coordinates":[-112.0197,33.5307]},"properties":{"incident_type":"mountain rescue","behavioral_cluster":"recreational_underequipped","date":"2024-09-03","hour":14,"time_of_day_bucket":"day","is_weekend":false,"location_name":"27XX E PIESTEWA PEAK DR","year":2024,"precision":"preserve_centroid"}},{"type":"Feature","geometry":{"type":"Point","coordinates":[-112.142938,33.490656]},"properties":{"incident_type":"water rescue","behavioral_cluster":"flash_flood_stranded","date":"2024-09-03","hour":17,"time_of_day_bucket":"dusk","is_weekend":false,"location_name":"N 39TH AV/W WHITTON AV","year":2024,"precision":"intersection"}},{"type":"Feature","geometry":{"type":"Point","coordinates":[-112.03227,33.65271]},"properties":{"incident_type":"check flooding condition","behavioral_cluster":"flash_flood_stranded","date":"2024-09-09","hour":9,"time_of_day_bucket":"day","is_weekend":false,"location_name":"182XX N CAVE CREEK RD","year":2024,"precision":"hundred_block"}},{"type":"Feature","geometry":{"type":"Point","coordinates":[-111.992029,33.495201]},"properties":{"incident_type":"check flooding condition","behavioral_cluster":"flash_flood_stranded","date":"2024-09-10","hour":23,"time_of_day_bucket":"night","is_weekend":false,"location_name":"41XX E INDIAN SCHOOL RD","year":2024,"precision":"hundred_block"}},{"type":"Feature","geometry":{"type":"Point","coordinates":[-112.12997,33.491268]},"properties":{"incident_type":"water rescue","behavioral_cluster":"flash_flood_stranded","date":"2024-09-12","hour":16,"time_of_day_bucket":"day","is_weekend":false,"location_name":"N 33RD AV/W GRAND AV","year":2024,"precision":"intersection"}},{"type":"Feature","geometry":{"type":"Point","coordinates":[-112.036973,33.495102]},"properties":{"incident_type":"check flooding condition","behavioral_cluster":"flash_flood_stranded","date":"2024-09-15","hour":0,"time_of_day_bucket":"night","is_weekend":true,"location_name":"20XX W INDIAN SCHOOL RD","year":2024,"precision":"hundred_block"}},{"type":"Feature","geometry":{"type":"Point","coordinates":[-112.043768,33.487488]},"properties":{"incident_type":"water rescue","behavioral_cluster":"flash_flood_stranded","date":"2024-09-20","hour":8,"time_of_day_bucket":"dawn","is_weekend":false,"location_name":"N 18TH ST/E OSBORN RD","year":2024,"precision":"intersection"}},{"type":"Feature","geometry":{"type":"Point","coordinates":[-112.177656,33.452226]},"properties":{"incident_type":"check flooding condition","behavioral_cluster":"flash_flood_stranded","date":"2024-09-22","hour":18,"time_of_day_bucket":"dusk","is_weekend":true,"location_name":"54XX E VAN BUREN ST","year":2024,"precision":"hundred_block"}},{"type":"Feature","geometry":{"type":"Point","coordinates":[-112.10022,33.510825]},"properties":{"incident_type":"check flooding condition","behavioral_cluster":"flash_flood_stranded","date":"2024-09-26","hour":23,"time_of_day_bucket":"night","is_weekend":false,"location_name":"50XX N 19TH AV","year":2024,"precision":"hundred_block"}},{"type":"Feature","geometry":{"type":"Point","coordinates":[-111.9933,33.404535]},"properties":{"incident_type":"check flooding condition","behavioral_cluster":"flash_flood_stranded","date":"2024-09-27","hour":17,"time_of_day_bucket":"dusk","is_weekend":false,"location_name":"40XX E COTTON CENTER BL","year":2024,"precision":"hundred_block"}},{"type":"Feature","geometry":{"type":"Point","coordinates":[-112.101502,33.717186]},"properties":{"incident_type":"mountain rescue","behavioral_cluster":"recreational_underequipped","date":"2024-09-28","hour":10,"time_of_day_bucket":"day","is_weekend":true,"location_name":"19XX W DESERT VISTA TL","year":2024,"precision":"hundred_block"}},{"type":"Feature","geometry":{"type":"Point","coordinates":[-112.0197,33.5307]},"properties":{"incident_type":"mountain rescue","behavioral_cluster":"recreational_underequipped","date":"2024-09-28","hour":12,"time_of_day_bucket":"day","is_weekend":true,"location_name":"27XX E PIESTEWA PEAK DR","year":2024,"precision":"preserve_centroid"}},{"type":"Feature","geometry":{"type":"Point","coordinates":[-112.133578,33.568083]},"properties":{"incident_type":"check flooding condition","behavioral_cluster":"flash_flood_stranded","date":"2024-09-28","hour":18,"time_of_day_bucket":"dusk","is_weekend":true,"location_name":"34XX W DUNLAP AV","year":2024,"precision":"hundred_block"}},{"type":"Feature","geometry":{"type":"Point","coordinates":[-112.073787,33.574995]},"properties":{"incident_type":"mountain rescue","behavioral_cluster":"recreational_underequipped","date":"2024-09-29","hour":16,"time_of_day_bucket":"day","is_weekend":true,"location_name":"N CENTRAL AV/E MOUNTAIN VIEW RD","year":2024,"precision":"intersection"}},{"type":"Feature","geometry":{"type":"Point","coordinates":[-112.082288,33.466113]},"properties":{"incident_type":"check flooding condition","behavioral_cluster":"flash_flood_stranded","date":"2024-10-01","hour":0,"time_of_day_bucket":"night","is_weekend":false,"location_name":"5XX E MCDOWELL RD","year":2024,"precision":"hundred_block"}},{"type":"Feature","geometry":{"type":"Point","coordinates":[-112.076735,33.453198]},"properties":{"incident_type":"check flooding condition","behavioral_cluster":"flash_flood_stranded","date":"2024-10-02","hour":6,"time_of_day_bucket":"dawn","is_weekend":false,"location_name":"3XX S 2ND AV","year":2024,"precision":"hundred_block"}},{"type":"Feature","geometry":{"type":"Point","coordinates":[-111.977276,33.52113]},"properties":{"incident_type":"mountain rescue","behavioral_cluster":"recreational_underequipped","date":"2024-10-02","hour":12,"time_of_day_bucket":"day","is_weekend":false,"location_name":"57XX N ECHO CANYON PW","year":2024,"precision":"hundred_block"}},{"type":"Feature","geometry":{"type":"Point","coordinates":[-112.091539,33.512895]},"properties":{"incident_type":"check flooding condition","behavioral_cluster":"flash_flood_stranded","date":"2024-10-03","hour":3,"time_of_day_bucket":"night","is_weekend":false,"location_name":"51XX N 15TH ST","year":2024,"precision":"hundred_block"}},{"type":"Feature","geometry":{"type":"Point","coordinates":[-111.980812,33.347214]},"properties":{"incident_type":"check flooding condition","behavioral_cluster":"flash_flood_stranded","date":"2024-10-04","hour":1,"time_of_day_bucket":"night","is_weekend":false,"location_name":"108XX S 48TH ST","year":2024,"precision":"hundred_block"}},{"type":"Feature","geometry":{"type":"Point","coordinates":[-112.101502,33.717186]},"properties":{"incident_type":"mountain rescue","behavioral_cluster":"recreational_underequipped","date":"2024-10-06","hour":10,"time_of_day_bucket":"day","is_weekend":true,"location_name":"19XX W DESERT VISTA TL","year":2024,"precision":"hundred_block"}},{"type":"Feature","geometry":{"type":"Point","coordinates":[-111.928775,33.495129]},"properties":{"incident_type":"check flooding condition","behavioral_cluster":"flash_flood_stranded","date":"2024-10-07","hour":19,"time_of_day_bucket":"dusk","is_weekend":false,"location_name":"70XX W INDIAN SCHOOL RD","year":2024,"precision":"hundred_block"}},{"type":"Feature","geometry":{"type":"Point","coordinates":[-112.022451,33.526]},"properties":{"incident_type":"check flooding condition","behavioral_cluster":"flash_flood_stranded","date":"2024-10-11","hour":3,"time_of_day_bucket":"night","is_weekend":false,"location_name":"27XX E ARIZONA BILTMORE CI","year":2024,"precision":"hundred_block"}},{"type":"Feature","geometry":{"type":"Point","coordinates":[-112.234086,33.464277]},"properties":{"incident_type":"check flooding condition","behavioral_cluster":"flash_flood_stranded","date":"2024-10-11","hour":9,"time_of_day_bucket":"day","is_weekend":false,"location_name":"81XX W GROOM CREEK RD","year":2024,"precision":"hundred_block"}},{"type":"Feature","geometry":{"type":"Point","coordinates":[-112.0197,33.5307]},"properties":{"incident_type":"mountain rescue","behavioral_cluster":"recreational_underequipped","date":"2024-10-11","hour":10,"time_of_day_bucket":"day","is_weekend":false,"location_name":"27XX E PIESTEWA PEAK DR","year":2024,"precision":"preserve_centroid"}},{"type":"Feature","geometry":{"type":"Point","coordinates":[-111.935214,33.648075]},"properties":{"incident_type":"check flooding condition","behavioral_cluster":"flash_flood_stranded","date":"2024-10-16","hour":16,"time_of_day_bucket":"day","is_weekend":false,"location_name":"178XX N 68TH ST","year":2024,"precision":"hundred_block"}},{"type":"Feature","geometry":{"type":"Point","coordinates":[-112.108496,33.49503]},"properties":{"incident_type":"water rescue","behavioral_cluster":"flash_flood_stranded","date":"2024-10-19","hour":9,"time_of_day_bucket":"day","is_weekend":true,"location_name":"N 23RD AV/W INDIAN SCHOOL RD","year":2024,"precision":"intersection"}},{"type":"Feature","geometry":{"type":"Point","coordinates":[-112.01842,33.495287]},"properties":{"incident_type":"check flooding condition","behavioral_cluster":"flash_flood_stranded","date":"2024-10-23","hour":2,"time_of_day_bucket":"night","is_weekend":false,"location_name":"29XX E INDIAN SCHOOL RD","year":2024,"precision":"hundred_block"}},{"type":"Feature","geometry":{"type":"Point","coordinates":[-112.0197,33.5307]},"properties":{"incident_type":"mountain rescue","behavioral_cluster":"recreational_underequipped","date":"2024-10-23","hour":18,"time_of_day_bucket":"dusk","is_weekend":false,"location_name":"27XX E PIESTEWA PEAK DR","year":2024,"precision":"preserve_centroid"}},{"type":"Feature","geometry":{"type":"Point","coordinates":[-112.274514,33.511752]},"properties":{"incident_type":"check flooding condition","behavioral_cluster":"flash_flood_stranded","date":"2024-10-25","hour":23,"time_of_day_bucket":"night","is_weekend":false,"location_name":"51XX N 99TH AV","year":2024,"precision":"hundred_block"}},{"type":"Feature","geometry":{"type":"Point","coordinates":[-112.067177,33.471495]},"properties":{"incident_type":"check flooding condition","behavioral_cluster":"flash_flood_stranded","date":"2024-10-27","hour":17,"time_of_day_bucket":"dusk","is_weekend":true,"location_name":"3XX W MONTE VISTA RD","year":2024,"precision":"hundred_block"}},{"type":"Feature","geometry":{"type":"Point","coordinates":[-112.067177,33.471495]},"properties":{"incident_type":"check flooding condition","behavioral_cluster":"flash_flood_stranded","date":"2024-10-27","hour":17,"time_of_day_bucket":"dusk","is_weekend":true,"location_name":"3XX E MONTE VISTA RD","year":2024,"precision":"hundred_block"}},{"type":"Feature","geometry":{"type":"Point","coordinates":[-112.038907,33.485445]},"properties":{"incident_type":"water rescue","behavioral_cluster":"flash_flood_stranded","date":"2024-10-28","hour":10,"time_of_day_bucket":"day","is_weekend":false,"location_name":"N 20TH ST/E MONTEREY WY","year":2024,"precision":"intersection"}},{"type":"Feature","geometry":{"type":"Point","coordinates":[-111.985736,33.589728]},"properties":{"incident_type":"check flooding condition","behavioral_cluster":"flash_flood_stranded","date":"2024-11-01","hour":14,"time_of_day_bucket":"day","is_weekend":false,"location_name":"112XX N 44TH CT","year":2024,"precision":"hundred_block"}},{"type":"Feature","geometry":{"type":"Point","coordinates":[-112.079079,33.377742]},"properties":{"incident_type":"water rescue","behavioral_cluster":"flash_flood_stranded","date":"2024-11-03","hour":5,"time_of_day_bucket":"dawn","is_weekend":true,"location_name":"S 4TH AV/W BASELINE RD","year":2024,"precision":"intersection"}},{"type":"Feature","geometry":{"type":"Point","coordinates":[-112.047944,33.516684]},"properties":{"incident_type":"check flooding condition","behavioral_cluster":"flash_flood_stranded","date":"2024-11-04","hour":10,"time_of_day_bucket":"day","is_weekend":false,"location_name":"15XX W MISSOURI AV","year":2024,"precision":"hundred_block"}},{"type":"Feature","geometry":{"type":"Point","coordinates":[-111.992029,33.495201]},"properties":{"incident_type":"check flooding condition","behavioral_cluster":"flash_flood_stranded","date":"2024-11-05","hour":1,"time_of_day_bucket":"night","is_weekend":false,"location_name":"41XX E INDIAN SCHOOL RD","year":2024,"precision":"hundred_block"}},{"type":"Feature","geometry":{"type":"Point","coordinates":[-112.0197,33.5307]},"properties":{"incident_type":"mountain rescue","behavioral_cluster":"recreational_underequipped","date":"2024-11-06","hour":19,"time_of_day_bucket":"dusk","is_weekend":false,"location_name":"27XX E PIESTEWA PEAK DR","year":2024,"precision":"preserve_centroid"}},{"type":"Feature","geometry":{"type":"Point","coordinates":[-112.033971,33.61635]},"properties":{"incident_type":"mountain rescue","behavioral_cluster":"recreational_underequipped","date":"2024-11-06","hour":22,"time_of_day_bucket":"night","is_weekend":false,"location_name":"N 23RD ST/N CAVE CREEK RD","year":2024,"precision":"intersection"}},{"type":"Feature","geometry":{"type":"Point","coordinates":[-112.086022,33.452361]},"properties":{"incident_type":"check flooding condition","behavioral_cluster":"flash_flood_stranded","date":"2024-11-10","hour":14,"time_of_day_bucket":"day","is_weekend":true,"location_name":"9XX E VAN BUREN ST","year":2024,"precision":"hundred_block"}},{"type":"Feature","geometry":{"type":"Point","coordinates":[-112.044118,33.590538]},"properties":{"incident_type":"mountain rescue","behavioral_cluster":"recreational_underequipped","date":"2024-11-15","hour":10,"time_of_day_bucket":"day","is_weekend":false,"location_name":"N CAVE CREEK RD/E CORTEZ ST","year":2024,"precision":"intersection"}},{"type":"Feature","geometry":{"type":"Point","coordinates":[-112.010828,33.482916]},"properties":{"incident_type":"check flooding condition","behavioral_cluster":"flash_flood_stranded","date":"2024-11-17","hour":14,"time_of_day_bucket":"day","is_weekend":true,"location_name":"32XX E PINCHOT AV","year":2024,"precision":"hundred_block"}},{"type":"Feature","geometry":{"type":"Point","coordinates":[-112.120627,33.594867]},"properties":{"incident_type":"check flooding condition","behavioral_cluster":"flash_flood_stranded","date":"2024-11-17","hour":18,"time_of_day_bucket":"dusk","is_weekend":true,"location_name":"118XX N 28TH DR","year":2024,"precision":"hundred_block"}},{"type":"Feature","geometry":{"type":"Point","coordinates":[-112.120627,33.594867]},"properties":{"incident_type":"check flooding condition","behavioral_cluster":"flash_flood_stranded","date":"2024-11-17","hour":19,"time_of_day_bucket":"dusk","is_weekend":true,"location_name":"118XX N 28TH DR","year":2024,"precision":"hundred_block"}},{"type":"Feature","geometry":{"type":"Point","coordinates":[-112.026861,33.640857]},"properties":{"incident_type":"check flooding condition","behavioral_cluster":"flash_flood_stranded","date":"2024-11-20","hour":0,"time_of_day_bucket":"night","is_weekend":false,"location_name":"25XX E BELL RD","year":2024,"precision":"hundred_block"}},{"type":"Feature","geometry":{"type":"Point","coordinates":[-112.142205,33.509781]},"properties":{"incident_type":"check flooding condition","behavioral_cluster":"flash_flood_stranded","date":"2024-11-20","hour":4,"time_of_day_bucket":"night","is_weekend":false,"location_name":"38XX E CAMELBACK RD","year":2024,"precision":"hundred_block"}},{"type":"Feature","geometry":{"type":"Point","coordinates":[-112.101502,33.717186]},"properties":{"incident_type":"mountain rescue","behavioral_cluster":"recreational_underequipped","date":"2024-11-21","hour":12,"time_of_day_bucket":"day","is_weekend":false,"location_name":"19XX W DESERT VISTA TL","year":2024,"precision":"hundred_block"}},{"type":"Feature","geometry":{"type":"Point","coordinates":[-112.0197,33.5307]},"properties":{"incident_type":"mountain rescue","behavioral_cluster":"recreational_underequipped","date":"2024-11-22","hour":10,"time_of_day_bucket":"day","is_weekend":false,"location_name":"27XX E PIESTEWA PEAK DR","year":2024,"precision":"preserve_centroid"}},{"type":"Feature","geometry":{"type":"Point","coordinates":[-112.104148,33.497784]},"properties":{"incident_type":"water rescue","behavioral_cluster":"flash_flood_stranded","date":"2024-11-23","hour":13,"time_of_day_bucket":"day","is_weekend":true,"location_name":"N 21ST AV/W HEATHERBRAE DR","year":2024,"precision":"intersection"}},{"type":"Feature","geometry":{"type":"Point","coordinates":[-112.100346,33.370434]},"properties":{"incident_type":"water rescue","behavioral_cluster":"flash_flood_stranded","date":"2024-11-25","hour":1,"time_of_day_bucket":"night","is_weekend":false,"location_name":"S 19TH AV/W SOUTH MOUNTAIN AV","year":2024,"precision":"intersection"}},{"type":"Feature","geometry":{"type":"Point","coordinates":[-112.066717,33.598575]},"properties":{"incident_type":"mountain rescue","behavioral_cluster":"recreational_underequipped","date":"2024-11-25","hour":12,"time_of_day_bucket":"day","is_weekend":false,"location_name":"129XX N 7TH ST","year":2024,"precision":"hundred_block"}},{"type":"Feature","geometry":{"type":"Point","coordinates":[-112.036973,33.495102]},"properties":{"incident_type":"check flooding condition","behavioral_cluster":"flash_flood_stranded","date":"2024-11-27","hour":4,"time_of_day_bucket":"night","is_weekend":false,"location_name":"20XX W INDIAN SCHOOL RD","year":2024,"precision":"hundred_block"}},{"type":"Feature","geometry":{"type":"Point","coordinates":[-112.22054,33.49485]},"properties":{"incident_type":"check flooding condition","behavioral_cluster":"flash_flood_stranded","date":"2024-11-27","hour":18,"time_of_day_bucket":"dusk","is_weekend":false,"location_name":"74XX W INDIAN SCHOOL RD","year":2024,"precision":"hundred_block"}},{"type":"Feature","geometry":{"type":"Point","coordinates":[-112.0197,33.5307]},"properties":{"incident_type":"mountain rescue","behavioral_cluster":"recreational_underequipped","date":"2024-11-28","hour":14,"time_of_day_bucket":"day","is_weekend":false,"location_name":"27XX E PIESTEWA PEAK DR","year":2024,"precision":"preserve_centroid"}},{"type":"Feature","geometry":{"type":"Point","coordinates":[-112.117054,33.491016]},"properties":{"incident_type":"water rescue","behavioral_cluster":"flash_flood_stranded","date":"2024-11-29","hour":16,"time_of_day_bucket":"day","is_weekend":false,"location_name":"N 27TH AV/W WELDON AV","year":2024,"precision":"intersection"}},{"type":"Feature","geometry":{"type":"Point","coordinates":[-112.098933,33.55038]},"properties":{"incident_type":"check flooding condition","behavioral_cluster":"flash_flood_stranded","date":"2024-12-01","hour":15,"time_of_day_bucket":"day","is_weekend":true,"location_name":"18XX E FRIER DR","year":2024,"precision":"hundred_block"}},{"type":"Feature","geometry":{"type":"Point","coordinates":[-112.052597,33.575094]},"properties":{"incident_type":"check flooding condition","behavioral_cluster":"flash_flood_stranded","date":"2024-12-05","hour":4,"time_of_day_bucket":"night","is_weekend":false,"location_name":"13XX E MOUNTAIN VIEW RD","year":2024,"precision":"hundred_block"}},{"type":"Feature","geometry":{"type":"Point","coordinates":[-112.261329,33.464934]},"properties":{"incident_type":"water rescue","behavioral_cluster":"flash_flood_stranded","date":"2024-12-05","hour":13,"time_of_day_bucket":"day","is_weekend":false,"location_name":"N 93RD LN/W MCDOWELL RD","year":2024,"precision":"intersection"}},{"type":"Feature","geometry":{"type":"Point","coordinates":[-112.0197,33.5307]},"properties":{"incident_type":"mountain rescue","behavioral_cluster":"recreational_underequipped","date":"2024-12-08","hour":13,"time_of_day_bucket":"day","is_weekend":true,"location_name":"27XX E PIESTEWA PEAK DR","year":2024,"precision":"preserve_centroid"}},{"type":"Feature","geometry":{"type":"Point","coordinates":[-112.128142,33.554817]},"properties":{"incident_type":"check flooding condition","behavioral_cluster":"flash_flood_stranded","date":"2024-12-08","hour":22,"time_of_day_bucket":"night","is_weekend":true,"location_name":"80XX N 32ND DR","year":2024,"precision":"hundred_block"}},{"type":"Feature","geometry":{"type":"Point","coordinates":[-112.119993,33.584859]},"properties":{"incident_type":"check flooding condition","behavioral_cluster":"flash_flood_stranded","date":"2024-12-13","hour":16,"time_of_day_bucket":"day","is_weekend":false,"location_name":"27XX W SAHUARO DR","year":2024,"precision":"hundred_block"}},{"type":"Feature","geometry":{"type":"Point","coordinates":[-112.129623,33.495336]},"properties":{"incident_type":"check flooding condition","behavioral_cluster":"flash_flood_stranded","date":"2024-12-14","hour":11,"time_of_day_bucket":"day","is_weekend":true,"location_name":"32XX W INDIAN SCHOOL RD","year":2024,"precision":"hundred_block"}},{"type":"Feature","geometry":{"type":"Point","coordinates":[-112.013284,33.490791]},"properties":{"incident_type":"check flooding condition","behavioral_cluster":"flash_flood_stranded","date":"2025-01-07","hour":0,"time_of_day_bucket":"night","is_weekend":false,"location_name":"37XX N 32ND ST","year":2025,"precision":"hundred_block"}},{"type":"Feature","geometry":{"type":"Point","coordinates":[-112.208778,33.46857]},"properties":{"incident_type":"check flooding condition","behavioral_cluster":"flash_flood_stranded","date":"2025-01-10","hour":1,"time_of_day_bucket":"night","is_weekend":false,"location_name":"69XX W BERKELEY RD","year":2025,"precision":"hundred_block"}},{"type":"Feature","geometry":{"type":"Point","coordinates":[-112.208778,33.46857]},"properties":{"incident_type":"check flooding condition","behavioral_cluster":"flash_flood_stranded","date":"2025-01-10","hour":2,"time_of_day_bucket":"night","is_weekend":false,"location_name":"69XX W BERKELEY RD","year":2025,"precision":"hundred_block"}},{"type":"Feature","geometry":{"type":"Point","coordinates":[-112.1517,33.333993]},"properties":{"incident_type":"mountain rescue","behavioral_cluster":"recreational_underequipped","date":"2025-01-12","hour":11,"time_of_day_bucket":"day","is_weekend":true,"location_name":"S 43RD AV/W ESTRELLA DR","year":2025,"precision":"intersection"}},{"type":"Feature","geometry":{"type":"Point","coordinates":[-112.112577,33.651441]},"properties":{"incident_type":"check flooding condition","behavioral_cluster":"flash_flood_stranded","date":"2025-01-12","hour":13,"time_of_day_bucket":"day","is_weekend":true,"location_name":"182XX N 25TH AV","year":2025,"precision":"hundred_block"}},{"type":"Feature","geometry":{"type":"Point","coordinates":[-112.100409,33.602805]},"properties":{"incident_type":"mountain rescue","behavioral_cluster":"recreational_underequipped","date":"2025-01-21","hour":11,"time_of_day_bucket":"day","is_weekend":false,"location_name":"128XX N 19TH AV","year":2025,"precision":"hundred_block"}},{"type":"Feature","geometry":{"type":"Point","coordinates":[-112.274293,33.422112]},"properties":{"incident_type":"check flooding condition","behavioral_cluster":"flash_flood_stranded","date":"2025-01-22","hour":8,"time_of_day_bucket":"dawn","is_weekend":false,"location_name":"99XX W LOWER BUCKEYE RD","year":2025,"precision":"hundred_block"}},{"type":"Feature","geometry":{"type":"Point","coordinates":[-112.119993,33.584859]},"properties":{"incident_type":"check flooding condition","behavioral_cluster":"flash_flood_stranded","date":"2025-01-22","hour":17,"time_of_day_bucket":"dusk","is_weekend":false,"location_name":"27XX W SAHUARO DR","year":2025,"precision":"hundred_block"}},{"type":"Feature","geometry":{"type":"Point","coordinates":[-112.084632,33.346971]},"properties":{"incident_type":"mountain rescue","behavioral_cluster":"recreational_underequipped","date":"2025-01-25","hour":20,"time_of_day_bucket":"dusk","is_weekend":true,"location_name":"W LAS RAMADAS DR/S STEPHEN MATHER DR","year":2025,"precision":"intersection"}},{"type":"Feature","geometry":{"type":"Point","coordinates":[-112.0197,33.5307]},"properties":{"incident_type":"mountain rescue","behavioral_cluster":"recreational_underequipped","date":"2025-01-26","hour":8,"time_of_day_bucket":"dawn","is_weekend":true,"location_name":"27XX E PIESTEWA PEAK DR","year":2025,"precision":"preserve_centroid"}},{"type":"Feature","geometry":{"type":"Point","coordinates":[-112.10265,33.68898]},"properties":{"incident_type":"check flooding condition","behavioral_cluster":"flash_flood_stranded","date":"2025-01-28","hour":7,"time_of_day_bucket":"dawn","is_weekend":false,"location_name":"223XX N 20TH AV","year":2025,"precision":"hundred_block"}},{"type":"Feature","geometry":{"type":"Point","coordinates":[-112.101687,33.495363]},"properties":{"incident_type":"check flooding condition","behavioral_cluster":"flash_flood_stranded","date":"2025-01-30","hour":15,"time_of_day_bucket":"day","is_weekend":false,"location_name":"19XX W INDIAN SCHOOL RD","year":2025,"precision":"hundred_block"}},{"type":"Feature","geometry":{"type":"Point","coordinates":[-112.091153,33.588441]},"properties":{"incident_type":"mountain rescue","behavioral_cluster":"recreational_underequipped","date":"2025-02-03","hour":17,"time_of_day_bucket":"dusk","is_weekend":false,"location_name":"N 15TH AV/W YUCCA ST","year":2025,"precision":"intersection"}},{"type":"Feature","geometry":{"type":"Point","coordinates":[-111.97899,33.605163]},"properties":{"incident_type":"check flooding condition","behavioral_cluster":"flash_flood_stranded","date":"2025-02-03","hour":21,"time_of_day_bucket":"night","is_weekend":false,"location_name":"47XX E PARADISE VILLAGE PW N","year":2025,"precision":"hundred_block"}},{"type":"Feature","geometry":{"type":"Point","coordinates":[-111.996117,33.569163]},"properties":{"incident_type":"mountain rescue","behavioral_cluster":"recreational_underequipped","date":"2025-02-04","hour":9,"time_of_day_bucket":"day","is_weekend":false,"location_name":"90XX N 40TH ST","year":2025,"precision":"hundred_block"}},{"type":"Feature","geometry":{"type":"Point","coordinates":[-112.186431,33.490602]},"properties":{"incident_type":"water rescue","behavioral_cluster":"flash_flood_stranded","date":"2025-02-06","hour":7,"time_of_day_bucket":"dawn","is_weekend":false,"location_name":"N 59TH AV/W COLUMBUS AV","year":2025,"precision":"intersection"}},{"type":"Feature","geometry":{"type":"Point","coordinates":[-112.049142,33.763638]},"properties":{"incident_type":"mountain rescue","behavioral_cluster":"recreational_underequipped","date":"2025-02-06","hour":12,"time_of_day_bucket":"day","is_weekend":false,"location_name":"16XX E SONORAN DESERT DR","year":2025,"precision":"hundred_block"}},{"type":"Feature","geometry":{"type":"Point","coordinates":[-112.160074,33.589143]},"properties":{"incident_type":"water rescue","behavioral_cluster":"flash_flood_stranded","date":"2025-02-06","hour":16,"time_of_day_bucket":"day","is_weekend":false,"location_name":"N 47TH AV/W CHOLLA ST","year":2025,"precision":"intersection"}},{"type":"Feature","geometry":{"type":"Point","coordinates":[-112.056804,33.496434]},"properties":{"incident_type":"check flooding condition","behavioral_cluster":"flash_flood_stranded","date":"2025-02-07","hour":1,"time_of_day_bucket":"night","is_weekend":false,"location_name":"41XX N 12TH ST","year":2025,"precision":"hundred_block"}},{"type":"Feature","geometry":{"type":"Point","coordinates":[-112.214452,33.417414]},"properties":{"incident_type":"check flooding condition","behavioral_cluster":"flash_flood_stranded","date":"2025-02-07","hour":2,"time_of_day_bucket":"night","is_weekend":false,"location_name":"71XX W SUPERIOR AV","year":2025,"precision":"hundred_block"}},{"type":"Feature","geometry":{"type":"Point","coordinates":[-112.024152,33.498261]},"properties":{"incident_type":"check flooding condition","behavioral_cluster":"flash_flood_stranded","date":"2025-02-07","hour":2,"time_of_day_bucket":"night","is_weekend":false,"location_name":"42XX N 27TH AV","year":2025,"precision":"hundred_block"}},{"type":"Feature","geometry":{"type":"Point","coordinates":[-112.049142,33.763638]},"properties":{"incident_type":"mountain rescue","behavioral_cluster":"recreational_underequipped","date":"2025-02-08","hour":10,"time_of_day_bucket":"day","is_weekend":true,"location_name":"16XX E SONORAN DESERT DR","year":2025,"precision":"hundred_block"}},{"type":"Feature","geometry":{"type":"Point","coordinates":[-112.049142,33.763638]},"properties":{"incident_type":"mountain rescue","behavioral_cluster":"recreational_underequipped","date":"2025-02-09","hour":17,"time_of_day_bucket":"dusk","is_weekend":true,"location_name":"16XX E SONORAN DESERT DR","year":2025,"precision":"hundred_block"}},{"type":"Feature","geometry":{"type":"Point","coordinates":[-112.079308,33.458508]},"properties":{"incident_type":"check flooding condition","behavioral_cluster":"flash_flood_stranded","date":"2025-02-17","hour":1,"time_of_day_bucket":"night","is_weekend":false,"location_name":"8XX N 4TH ST","year":2025,"precision":"hundred_block"}},{"type":"Feature","geometry":{"type":"Point","coordinates":[-112.16259,33.651873]},"properties":{"incident_type":"check flooding condition","behavioral_cluster":"flash_flood_stranded","date":"2025-02-17","hour":1,"time_of_day_bucket":"night","is_weekend":false,"location_name":"47XX E VILLA MARIA DR","year":2025,"precision":"hundred_block"}},{"type":"Feature","geometry":{"type":"Point","coordinates":[-112.220469,33.508998]},"properties":{"incident_type":"water rescue","behavioral_cluster":"flash_flood_stranded","date":"2025-02-18","hour":20,"time_of_day_bucket":"dusk","is_weekend":false,"location_name":"N 75TH AV/W CAMELBACK RD","year":2025,"precision":"intersection"}},{"type":"Feature","geometry":{"type":"Point","coordinates":[-112.081734,33.458526]},"properties":{"incident_type":"check flooding condition","behavioral_cluster":"flash_flood_stranded","date":"2025-02-22","hour":14,"time_of_day_bucket":"day","is_weekend":true,"location_name":"8XX N 6TH AV","year":2025,"precision":"hundred_block"}},{"type":"Feature","geometry":{"type":"Point","coordinates":[-112.0197,33.5307]},"properties":{"incident_type":"mountain rescue","behavioral_cluster":"recreational_underequipped","date":"2025-02-28","hour":10,"time_of_day_bucket":"day","is_weekend":false,"location_name":"27XX E PIESTEWA PEAK DR","year":2025,"precision":"preserve_centroid"}},{"type":"Feature","geometry":{"type":"Point","coordinates":[-111.995793,33.511986]},"properties":{"incident_type":"check flooding condition","behavioral_cluster":"flash_flood_stranded","date":"2025-02-28","hour":14,"time_of_day_bucket":"day","is_weekend":false,"location_name":"50XX S 40TH ST","year":2025,"precision":"hundred_block"}},{"type":"Feature","geometry":{"type":"Point","coordinates":[-111.985151,33.408765]},"properties":{"incident_type":"check flooding condition","behavioral_cluster":"flash_flood_stranded","date":"2025-02-28","hour":22,"time_of_day_bucket":"night","is_weekend":false,"location_name":"44XX E WOOD ST","year":2025,"precision":"hundred_block"}},{"type":"Feature","geometry":{"type":"Point","coordinates":[-111.985151,33.408765]},"properties":{"incident_type":"check flooding condition","behavioral_cluster":"flash_flood_stranded","date":"2025-02-28","hour":23,"time_of_day_bucket":"night","is_weekend":false,"location_name":"44XX E WOOD ST","year":2025,"precision":"hundred_block"}},{"type":"Feature","geometry":{"type":"Point","coordinates":[-112.0197,33.5307]},"properties":{"incident_type":"mountain rescue","behavioral_cluster":"recreational_underequipped","date":"2025-03-01","hour":15,"time_of_day_bucket":"day","is_weekend":true,"location_name":"27XX E PIESTEWA PEAK DR","year":2025,"precision":"preserve_centroid"}},{"type":"Feature","geometry":{"type":"Point","coordinates":[-112.066717,33.598575]},"properties":{"incident_type":"mountain rescue","behavioral_cluster":"recreational_underequipped","date":"2025-03-05","hour":8,"time_of_day_bucket":"dawn","is_weekend":false,"location_name":"129XX N 7TH ST","year":2025,"precision":"hundred_block"}},{"type":"Feature","geometry":{"type":"Point","coordinates":[-112.091184,33.587091]},"properties":{"incident_type":"mountain rescue","behavioral_cluster":"recreational_underequipped","date":"2025-03-11","hour":9,"time_of_day_bucket":"day","is_weekend":false,"location_name":"N 15TH AV/W SHANGRI LA RD","year":2025,"precision":"intersection"}},{"type":"Feature","geometry":{"type":"Point","coordinates":[-112.012924,33.463899]},"properties":{"incident_type":"water rescue","behavioral_cluster":"flash_flood_stranded","date":"2025-03-15","hour":5,"time_of_day_bucket":"dawn","is_weekend":true,"location_name":"N 32ND ST/E WILLETTA ST","year":2025,"precision":"intersection"}},{"type":"Feature","geometry":{"type":"Point","coordinates":[-112.030214,33.47757]},"properties":{"incident_type":"water rescue","behavioral_cluster":"flash_flood_stranded","date":"2025-03-15","hour":7,"time_of_day_bucket":"dawn","is_weekend":true,"location_name":"N 24TH ST/E CAMBRIDGE AV","year":2025,"precision":"intersection"}},{"type":"Feature","geometry":{"type":"Point","coordinates":[-111.986451,33.604011]},"properties":{"incident_type":"check flooding condition","behavioral_cluster":"flash_flood_stranded","date":"2025-03-21","hour":11,"time_of_day_bucket":"day","is_weekend":false,"location_name":"45XX E CACTUS RD","year":2025,"precision":"hundred_block"}},{"type":"Feature","geometry":{"type":"Point","coordinates":[-112.142938,33.490656]},"properties":{"incident_type":"water rescue","behavioral_cluster":"flash_flood_stranded","date":"2025-03-22","hour":3,"time_of_day_bucket":"night","is_weekend":true,"location_name":"N 39TH AV/W WHITTON AV","year":2025,"precision":"intersection"}},{"type":"Feature","geometry":{"type":"Point","coordinates":[-112.05658,33.532182]},"properties":{"incident_type":"check flooding condition","behavioral_cluster":"flash_flood_stranded","date":"2025-03-22","hour":11,"time_of_day_bucket":"day","is_weekend":true,"location_name":"11XX E SIERRA VISTA DR","year":2025,"precision":"hundred_block"}},{"type":"Feature","geometry":{"type":"Point","coordinates":[-111.761905,33.466383]},"properties":{"incident_type":"water rescue","behavioral_cluster":"flash_flood_stranded","date":"2025-03-22","hour":11,"time_of_day_bucket":"day","is_weekend":true,"location_name":"N 32ND ST/E MCDOWELL RD","year":2025,"precision":"intersection"}},{"type":"Feature","geometry":{"type":"Point","coordinates":[-112.119642,33.690699]},"properties":{"incident_type":"mountain rescue","behavioral_cluster":"recreational_underequipped","date":"2025-03-22","hour":19,"time_of_day_bucket":"dusk","is_weekend":true,"location_name":"N 28TH AV/W ROBIN LN","year":2025,"precision":"intersection"}},{"type":"Feature","geometry":{"type":"Point","coordinates":[-112.04294,33.394005]},"properties":{"incident_type":"check flooding condition","behavioral_cluster":"flash_flood_stranded","date":"2025-03-23","hour":23,"time_of_day_bucket":"night","is_weekend":true,"location_name":"17XX E HIDALGO AV","year":2025,"precision":"hundred_block"}},{"type":"Feature","geometry":{"type":"Point","coordinates":[-112.00522,33.457626]},"properties":{"incident_type":"water rescue","behavioral_cluster":"flash_flood_stranded","date":"2025-03-25","hour":7,"time_of_day_bucket":"dawn","is_weekend":false,"location_name":"E GARFIELD ST/E INDIAN TL","year":2025,"precision":"intersection"}},{"type":"Feature","geometry":{"type":"Point","coordinates":[-112.042836,33.39315]},"properties":{"incident_type":"check flooding condition","behavioral_cluster":"flash_flood_stranded","date":"2025-03-26","hour":5,"time_of_day_bucket":"dawn","is_weekend":false,"location_name":"17XX E SOUTHERN AV","year":2025,"precision":"hundred_block"}},{"type":"Feature","geometry":{"type":"Point","coordinates":[-111.9825,33.633639]},"properties":{"incident_type":"check flooding condition","behavioral_cluster":"flash_flood_stranded","date":"2025-03-31","hour":19,"time_of_day_bucket":"dusk","is_weekend":false,"location_name":"45XX E PARADISE VILLAGE PW N","year":2025,"precision":"hundred_block"}},{"type":"Feature","geometry":{"type":"Point","coordinates":[-112.066717,33.598575]},"properties":{"incident_type":"mountain rescue","behavioral_cluster":"recreational_underequipped","date":"2025-04-02","hour":13,"time_of_day_bucket":"day","is_weekend":false,"location_name":"129XX N 7TH ST","year":2025,"precision":"hundred_block"}},{"type":"Feature","geometry":{"type":"Point","coordinates":[-112.140018,33.466275]},"properties":{"incident_type":"check flooding condition","behavioral_cluster":"flash_flood_stranded","date":"2025-04-03","hour":19,"time_of_day_bucket":"dusk","is_weekend":false,"location_name":"37XX E MCDOWELL RD","year":2025,"precision":"hundred_block"}},{"type":"Feature","geometry":{"type":"Point","coordinates":[-112.033323,33.549408]},"properties":{"incident_type":"mountain rescue","behavioral_cluster":"recreational_underequipped","date":"2025-04-07","hour":7,"time_of_day_bucket":"dawn","is_weekend":false,"location_name":"N 22ND ST/E BELMONT AV","year":2025,"precision":"intersection"}},{"type":"Feature","geometry":{"type":"Point","coordinates":[-111.986136,33.358455]},"properties":{"incident_type":"mountain rescue","behavioral_cluster":"recreational_underequipped","date":"2025-04-07","hour":9,"time_of_day_bucket":"day","is_weekend":false,"location_name":"98XX S 43RD PL","year":2025,"precision":"hundred_block"}},{"type":"Feature","geometry":{"type":"Point","coordinates":[-112.0197,33.5307]},"properties":{"incident_type":"mountain rescue","behavioral_cluster":"recreational_underequipped","date":"2025-04-08","hour":15,"time_of_day_bucket":"day","is_weekend":false,"location_name":"27XX E PIESTEWA PEAK DR","year":2025,"precision":"preserve_centroid"}},{"type":"Feature","geometry":{"type":"Point","coordinates":[-112.168714,33.466302]},"properties":{"incident_type":"check flooding condition","behavioral_cluster":"flash_flood_stranded","date":"2025-04-09","hour":1,"time_of_day_bucket":"night","is_weekend":false,"location_name":"50XX E MCDOWELL RD","year":2025,"precision":"hundred_block"}},{"type":"Feature","geometry":{"type":"Point","coordinates":[-112.203702,33.496434]},"properties":{"incident_type":"check flooding condition","behavioral_cluster":"flash_flood_stranded","date":"2025-04-11","hour":4,"time_of_day_bucket":"night","is_weekend":false,"location_name":"41XX N 67TH AV","year":2025,"precision":"hundred_block"}},{"type":"Feature","geometry":{"type":"Point","coordinates":[-112.259331,33.468183]},"properties":{"incident_type":"check flooding condition","behavioral_cluster":"flash_flood_stranded","date":"2025-04-11","hour":4,"time_of_day_bucket":"night","is_weekend":false,"location_name":"92XX W BERKELEY RD","year":2025,"precision":"hundred_block"}},{"type":"Feature","geometry":{"type":"Point","coordinates":[-112.158657,33.480891]},"properties":{"incident_type":"check flooding condition","behavioral_cluster":"flash_flood_stranded","date":"2025-04-12","hour":4,"time_of_day_bucket":"night","is_weekend":true,"location_name":"46XX W THOMAS RD","year":2025,"precision":"hundred_block"}},{"type":"Feature","geometry":{"type":"Point","coordinates":[-112.101187,33.500232]},"properties":{"incident_type":"water rescue","behavioral_cluster":"flash_flood_stranded","date":"2025-04-15","hour":15,"time_of_day_bucket":"day","is_weekend":false,"location_name":"43XX N 19TH DR","year":2025,"precision":"hundred_block"}},{"type":"Feature","geometry":{"type":"Point","coordinates":[-112.075159,33.445035]},"properties":{"incident_type":"check flooding condition","behavioral_cluster":"flash_flood_stranded","date":"2025-04-20","hour":5,"time_of_day_bucket":"dawn","is_weekend":true,"location_name":"S 1ST AV/W JACKSON ST","year":2025,"precision":"intersection"}},{"type":"Feature","geometry":{"type":"Point","coordinates":[-112.115228,33.446556]},"properties":{"incident_type":"check flooding condition","behavioral_cluster":"flash_flood_stranded","date":"2025-04-22","hour":12,"time_of_day_bucket":"day","is_weekend":false,"location_name":"25XX E MADISON ST","year":2025,"precision":"hundred_block"}},{"type":"Feature","geometry":{"type":"Point","coordinates":[-112.120627,33.594867]},"properties":{"incident_type":"check flooding condition","behavioral_cluster":"flash_flood_stranded","date":"2025-04-27","hour":0,"time_of_day_bucket":"night","is_weekend":true,"location_name":"118XX N 28TH DR","year":2025,"precision":"hundred_block"}},{"type":"Feature","geometry":{"type":"Point","coordinates":[-112.076789,33.45624]},"properties":{"incident_type":"check flooding condition","behavioral_cluster":"flash_flood_stranded","date":"2025-04-30","hour":20,"time_of_day_bucket":"dusk","is_weekend":false,"location_name":"6XX N 2ND AV","year":2025,"precision":"hundred_block"}},{"type":"Feature","geometry":{"type":"Point","coordinates":[-112.080541,33.458517]},"properties":{"incident_type":"check flooding condition","behavioral_cluster":"flash_flood_stranded","date":"2025-05-01","hour":2,"time_of_day_bucket":"night","is_weekend":false,"location_name":"8XX N 5TH AV","year":2025,"precision":"hundred_block"}},{"type":"Feature","geometry":{"type":"Point","coordinates":[-111.943638,33.465879]},"properties":{"incident_type":"mountain rescue","behavioral_cluster":"recreational_underequipped","date":"2025-05-02","hour":0,"time_of_day_bucket":"night","is_weekend":false,"location_name":"N GALVIN PW/E MCDOWELL RD","year":2025,"precision":"intersection"}},{"type":"Feature","geometry":{"type":"Point","coordinates":[-112.199274,33.466194]},"properties":{"incident_type":"check flooding condition","behavioral_cluster":"flash_flood_stranded","date":"2025-05-04","hour":1,"time_of_day_bucket":"night","is_weekend":true,"location_name":"64XX W MCDOWELL RD","year":2025,"precision":"hundred_block"}},{"type":"Feature","geometry":{"type":"Point","coordinates":[-111.996117,33.569163]},"properties":{"incident_type":"mountain rescue","behavioral_cluster":"recreational_underequipped","date":"2025-05-06","hour":17,"time_of_day_bucket":"dusk","is_weekend":false,"location_name":"90XX N 40TH ST","year":2025,"precision":"hundred_block"}},{"type":"Feature","geometry":{"type":"Point","coordinates":[-112.041603,33.597558]},"properties":{"incident_type":"mountain rescue","behavioral_cluster":"recreational_underequipped","date":"2025-05-07","hour":9,"time_of_day_bucket":"day","is_weekend":false,"location_name":"N 19TH ST/E THUNDERBIRD RD","year":2025,"precision":"intersection"}},{"type":"Feature","geometry":{"type":"Point","coordinates":[-112.006822,33.466689]},"properties":{"incident_type":"check flooding condition","behavioral_cluster":"flash_flood_stranded","date":"2025-05-08","hour":23,"time_of_day_bucket":"night","is_weekend":false,"location_name":"34XX E MCDOWELL RD","year":2025,"precision":"hundred_block"}},{"type":"Feature","geometry":{"type":"Point","coordinates":[-111.996117,33.569163]},"properties":{"incident_type":"mountain rescue","behavioral_cluster":"recreational_underequipped","date":"2025-05-09","hour":19,"time_of_day_bucket":"dusk","is_weekend":false,"location_name":"90XX N 40TH ST","year":2025,"precision":"hundred_block"}},{"type":"Feature","geometry":{"type":"Point","coordinates":[-112.212666,33.494904]},"properties":{"incident_type":"check flooding condition","behavioral_cluster":"flash_flood_stranded","date":"2025-05-12","hour":2,"time_of_day_bucket":"night","is_weekend":false,"location_name":"71XX W INDIAN SCHOOL RD","year":2025,"precision":"hundred_block"}},{"type":"Feature","geometry":{"type":"Point","coordinates":[-112.041117,33.623973]},"properties":{"incident_type":"mountain rescue","behavioral_cluster":"recreational_underequipped","date":"2025-05-17","hour":8,"time_of_day_bucket":"dawn","is_weekend":true,"location_name":"19XX E JANICE WY","year":2025,"precision":"hundred_block"}},{"type":"Feature","geometry":{"type":"Point","coordinates":[-112.0197,33.5307]},"properties":{"incident_type":"mountain rescue","behavioral_cluster":"recreational_underequipped","date":"2025-05-18","hour":10,"time_of_day_bucket":"day","is_weekend":true,"location_name":"27XX E PIESTEWA PEAK DR","year":2025,"precision":"preserve_centroid"}},{"type":"Feature","geometry":{"type":"Point","coordinates":[-112.137804,33.524469]},"properties":{"incident_type":"check flooding condition","behavioral_cluster":"flash_flood_stranded","date":"2025-05-23","hour":0,"time_of_day_bucket":"night","is_weekend":false,"location_name":"36XX W BETHANY HOME RD","year":2025,"precision":"hundred_block"}},{"type":"Feature","geometry":{"type":"Point","coordinates":[-112.044263,33.53877]},"properties":{"incident_type":"check flooding condition","behavioral_cluster":"flash_flood_stranded","date":"2025-06-04","hour":23,"time_of_day_bucket":"night","is_weekend":false,"location_name":"17XX W GLENDALE AV","year":2025,"precision":"hundred_block"}},{"type":"Feature","geometry":{"type":"Point","coordinates":[-112.056511,33.589521]},"properties":{"incident_type":"mountain rescue","behavioral_cluster":"recreational_underequipped","date":"2025-06-05","hour":8,"time_of_day_bucket":"dawn","is_weekend":false,"location_name":"N 12TH ST/E CHOLLA ST","year":2025,"precision":"intersection"}},{"type":"Feature","geometry":{"type":"Point","coordinates":[-112.232997,33.464205]},"properties":{"incident_type":"check flooding condition","behavioral_cluster":"flash_flood_stranded","date":"2025-06-05","hour":11,"time_of_day_bucket":"day","is_weekend":false,"location_name":"14XX N 80TH DR","year":2025,"precision":"hundred_block"}},{"type":"Feature","geometry":{"type":"Point","coordinates":[-111.978599,33.679359]},"properties":{"incident_type":"check flooding condition","behavioral_cluster":"flash_flood_stranded","date":"2025-06-06","hour":21,"time_of_day_bucket":"night","is_weekend":false,"location_name":"211XX N TATUM BL","year":2025,"precision":"hundred_block"}},{"type":"Feature","geometry":{"type":"Point","coordinates":[-112.032971,33.574923]},"properties":{"incident_type":"mountain rescue","behavioral_cluster":"recreational_underequipped","date":"2025-06-14","hour":6,"time_of_day_bucket":"dawn","is_weekend":true,"location_name":"22XX E MOUNTAIN VIEW RD","year":2025,"precision":"hundred_block"}},{"type":"Feature","geometry":{"type":"Point","coordinates":[-111.953275,33.491904]},"properties":{"incident_type":"water rescue","behavioral_cluster":"flash_flood_stranded","date":"2025-06-15","hour":18,"time_of_day_bucket":"dusk","is_weekend":true,"location_name":"59XX E CALLE DEL PAISANO","year":2025,"precision":"hundred_block"}},{"type":"Feature","geometry":{"type":"Point","coordinates":[-112.267746,33.420609]},"properties":{"incident_type":"check flooding condition","behavioral_cluster":"flash_flood_stranded","date":"2025-06-16","hour":0,"time_of_day_bucket":"night","is_weekend":false,"location_name":"96XX W PAYSON RD","year":2025,"precision":"hundred_block"}},{"type":"Feature","geometry":{"type":"Point","coordinates":[-112.052597,33.575094]},"properties":{"incident_type":"check flooding condition","behavioral_cluster":"flash_flood_stranded","date":"2025-06-16","hour":1,"time_of_day_bucket":"night","is_weekend":false,"location_name":"13XX E MOUNTAIN VIEW RD","year":2025,"precision":"hundred_block"}},{"type":"Feature","geometry":{"type":"Point","coordinates":[-112.042557,33.53616]},"properties":{"incident_type":"check flooding condition","behavioral_cluster":"flash_flood_stranded","date":"2025-06-17","hour":22,"time_of_day_bucket":"night","is_weekend":false,"location_name":"67XX N 17TH AV","year":2025,"precision":"hundred_block"}},{"type":"Feature","geometry":{"type":"Point","coordinates":[-112.063181,33.540768]},"properties":{"incident_type":"check flooding condition","behavioral_cluster":"flash_flood_stranded","date":"2025-06-19","hour":8,"time_of_day_bucket":"dawn","is_weekend":false,"location_name":"7XX E PALMAIRE AV","year":2025,"precision":"hundred_block"}},{"type":"Feature","geometry":{"type":"Point","coordinates":[-112.107403,33.49521]},"properties":{"incident_type":"water rescue","behavioral_cluster":"flash_flood_stranded","date":"2025-06-26","hour":3,"time_of_day_bucket":"night","is_weekend":false,"location_name":"22XX W INDIAN SCHOOL RD","year":2025,"precision":"hundred_block"}},{"type":"Feature","geometry":{"type":"Point","coordinates":[-112.151646,33.487722]},"properties":{"incident_type":"water rescue","behavioral_cluster":"flash_flood_stranded","date":"2025-06-26","hour":6,"time_of_day_bucket":"dawn","is_weekend":false,"location_name":"N 43RD AV/W OSBORN RD","year":2025,"precision":"intersection"}},{"type":"Feature","geometry":{"type":"Point","coordinates":[-112.116348,33.504507]},"properties":{"incident_type":"check flooding condition","behavioral_cluster":"flash_flood_stranded","date":"2025-06-29","hour":4,"time_of_day_bucket":"night","is_weekend":true,"location_name":"26XX W HAZELWOOD ST","year":2025,"precision":"hundred_block"}},{"type":"Feature","geometry":{"type":"Point","coordinates":[-112.026024,33.674688]},"properties":{"incident_type":"check flooding condition","behavioral_cluster":"flash_flood_stranded","date":"2025-07-01","hour":10,"time_of_day_bucket":"day","is_weekend":false,"location_name":"26XX E MOHAWK LN","year":2025,"precision":"hundred_block"}},{"type":"Feature","geometry":{"type":"Point","coordinates":[-112.221756,33.425064]},"properties":{"incident_type":"check flooding condition","behavioral_cluster":"flash_flood_stranded","date":"2025-07-05","hour":11,"time_of_day_bucket":"day","is_weekend":true,"location_name":"25XX S 75TH AV","year":2025,"precision":"hundred_block"}},{"type":"Feature","geometry":{"type":"Point","coordinates":[-111.977964,33.64101]},"properties":{"incident_type":"check flooding condition","behavioral_cluster":"flash_flood_stranded","date":"2025-07-16","hour":2,"time_of_day_bucket":"night","is_weekend":false,"location_name":"47XX E BELL RD","year":2025,"precision":"hundred_block"}},{"type":"Feature","geometry":{"type":"Point","coordinates":[-112.133578,33.568083]},"properties":{"incident_type":"check flooding condition","behavioral_cluster":"flash_flood_stranded","date":"2025-07-20","hour":15,"time_of_day_bucket":"day","is_weekend":true,"location_name":"34XX W DUNLAP AV","year":2025,"precision":"hundred_block"}},{"type":"Feature","geometry":{"type":"Point","coordinates":[-112.042557,33.53616]},"properties":{"incident_type":"check flooding condition","behavioral_cluster":"flash_flood_stranded","date":"2025-07-29","hour":3,"time_of_day_bucket":"night","is_weekend":false,"location_name":"67XX N 17TH AV","year":2025,"precision":"hundred_block"}},{"type":"Feature","geometry":{"type":"Point","coordinates":[-112.047939,33.602202]},"properties":{"incident_type":"check flooding condition","behavioral_cluster":"flash_flood_stranded","date":"2025-07-29","hour":7,"time_of_day_bucket":"dawn","is_weekend":false,"location_name":"15XX E THUNDERBIRD RD","year":2025,"precision":"hundred_block"}},{"type":"Feature","geometry":{"type":"Point","coordinates":[-112.022132,33.600465]},"properties":{"incident_type":"check flooding condition","behavioral_cluster":"flash_flood_stranded","date":"2025-07-29","hour":23,"time_of_day_bucket":"night","is_weekend":false,"location_name":"124XX N 28TH DR","year":2025,"precision":"hundred_block"}},{"type":"Feature","geometry":{"type":"Point","coordinates":[-112.010828,33.482916]},"properties":{"incident_type":"check flooding condition","behavioral_cluster":"flash_flood_stranded","date":"2025-07-31","hour":0,"time_of_day_bucket":"night","is_weekend":false,"location_name":"32XX E PINCHOT AV","year":2025,"precision":"hundred_block"}},{"type":"Feature","geometry":{"type":"Point","coordinates":[-112.057545,33.302745]},"properties":{"incident_type":"check flooding condition","behavioral_cluster":"flash_flood_stranded","date":"2025-08-01","hour":12,"time_of_day_bucket":"day","is_weekend":false,"location_name":"156XX S DESERT FOOTHILLS PW","year":2025,"precision":"hundred_block"}},{"type":"Feature","geometry":{"type":"Point","coordinates":[-112.100881,33.613281]},"properties":{"incident_type":"check flooding condition","behavioral_cluster":"flash_flood_stranded","date":"2025-08-01","hour":20,"time_of_day_bucket":"dusk","is_weekend":false,"location_name":"138XX N 19TH AV","year":2025,"precision":"hundred_block"}},{"type":"Feature","geometry":{"type":"Point","coordinates":[-112.025934,33.473052]},"properties":{"incident_type":"water rescue","behavioral_cluster":"flash_flood_stranded","date":"2025-08-05","hour":14,"time_of_day_bucket":"day","is_weekend":false,"location_name":"N 26TH ST/E OAK ST","year":2025,"precision":"intersection"}},{"type":"Feature","geometry":{"type":"Point","coordinates":[-112.100881,33.613281]},"properties":{"incident_type":"check flooding condition","behavioral_cluster":"flash_flood_stranded","date":"2025-08-10","hour":4,"time_of_day_bucket":"night","is_weekend":true,"location_name":"138XX N 19TH AV","year":2025,"precision":"hundred_block"}},{"type":"Feature","geometry":{"type":"Point","coordinates":[-112.044263,33.53877]},"properties":{"incident_type":"check flooding condition","behavioral_cluster":"flash_flood_stranded","date":"2025-08-10","hour":17,"time_of_day_bucket":"dusk","is_weekend":true,"location_name":"17XX W GLENDALE AV","year":2025,"precision":"hundred_block"}},{"type":"Feature","geometry":{"type":"Point","coordinates":[-112.089001,33.583923]},"properties":{"incident_type":"mountain rescue","behavioral_cluster":"recreational_underequipped","date":"2025-08-11","hour":20,"time_of_day_bucket":"dusk","is_weekend":false,"location_name":"N 13TH AV/W SAHUARO DR","year":2025,"precision":"intersection"}},{"type":"Feature","geometry":{"type":"Point","coordinates":[-112.100881,33.613281]},"properties":{"incident_type":"check flooding condition","behavioral_cluster":"flash_flood_stranded","date":"2025-08-12","hour":5,"time_of_day_bucket":"dawn","is_weekend":false,"location_name":"138XX N 19TH AV","year":2025,"precision":"hundred_block"}},{"type":"Feature","geometry":{"type":"Point","coordinates":[-112.091539,33.512895]},"properties":{"incident_type":"check flooding condition","behavioral_cluster":"flash_flood_stranded","date":"2025-08-13","hour":2,"time_of_day_bucket":"night","is_weekend":false,"location_name":"51XX N 15TH ST","year":2025,"precision":"hundred_block"}},{"type":"Feature","geometry":{"type":"Point","coordinates":[-112.058514,33.64083]},"properties":{"incident_type":"check flooding condition","behavioral_cluster":"flash_flood_stranded","date":"2025-08-15","hour":23,"time_of_day_bucket":"night","is_weekend":false,"location_name":"11XX W BELL RD","year":2025,"precision":"hundred_block"}},{"type":"Feature","geometry":{"type":"Point","coordinates":[-112.059675,33.551739]},"properties":{"incident_type":"check flooding condition","behavioral_cluster":"flash_flood_stranded","date":"2025-08-19","hour":5,"time_of_day_bucket":"dawn","is_weekend":false,"location_name":"10XX E PUEBLO RD","year":2025,"precision":"hundred_block"}},{"type":"Feature","geometry":{"type":"Point","coordinates":[-112.047619,33.494706]},"properties":{"incident_type":"water rescue","behavioral_cluster":"flash_flood_stranded","date":"2025-08-22","hour":13,"time_of_day_bucket":"day","is_weekend":false,"location_name":"N 16TH ST/E INDIAN SCHOOL RD","year":2025,"precision":"intersection"}},{"type":"Feature","geometry":{"type":"Point","coordinates":[-112.080091,33.647382]},"properties":{"incident_type":"water rescue","behavioral_cluster":"flash_flood_stranded","date":"2025-08-25","hour":19,"time_of_day_bucket":"dusk","is_weekend":false,"location_name":"N 5TH AV/W GROVERS AV","year":2025,"precision":"intersection"}},{"type":"Feature","geometry":{"type":"Point","coordinates":[-112.0197,33.5307]},"properties":{"incident_type":"mountain rescue","behavioral_cluster":"recreational_underequipped","date":"2025-08-26","hour":19,"time_of_day_bucket":"dusk","is_weekend":false,"location_name":"27XX E PIESTEWA PEAK DR","year":2025,"precision":"preserve_centroid"}},{"type":"Feature","geometry":{"type":"Point","coordinates":[-112.006822,33.466689]},"properties":{"incident_type":"check flooding condition","behavioral_cluster":"flash_flood_stranded","date":"2025-08-30","hour":17,"time_of_day_bucket":"dusk","is_weekend":true,"location_name":"34XX E MCDOWELL RD","year":2025,"precision":"hundred_block"}},{"type":"Feature","geometry":{"type":"Point","coordinates":[-112.17474,33.465681]},"properties":{"incident_type":"check flooding condition","behavioral_cluster":"flash_flood_stranded","date":"2025-09-01","hour":15,"time_of_day_bucket":"day","is_weekend":false,"location_name":"52XX W LYNWOOD ST","year":2025,"precision":"hundred_block"}},{"type":"Feature","geometry":{"type":"Point","coordinates":[-112.043439,33.533676]},"properties":{"incident_type":"check flooding condition","behavioral_cluster":"flash_flood_stranded","date":"2025-09-03","hour":23,"time_of_day_bucket":"night","is_weekend":false,"location_name":"17XX W TUCKEY LN","year":2025,"precision":"hundred_block"}},{"type":"Feature","geometry":{"type":"Point","coordinates":[-112.16831,33.382683]},"properties":{"incident_type":"water rescue","behavioral_cluster":"flash_flood_stranded","date":"2025-09-10","hour":15,"time_of_day_bucket":"day","is_weekend":false,"location_name":"S 51ST AV/W MALDONADO RD","year":2025,"precision":"intersection"}},{"type":"Feature","geometry":{"type":"Point","coordinates":[-111.925409,33.676938]},"properties":{"incident_type":"mountain rescue","behavioral_cluster":"recreational_underequipped","date":"2025-09-14","hour":10,"time_of_day_bucket":"day","is_weekend":true,"location_name":"E GRAYHAWK DR/N SCOTTSDALE RD","year":2025,"precision":"intersection"}},{"type":"Feature","geometry":{"type":"Point","coordinates":[-112.1517,33.333993]},"properties":{"incident_type":"mountain rescue","behavioral_cluster":"recreational_underequipped","date":"2025-09-15","hour":15,"time_of_day_bucket":"day","is_weekend":false,"location_name":"S 43RD AV/W ESTRELLA DR","year":2025,"precision":"intersection"}},{"type":"Feature","geometry":{"type":"Point","coordinates":[-112.0197,33.5307]},"properties":{"incident_type":"mountain rescue","behavioral_cluster":"recreational_underequipped","date":"2025-09-16","hour":10,"time_of_day_bucket":"day","is_weekend":false,"location_name":"27XX E PIESTEWA PEAK DR","year":2025,"precision":"preserve_centroid"}},{"type":"Feature","geometry":{"type":"Point","coordinates":[-112.108531,33.75477]},"properties":{"incident_type":"water rescue","behavioral_cluster":"flash_flood_stranded","date":"2025-09-19","hour":4,"time_of_day_bucket":"night","is_weekend":false,"location_name":"W DIXILETA DR/N NORTH VALLEY PW","year":2025,"precision":"intersection"}},{"type":"Feature","geometry":{"type":"Point","coordinates":[-112.057609,33.548562]},"properties":{"incident_type":"check flooding condition","behavioral_cluster":"flash_flood_stranded","date":"2025-09-22","hour":8,"time_of_day_bucket":"dawn","is_weekend":false,"location_name":"11XX E BELMONT AV","year":2025,"precision":"hundred_block"}},{"type":"Feature","geometry":{"type":"Point","coordinates":[-112.0197,33.5307]},"properties":{"incident_type":"mountain rescue","behavioral_cluster":"recreational_underequipped","date":"2025-09-25","hour":11,"time_of_day_bucket":"day","is_weekend":false,"location_name":"27XX E PIESTEWA PEAK DR","year":2025,"precision":"preserve_centroid"}},{"type":"Feature","geometry":{"type":"Point","coordinates":[-112.048371,33.537996]},"properties":{"incident_type":"check flooding condition","behavioral_cluster":"flash_flood_stranded","date":"2025-09-26","hour":12,"time_of_day_bucket":"day","is_weekend":false,"location_name":"68XX N 15TH AV","year":2025,"precision":"hundred_block"}},{"type":"Feature","geometry":{"type":"Point","coordinates":[-112.082009,33.413976]},"properties":{"incident_type":"water rescue","behavioral_cluster":"flash_flood_stranded","date":"2025-09-26","hour":13,"time_of_day_bucket":"day","is_weekend":false,"location_name":"S 7TH AV/W ELWOOD ST","year":2025,"precision":"intersection"}},{"type":"Feature","geometry":{"type":"Point","coordinates":[-112.057709,33.445719]},"properties":{"incident_type":"check flooding condition","behavioral_cluster":"flash_flood_stranded","date":"2025-09-26","hour":13,"time_of_day_bucket":"day","is_weekend":false,"location_name":"1XX S 12TH ST","year":2025,"precision":"hundred_block"}},{"type":"Feature","geometry":{"type":"Point","coordinates":[-112.004081,33.373395]},"properties":{"incident_type":"water rescue","behavioral_cluster":"flash_flood_stranded","date":"2025-09-26","hour":13,"time_of_day_bucket":"day","is_weekend":false,"location_name":"36XX E HIGHLINE CANAL RD","year":2025,"precision":"hundred_block"}},{"type":"Feature","geometry":{"type":"Point","coordinates":[-112.100512,33.363225]},"properties":{"incident_type":"water rescue","behavioral_cluster":"flash_flood_stranded","date":"2025-09-26","hour":13,"time_of_day_bucket":"day","is_weekend":false,"location_name":"S 19TH AV/W DOBBINS RD","year":2025,"precision":"intersection"}},{"type":"Feature","geometry":{"type":"Point","coordinates":[-112.039132,33.423822]},"properties":{"incident_type":"water rescue","behavioral_cluster":"flash_flood_stranded","date":"2025-09-26","hour":13,"time_of_day_bucket":"day","is_weekend":false,"location_name":"S 20TH ST/E UNIVERSITY DR","year":2025,"precision":"intersection"}},{"type":"Feature","geometry":{"type":"Point","coordinates":[-112.077823,33.403365]},"properties":{"incident_type":"check flooding condition","behavioral_cluster":"flash_flood_stranded","date":"2025-09-26","hour":13,"time_of_day_bucket":"day","is_weekend":false,"location_name":"2XX W WIER AV","year":2025,"precision":"hundred_block"}},{"type":"Feature","geometry":{"type":"Point","coordinates":[-112.054518,33.571305]},"properties":{"incident_type":"water rescue","behavioral_cluster":"flash_flood_stranded","date":"2025-09-26","hour":13,"time_of_day_bucket":"day","is_weekend":false,"location_name":"N 13TH ST/E HATCHER RD","year":2025,"precision":"intersection"}},{"type":"Feature","geometry":{"type":"Point","coordinates":[-112.012902,33.443982]},"properties":{"incident_type":"water rescue","behavioral_cluster":"flash_flood_stranded","date":"2025-09-26","hour":14,"time_of_day_bucket":"day","is_weekend":false,"location_name":"S 32ND ST/E AIR LN","year":2025,"precision":"intersection"}},{"type":"Feature","geometry":{"type":"Point","coordinates":[-112.09577,33.640146]},"properties":{"incident_type":"water rescue","behavioral_cluster":"flash_flood_stranded","date":"2025-09-26","hour":15,"time_of_day_bucket":"day","is_weekend":false,"location_name":"N 17TH AV/W BELL RD","year":2025,"precision":"intersection"}},{"type":"Feature","geometry":{"type":"Point","coordinates":[-112.082782,33.625692]},"properties":{"incident_type":"water rescue","behavioral_cluster":"flash_flood_stranded","date":"2025-09-26","hour":15,"time_of_day_bucket":"day","is_weekend":false,"location_name":"N 7TH AV/W CORAL GABLES DR","year":2025,"precision":"intersection"}},{"type":"Feature","geometry":{"type":"Point","coordinates":[-112.0197,33.5307]},"properties":{"incident_type":"mountain rescue","behavioral_cluster":"recreational_underequipped","date":"2025-09-27","hour":10,"time_of_day_bucket":"day","is_weekend":true,"location_name":"27XX E PIESTEWA PEAK DR","year":2025,"precision":"preserve_centroid"}},{"type":"Feature","geometry":{"type":"Point","coordinates":[-112.0197,33.5307]},"properties":{"incident_type":"mountain rescue","behavioral_cluster":"recreational_underequipped","date":"2025-09-27","hour":10,"time_of_day_bucket":"day","is_weekend":true,"location_name":"27XX E PIESTEWA PEAK DR","year":2025,"precision":"preserve_centroid"}},{"type":"Feature","geometry":{"type":"Point","coordinates":[-111.982959,33.696396]},"properties":{"incident_type":"water rescue","behavioral_cluster":"flash_flood_stranded","date":"2025-09-27","hour":19,"time_of_day_bucket":"dusk","is_weekend":true,"location_name":"N 40TH ST/E NAVIGATOR LN","year":2025,"precision":"intersection"}},{"type":"Feature","geometry":{"type":"Point","coordinates":[-111.995235,33.51726]},"properties":{"incident_type":"water rescue","behavioral_cluster":"flash_flood_stranded","date":"2025-09-27","hour":19,"time_of_day_bucket":"dusk","is_weekend":true,"location_name":"N 40TH ST/E STANFORD DR","year":2025,"precision":"intersection"}},{"type":"Feature","geometry":{"type":"Point","coordinates":[-112.059419,33.571359]},"properties":{"incident_type":"water rescue","behavioral_cluster":"flash_flood_stranded","date":"2025-09-27","hour":19,"time_of_day_bucket":"dusk","is_weekend":true,"location_name":"N 11TH ST/E HATCHER RD","year":2025,"precision":"intersection"}},{"type":"Feature","geometry":{"type":"Point","coordinates":[-112.0197,33.5307]},"properties":{"incident_type":"mountain rescue","behavioral_cluster":"recreational_underequipped","date":"2025-09-28","hour":11,"time_of_day_bucket":"day","is_weekend":true,"location_name":"27XX E PIESTEWA PEAK DR","year":2025,"precision":"preserve_centroid"}},{"type":"Feature","geometry":{"type":"Point","coordinates":[-112.049149,33.494886]},"properties":{"incident_type":"check flooding condition","behavioral_cluster":"flash_flood_stranded","date":"2025-09-29","hour":15,"time_of_day_bucket":"day","is_weekend":false,"location_name":"15XX E INDIAN SCHOOL RD","year":2025,"precision":"hundred_block"}},{"type":"Feature","geometry":{"type":"Point","coordinates":[-112.233761,33.494544]},"properties":{"incident_type":"check flooding condition","behavioral_cluster":"flash_flood_stranded","date":"2025-10-02","hour":21,"time_of_day_bucket":"night","is_weekend":false,"location_name":"81XX W INDIAN SCHOOL RD","year":2025,"precision":"hundred_block"}},{"type":"Feature","geometry":{"type":"Point","coordinates":[-112.007327,33.340932]},"properties":{"incident_type":"mountain rescue","behavioral_cluster":"recreational_underequipped","date":"2025-10-03","hour":8,"time_of_day_bucket":"dawn","is_weekend":false,"location_name":"E KACHINA DR/S WARPAINT DR","year":2025,"precision":"intersection"}},{"type":"Feature","geometry":{"type":"Point","coordinates":[-112.135099,33.348564]},"properties":{"incident_type":"mountain rescue","behavioral_cluster":"recreational_underequipped","date":"2025-10-04","hour":19,"time_of_day_bucket":"dusk","is_weekend":true,"location_name":"S 35TH AV/W CARVER RD","year":2025,"precision":"intersection"}},{"type":"Feature","geometry":{"type":"Point","coordinates":[-111.980844,33.330834]},"properties":{"incident_type":"water rescue","behavioral_cluster":"flash_flood_stranded","date":"2025-10-12","hour":3,"time_of_day_bucket":"night","is_weekend":true,"location_name":"S 48TH ST/E WARNER RD","year":2025,"precision":"intersection"}},{"type":"Feature","geometry":{"type":"Point","coordinates":[-112.100512,33.363225]},"properties":{"incident_type":"water rescue","behavioral_cluster":"flash_flood_stranded","date":"2025-10-12","hour":4,"time_of_day_bucket":"night","is_weekend":true,"location_name":"S 19TH AV/W DOBBINS RD","year":2025,"precision":"intersection"}},{"type":"Feature","geometry":{"type":"Point","coordinates":[-112.097781,33.363189]},"properties":{"incident_type":"water rescue","behavioral_cluster":"flash_flood_stranded","date":"2025-10-12","hour":8,"time_of_day_bucket":"dawn","is_weekend":true,"location_name":"S 18TH AV/W DOBBINS RD","year":2025,"precision":"intersection"}},{"type":"Feature","geometry":{"type":"Point","coordinates":[-112.168926,33.487488]},"properties":{"incident_type":"water rescue","behavioral_cluster":"flash_flood_stranded","date":"2025-10-14","hour":2,"time_of_day_bucket":"night","is_weekend":false,"location_name":"N 51ST AV/W OSBORN RD","year":2025,"precision":"intersection"}},{"type":"Feature","geometry":{"type":"Point","coordinates":[-112.025435,33.610653]},"properties":{"incident_type":"mountain rescue","behavioral_cluster":"recreational_underequipped","date":"2025-10-14","hour":19,"time_of_day_bucket":"dusk","is_weekend":false,"location_name":"N 26TH PL/E VOLTAIRE AV","year":2025,"precision":"intersection"}},{"type":"Feature","geometry":{"type":"Point","coordinates":[-112.084632,33.346971]},"properties":{"incident_type":"mountain rescue","behavioral_cluster":"recreational_underequipped","date":"2025-10-17","hour":6,"time_of_day_bucket":"dawn","is_weekend":false,"location_name":"W LAS RAMADAS DR/S STEPHEN MATHER DR","year":2025,"precision":"intersection"}},{"type":"Feature","geometry":{"type":"Point","coordinates":[-112.101502,33.717186]},"properties":{"incident_type":"mountain rescue","behavioral_cluster":"recreational_underequipped","date":"2025-10-19","hour":9,"time_of_day_bucket":"day","is_weekend":true,"location_name":"19XX W DESERT VISTA TL","year":2025,"precision":"hundred_block"}},{"type":"Feature","geometry":{"type":"Point","coordinates":[-112.0197,33.5307]},"properties":{"incident_type":"mountain rescue","behavioral_cluster":"recreational_underequipped","date":"2025-10-19","hour":11,"time_of_day_bucket":"day","is_weekend":true,"location_name":"27XX E PIESTEWA PEAK DR","year":2025,"precision":"preserve_centroid"}},{"type":"Feature","geometry":{"type":"Point","coordinates":[-111.928775,33.495129]},"properties":{"incident_type":"check flooding condition","behavioral_cluster":"flash_flood_stranded","date":"2025-10-26","hour":0,"time_of_day_bucket":"night","is_weekend":true,"location_name":"70XX W INDIAN SCHOOL RD","year":2025,"precision":"hundred_block"}},{"type":"Feature","geometry":{"type":"Point","coordinates":[-111.996117,33.569163]},"properties":{"incident_type":"mountain rescue","behavioral_cluster":"recreational_underequipped","date":"2025-10-27","hour":19,"time_of_day_bucket":"dusk","is_weekend":false,"location_name":"90XX N 40TH ST","year":2025,"precision":"hundred_block"}},{"type":"Feature","geometry":{"type":"Point","coordinates":[-111.993516,33.354783]},"properties":{"incident_type":"mountain rescue","behavioral_cluster":"recreational_underequipped","date":"2025-10-29","hour":8,"time_of_day_bucket":"dawn","is_weekend":false,"location_name":"S 43RD ST/E PEARCE RD","year":2025,"precision":"intersection"}},{"type":"Feature","geometry":{"type":"Point","coordinates":[-112.199274,33.466194]},"properties":{"incident_type":"check flooding condition","behavioral_cluster":"flash_flood_stranded","date":"2025-10-31","hour":2,"time_of_day_bucket":"night","is_weekend":false,"location_name":"64XX W MCDOWELL RD","year":2025,"precision":"hundred_block"}},{"type":"Feature","geometry":{"type":"Point","coordinates":[-112.212666,33.494904]},"properties":{"incident_type":"check flooding condition","behavioral_cluster":"flash_flood_stranded","date":"2025-10-31","hour":3,"time_of_day_bucket":"night","is_weekend":false,"location_name":"71XX W INDIAN SCHOOL RD","year":2025,"precision":"hundred_block"}},{"type":"Feature","geometry":{"type":"Point","coordinates":[-112.168926,33.487488]},"properties":{"incident_type":"water rescue","behavioral_cluster":"flash_flood_stranded","date":"2025-10-31","hour":8,"time_of_day_bucket":"dawn","is_weekend":false,"location_name":"N 51ST AV/W OSBORN RD","year":2025,"precision":"intersection"}},{"type":"Feature","geometry":{"type":"Point","coordinates":[-112.108496,33.49503]},"properties":{"incident_type":"water rescue","behavioral_cluster":"flash_flood_stranded","date":"2025-10-31","hour":18,"time_of_day_bucket":"dusk","is_weekend":false,"location_name":"N 23RD AV/W INDIAN SCHOOL RD","year":2025,"precision":"intersection"}},{"type":"Feature","geometry":{"type":"Point","coordinates":[-112.204323,33.494994]},"properties":{"incident_type":"check flooding condition","behavioral_cluster":"flash_flood_stranded","date":"2025-11-04","hour":21,"time_of_day_bucket":"night","is_weekend":false,"location_name":"67XX W INDIAN SCHOOL RD","year":2025,"precision":"hundred_block"}},{"type":"Feature","geometry":{"type":"Point","coordinates":[-112.032971,33.574923]},"properties":{"incident_type":"mountain rescue","behavioral_cluster":"recreational_underequipped","date":"2025-11-05","hour":16,"time_of_day_bucket":"day","is_weekend":false,"location_name":"22XX E MOUNTAIN VIEW RD","year":2025,"precision":"hundred_block"}},{"type":"Feature","geometry":{"type":"Point","coordinates":[-112.012947,33.567597]},"properties":{"incident_type":"mountain rescue","behavioral_cluster":"recreational_underequipped","date":"2025-11-05","hour":17,"time_of_day_bucket":"dusk","is_weekend":false,"location_name":"N 32ND ST/E PUGET AV","year":2025,"precision":"intersection"}},{"type":"Feature","geometry":{"type":"Point","coordinates":[-112.117284,33.545556]},"properties":{"incident_type":"check flooding condition","behavioral_cluster":"flash_flood_stranded","date":"2025-11-09","hour":3,"time_of_day_bucket":"night","is_weekend":true,"location_name":"73XX N 27TH AV","year":2025,"precision":"hundred_block"}},{"type":"Feature","geometry":{"type":"Point","coordinates":[-112.0197,33.5307]},"properties":{"incident_type":"mountain rescue","behavioral_cluster":"recreational_underequipped","date":"2025-11-11","hour":13,"time_of_day_bucket":"day","is_weekend":false,"location_name":"27XX E PIESTEWA PEAK DR","year":2025,"precision":"preserve_centroid"}},{"type":"Feature","geometry":{"type":"Point","coordinates":[-112.0197,33.5307]},"properties":{"incident_type":"crisis care","behavioral_cluster":"unhoused_encampment","date":"2025-11-11","hour":14,"time_of_day_bucket":"day","is_weekend":false,"location_name":"27XX E PIESTEWA PEAK DR","year":2025,"precision":"preserve_centroid"}},{"type":"Feature","geometry":{"type":"Point","coordinates":[-111.974296,33.465951]},"properties":{"incident_type":"check flooding condition","behavioral_cluster":"flash_flood_stranded","date":"2025-11-12","hour":5,"time_of_day_bucket":"dawn","is_weekend":false,"location_name":"49XX W MCDOWELL RD","year":2025,"precision":"hundred_block"}},{"type":"Feature","geometry":{"type":"Point","coordinates":[-111.996117,33.569163]},"properties":{"incident_type":"mountain rescue","behavioral_cluster":"recreational_underequipped","date":"2025-11-12","hour":12,"time_of_day_bucket":"day","is_weekend":false,"location_name":"90XX N 40TH ST","year":2025,"precision":"hundred_block"}},{"type":"Feature","geometry":{"type":"Point","coordinates":[-112.0197,33.5307]},"properties":{"incident_type":"mountain rescue","behavioral_cluster":"recreational_underequipped","date":"2025-11-17","hour":13,"time_of_day_bucket":"day","is_weekend":false,"location_name":"27XX E PIESTEWA PEAK DR","year":2025,"precision":"preserve_centroid"}},{"type":"Feature","geometry":{"type":"Point","coordinates":[-112.099644,33.572241]},"properties":{"incident_type":"water rescue","behavioral_cluster":"flash_flood_stranded","date":"2025-11-18","hour":14,"time_of_day_bucket":"day","is_weekend":false,"location_name":"N 19TH AV/W HATCHER RD","year":2025,"precision":"intersection"}},{"type":"Feature","geometry":{"type":"Point","coordinates":[-112.012947,33.567597]},"properties":{"incident_type":"mountain rescue","behavioral_cluster":"recreational_underequipped","date":"2025-11-22","hour":11,"time_of_day_bucket":"day","is_weekend":true,"location_name":"N 32ND ST/E PUGET AV","year":2025,"precision":"intersection"}},{"type":"Feature","geometry":{"type":"Point","coordinates":[-112.022132,33.600465]},"properties":{"incident_type":"check flooding condition","behavioral_cluster":"flash_flood_stranded","date":"2025-11-22","hour":21,"time_of_day_bucket":"night","is_weekend":true,"location_name":"124XX N 28TH DR","year":2025,"precision":"hundred_block"}},{"type":"Feature","geometry":{"type":"Point","coordinates":[-112.0197,33.5307]},"properties":{"incident_type":"mountain rescue","behavioral_cluster":"recreational_underequipped","date":"2025-11-30","hour":17,"time_of_day_bucket":"dusk","is_weekend":true,"location_name":"27XX E PIESTEWA PEAK DR","year":2025,"precision":"preserve_centroid"}},{"type":"Feature","geometry":{"type":"Point","coordinates":[-112.10292,33.554061]},"properties":{"incident_type":"check flooding condition","behavioral_cluster":"flash_flood_stranded","date":"2025-12-01","hour":9,"time_of_day_bucket":"day","is_weekend":false,"location_name":"20XX W NORTHERN AV","year":2025,"precision":"hundred_block"}},{"type":"Feature","geometry":{"type":"Point","coordinates":[-112.051557,33.64254]},"properties":{"incident_type":"check flooding condition","behavioral_cluster":"flash_flood_stranded","date":"2025-12-03","hour":3,"time_of_day_bucket":"night","is_weekend":false,"location_name":"14XX E BELL RD","year":2025,"precision":"hundred_block"}},{"type":"Feature","geometry":{"type":"Point","coordinates":[-112.119993,33.584859]},"properties":{"incident_type":"check flooding condition","behavioral_cluster":"flash_flood_stranded","date":"2025-12-07","hour":7,"time_of_day_bucket":"dawn","is_weekend":true,"location_name":"27XX W SAHUARO DR","year":2025,"precision":"hundred_block"}},{"type":"Feature","geometry":{"type":"Point","coordinates":[-112.119719,33.480747]},"properties":{"incident_type":"check flooding condition","behavioral_cluster":"flash_flood_stranded","date":"2025-12-08","hour":23,"time_of_day_bucket":"night","is_weekend":false,"location_name":"27XX E THOMAS RD","year":2025,"precision":"hundred_block"}},{"type":"Feature","geometry":{"type":"Point","coordinates":[-112.022132,33.600465]},"properties":{"incident_type":"check flooding condition","behavioral_cluster":"flash_flood_stranded","date":"2025-12-10","hour":4,"time_of_day_bucket":"night","is_weekend":false,"location_name":"124XX N 28TH DR","year":2025,"precision":"hundred_block"}},{"type":"Feature","geometry":{"type":"Point","coordinates":[-111.976533,33.305823]},"properties":{"incident_type":"check flooding condition","behavioral_cluster":"flash_flood_stranded","date":"2025-12-11","hour":9,"time_of_day_bucket":"day","is_weekend":false,"location_name":"49XX E CHANDLER BL","year":2025,"precision":"hundred_block"}},{"type":"Feature","geometry":{"type":"Point","coordinates":[-112.081734,33.458526]},"properties":{"incident_type":"check flooding condition","behavioral_cluster":"flash_flood_stranded","date":"2025-12-14","hour":15,"time_of_day_bucket":"day","is_weekend":true,"location_name":"8XX N 6TH AV","year":2025,"precision":"hundred_block"}},{"type":"Feature","geometry":{"type":"Point","coordinates":[-112.0197,33.5307]},"properties":{"incident_type":"mountain rescue","behavioral_cluster":"recreational_underequipped","date":"2025-12-14","hour":18,"time_of_day_bucket":"dusk","is_weekend":true,"location_name":"27XX E PIESTEWA PEAK DR","year":2025,"precision":"preserve_centroid"}},{"type":"Feature","geometry":{"type":"Point","coordinates":[-112.177733,33.489288]},"properties":{"incident_type":"water rescue","behavioral_cluster":"flash_flood_stranded","date":"2025-12-22","hour":13,"time_of_day_bucket":"day","is_weekend":false,"location_name":"N 55TH AV/W WHITTON AV","year":2025,"precision":"intersection"}},{"type":"Feature","geometry":{"type":"Point","coordinates":[-111.981465,33.331176]},"properties":{"incident_type":"check flooding condition","behavioral_cluster":"flash_flood_stranded","date":"2025-12-25","hour":16,"time_of_day_bucket":"day","is_weekend":false,"location_name":"47XX E WARNER RD","year":2025,"precision":"hundred_block"}}]}