{"type":"FeatureCollection","features":[{"type":"Feature","geometry":{"type":"Point","coordinates":[-111.863516,33.765417]},"properties":{"incident_id":"2549369","incident_type":"Search for person on land","type_group":"MTNRES","category":"mountain","date":"2025-11-09","year":2025,"month":11,"hour":null,"weekday":6,"is_weekend":true,"location_name":"30301 North ALMA SCHOOL Parkway","precision":"address"}},{"type":"Feature","geometry":{"type":"Point","coordinates":[-111.943103,33.552383]},"properties":{"incident_id":"2550172","incident_type":"Search for person on land","type_group":"MTNRES","category":"mountain","date":"2025-11-14","year":2025,"month":11,"hour":null,"weekday":4,"is_weekend":false,"location_name":"5150 North INVERGORDON Road","precision":"address"}},{"type":"Feature","geometry":{"type":"Point","coordinates":[-111.858503,33.649407]},"properties":{"incident_id":"2552347","incident_type":"Search for person on land","type_group":"MTNRES","category":"mountain","date":"2025-11-28","year":2025,"month":11,"hour":null,"weekday":4,"is_weekend":false,"location_name":"18333 North THOMPSON PEAK Parkway","precision":"address"}},{"type":"Feature","geometry":{"type":"Point","coordinates":[-111.858503,33.649407]},"properties":{"incident_id":"2553138","incident_type":"Search for person on land","type_group":"MTNRES","category":"mountain","date":"2025-12-03","year":2025,"month":12,"hour":null,"weekday":2,"is_weekend":false,"location_name":"18333 North THOMPSON PEAK Parkway","precision":"address"}},{"type":"Feature","geometry":{"type":"Point","coordinates":[-111.858503,33.649407]},"properties":{"incident_id":"2553890","incident_type":"Search for person on land","type_group":"MTNRES","category":"mountain","date":"2025-12-08","year":2025,"month":12,"hour":null,"weekday":0,"is_weekend":false,"location_name":"18333 North THOMPSON PEAK Parkway","precision":"address"}},{"type":"Feature","geometry":{"type":"Point","coordinates":[-111.863516,33.765417]},"properties":{"incident_id":"2554021","incident_type":"Search for person on land","type_group":"MTNRES","category":"mountain","date":"2025-12-09","year":2025,"month":12,"hour":null,"weekday":1,"is_weekend":false,"location_name":"30301 North ALMA SCHOOL Parkway","precision":"address"}},{"type":"Feature","geometry":{"type":"Point","coordinates":[-111.799183,33.686082]},"properties":{"incident_id":"2554986","incident_type":"Search for person on land","type_group":"MTNRES","category":"mountain","date":"2025-12-15","year":2025,"month":12,"hour":null,"weekday":0,"is_weekend":false,"location_name":"23015 North 128TH Street","precision":"address"}},{"type":"Feature","geometry":{"type":"Point","coordinates":[-111.943103,33.552383]},"properties":{"incident_id":"2555006","incident_type":"Search for person on land","type_group":"MTNRES","category":"mountain","date":"2025-12-15","year":2025,"month":12,"hour":null,"weekday":0,"is_weekend":false,"location_name":"5150 North INVERGORDON Road","precision":"address"}},{"type":"Feature","geometry":{"type":"Point","coordinates":[-111.858503,33.649407]},"properties":{"incident_id":"2556152","incident_type":"Search for person on land","type_group":"MTNRES","category":"mountain","date":"2025-12-22","year":2025,"month":12,"hour":null,"weekday":0,"is_weekend":false,"location_name":"18333 North THOMPSON PEAK Parkway","precision":"address"}},{"type":"Feature","geometry":{"type":"Point","coordinates":[-111.822448,33.71679]},"properties":{"incident_id":"2600486","incident_type":"EMS call, excluding vehicle accident with injury","type_group":"MTNRES","category":"mountain","date":"2026-01-04","year":2026,"month":1,"hour":null,"weekday":6,"is_weekend":true,"location_name":"11985 East DESERT WILLOW Drive","precision":"address"}},{"type":"Feature","geometry":{"type":"Point","coordinates":[-111.863516,33.765417]},"properties":{"incident_id":"2600936","incident_type":"Search for person on land","type_group":"MTNRES","category":"mountain","date":"2026-01-07","year":2026,"month":1,"hour":null,"weekday":2,"is_weekend":false,"location_name":"30301 North ALMA SCHOOL Parkway","precision":"address"}},{"type":"Feature","geometry":{"type":"Point","coordinates":[-111.943103,33.552383]},"properties":{"incident_id":"2603217","incident_type":"Search for person on land","type_group":"MTNRES","category":"mountain","date":"2026-01-22","year":2026,"month":1,"hour":null,"weekday":3,"is_weekend":false,"location_name":"5150 North INVERGORDON Road","precision":"address"}},{"type":"Feature","geometry":{"type":"Point","coordinates":[-111.858503,33.649407]},"properties":{"incident_id":"2604183","incident_type":"Search for person on land","type_group":"MTNRES","category":"mountain","date":"2026-01-28","year":2026,"month":1,"hour":null,"weekday":2,"is_weekend":false,"location_name":"18333 North THOMPSON PEAK Parkway","precision":"address"}},{"type":"Feature","geometry":{"type":"Point","coordinates":[-111.7885,33.77007]},"properties":{"incident_id":"2605300","incident_type":"Search for person on land","type_group":"MTNRES","category":"mountain","date":"2026-02-04","year":2026,"month":2,"hour":null,"weekday":2,"is_weekend":false,"location_name":"31402 North 136TH Street","precision":"address"}},{"type":"Feature","geometry":{"type":"Point","coordinates":[-111.908605,33.640641]},"properties":{"incident_id":"2605690","incident_type":"Swift water rescue","type_group":"WATER","category":"water","date":"2026-02-06","year":2026,"month":2,"hour":null,"weekday":4,"is_weekend":false,"location_name":"17020 North HAYDEN Road","precision":"address"}},{"type":"Feature","geometry":{"type":"Point","coordinates":[-111.799183,33.686082]},"properties":{"incident_id":"2605807","incident_type":"Search for person on land","type_group":"MTNRES","category":"mountain","date":"2026-02-07","year":2026,"month":2,"hour":null,"weekday":5,"is_weekend":true,"location_name":"23015 North 128TH Street","precision":"address"}},{"type":"Feature","geometry":{"type":"Point","coordinates":[-111.863516,33.765417]},"properties":{"incident_id":"2605976","incident_type":"Search for person on land","type_group":"MTNRES","category":"mountain","date":"2026-02-08","year":2026,"month":2,"hour":null,"weekday":6,"is_weekend":true,"location_name":"30301 North ALMA SCHOOL Parkway","precision":"address"}},{"type":"Feature","geometry":{"type":"Point","coordinates":[-111.926147,33.502257]},"properties":{"incident_id":"2606117","incident_type":"Swift water rescue","type_group":"ASSPD","category":"water","date":"2026-02-09","year":2026,"month":2,"hour":null,"weekday":0,"is_weekend":false,"location_name":"N SCOTTSDALE RD / East CAMELBACK Road","precision":"intersection"}},{"type":"Feature","geometry":{"type":"Point","coordinates":[-111.950762,33.466182]},"properties":{"incident_id":"2606473","incident_type":"Search for person on land","type_group":"MTNRES","category":"mountain","date":"2026-02-11","year":2026,"month":2,"hour":null,"weekday":2,"is_weekend":false,"location_name":"6001 East MCDOWELL Road","precision":"address"}},{"type":"Feature","geometry":{"type":"Point","coordinates":[-111.733884,33.695406]},"properties":{"incident_id":"2606969","incident_type":"Search for person on land","type_group":"MTNRES","category":"mountain","date":"2026-02-14","year":2026,"month":2,"hour":null,"weekday":5,"is_weekend":true,"location_name":"16300 North MCDOWELL MTN PARK Drive","precision":"address"}},{"type":"Feature","geometry":{"type":"Point","coordinates":[-111.943103,33.552383]},"properties":{"incident_id":"2443134","incident_type":"Search for person on land","type_group":"MTNRES","category":"mountain","date":"2024-10-04","year":2024,"month":10,"hour":null,"weekday":4,"is_weekend":false,"location_name":"5150 North INVERGORDON Road","precision":"address"}},{"type":"Feature","geometry":{"type":"Point","coordinates":[-111.799183,33.686082]},"properties":{"incident_id":"2443333","incident_type":"Search for person on land","type_group":"MTNRES","category":"mountain","date":"2024-10-05","year":2024,"month":10,"hour":null,"weekday":5,"is_weekend":true,"location_name":"23015 North 128TH Street","precision":"address"}},{"type":"Feature","geometry":{"type":"Point","coordinates":[-112.0197,33.5307]},"properties":{"incident_id":"2444257","incident_type":"Search for person on land","type_group":"MTNRES","category":"mountain","date":"2024-10-11","year":2024,"month":10,"hour":null,"weekday":4,"is_weekend":false,"location_name":"2701 East PIESTEWA PEAK Drive","precision":"preserve_centroid"}},{"type":"Feature","geometry":{"type":"Point","coordinates":[-111.859758,33.728373]},"properties":{"incident_id":"2442561","incident_type":"Search for person on land","type_group":"MTNRES","category":"mountain","date":"2024-09-30","year":2024,"month":9,"hour":null,"weekday":0,"is_weekend":false,"location_name":"26802 North 102ND Way","precision":"address"}},{"type":"Feature","geometry":{"type":"Point","coordinates":[-111.943103,33.552383]},"properties":{"incident_id":"2443017","incident_type":"Search for person on land","type_group":"MTNRES","category":"mountain","date":"2024-10-03","year":2024,"month":10,"hour":null,"weekday":3,"is_weekend":false,"location_name":"5150 North INVERGORDON Road","precision":"address"}},{"type":"Feature","geometry":{"type":"Point","coordinates":[-112.032973,33.659429]},"properties":{"incident_id":"2445543","incident_type":"Search for person on land","type_group":"MTNRES","category":"mountain","date":"2024-10-19","year":2024,"month":10,"hour":null,"weekday":5,"is_weekend":true,"location_name":"19070 North 22ND Street","precision":"address"}},{"type":"Feature","geometry":{"type":"Point","coordinates":[-111.943874,33.824767]},"properties":{"incident_id":"2446904","incident_type":"Search for person on land","type_group":"BACK","category":"mountain","date":"2024-10-28","year":2024,"month":10,"hour":null,"weekday":0,"is_weekend":false,"location_name":"37500 North SCHOOL HOUSE Road","precision":"address"}},{"type":"Feature","geometry":{"type":"Point","coordinates":[-111.863516,33.765417]},"properties":{"incident_id":"2447228","incident_type":"EMS call, excluding vehicle accident with injury","type_group":"MTNRES","category":"mountain","date":"2024-10-30","year":2024,"month":10,"hour":null,"weekday":2,"is_weekend":false,"location_name":"30301 North ALMA SCHOOL Parkway","precision":"address"}},{"type":"Feature","geometry":{"type":"Point","coordinates":[-111.877587,33.793839]},"properties":{"incident_id":"2448310","incident_type":"Search for person on land","type_group":"MTNRES","category":"mountain","date":"2024-11-06","year":2024,"month":11,"hour":null,"weekday":2,"is_weekend":false,"location_name":"E PRESERVE WY / North LEGEND TRAIL Parkway","precision":"intersection"}},{"type":"Feature","geometry":{"type":"Point","coordinates":[-111.858503,33.649407]},"properties":{"incident_id":"2446437","incident_type":"Search for person on land","type_group":"MTNRES","category":"mountain","date":"2024-10-25","year":2024,"month":10,"hour":null,"weekday":4,"is_weekend":false,"location_name":"18333 North THOMPSON PEAK Parkway","precision":"address"}},{"type":"Feature","geometry":{"type":"Point","coordinates":[-111.84106,33.642909]},"properties":{"incident_id":"2453189","incident_type":"Search for person on land","type_group":"FALLA","category":"mountain","date":"2024-12-07","year":2024,"month":12,"hour":null,"weekday":5,"is_weekend":true,"location_name":"10400 East BELL Road","precision":"address"}},{"type":"Feature","geometry":{"type":"Point","coordinates":[-111.976114,33.524011]},"properties":{"incident_id":"2454628","incident_type":"Search for person on land","type_group":"MTNRES","category":"mountain","date":"2024-12-16","year":2024,"month":12,"hour":null,"weekday":0,"is_weekend":false,"location_name":"4925 East MCDONALD Drive","precision":"address"}},{"type":"Feature","geometry":{"type":"Point","coordinates":[-111.811887,33.600348]},"properties":{"incident_id":"2449950","incident_type":"Search for person on land","type_group":"MTNRES","category":"mountain","date":"2024-11-16","year":2024,"month":11,"hour":null,"weekday":5,"is_weekend":true,"location_name":"12601 North 124TH Street","precision":"address"}},{"type":"Feature","geometry":{"type":"Point","coordinates":[-111.943103,33.552383]},"properties":{"incident_id":"2500414","incident_type":"Search for person on land","type_group":"MTNRES","category":"mountain","date":"2025-01-03","year":2025,"month":1,"hour":null,"weekday":4,"is_weekend":false,"location_name":"5150 North INVERGORDON Road","precision":"address"}},{"type":"Feature","geometry":{"type":"Point","coordinates":[-111.943874,33.824767]},"properties":{"incident_id":"2451842","incident_type":"Search for person on land","type_group":"MTNRES","category":"mountain","date":"2024-11-28","year":2024,"month":11,"hour":null,"weekday":3,"is_weekend":false,"location_name":"37500 North SCHOOL HOUSE Road","precision":"address"}},{"type":"Feature","geometry":{"type":"Point","coordinates":[-112.065442,33.604052]},"properties":{"incident_id":"2451362","incident_type":"Search for person on land","type_group":"MTNRES","category":"mountain","date":"2024-11-25","year":2024,"month":11,"hour":null,"weekday":0,"is_weekend":false,"location_name":"12950 North 7TH Street","precision":"address"}},{"type":"Feature","geometry":{"type":"Point","coordinates":[-111.866927,33.792498]},"properties":{"incident_id":"2451563","incident_type":"Search for person on land","type_group":"MTNRES","category":"mountain","date":"2024-11-26","year":2024,"month":11,"hour":null,"weekday":1,"is_weekend":false,"location_name":"E SEVEN PALMS DR / North 99TH Place","precision":"intersection"}},{"type":"Feature","geometry":{"type":"Point","coordinates":[-111.858503,33.649407]},"properties":{"incident_id":"2454988","incident_type":"Search for person on land","type_group":"MTNRES","category":"mountain","date":"2024-12-18","year":2024,"month":12,"hour":null,"weekday":2,"is_weekend":false,"location_name":"18333 North THOMPSON PEAK Parkway","precision":"address"}},{"type":"Feature","geometry":{"type":"Point","coordinates":[-111.811887,33.600348]},"properties":{"incident_id":"2455624","incident_type":"Search for person on land","type_group":"MTNRES","category":"mountain","date":"2024-12-22","year":2024,"month":12,"hour":null,"weekday":6,"is_weekend":true,"location_name":"12601 North 124TH Street","precision":"address"}},{"type":"Feature","geometry":{"type":"Point","coordinates":[-111.888139,33.745176]},"properties":{"incident_id":"2503924","incident_type":"Search for person on land","type_group":"MTNRES","category":"mountain","date":"2025-01-24","year":2025,"month":1,"hour":null,"weekday":4,"is_weekend":false,"location_name":"28777 North PIMA Road","precision":"address"}},{"type":"Feature","geometry":{"type":"Point","coordinates":[-111.799183,33.686082]},"properties":{"incident_id":"2504268","incident_type":"Search for person on land","type_group":"MTNRES","category":"mountain","date":"2025-01-26","year":2025,"month":1,"hour":null,"weekday":6,"is_weekend":true,"location_name":"23015 North 128TH Street","precision":"address"}},{"type":"Feature","geometry":{"type":"Point","coordinates":[-111.858503,33.649407]},"properties":{"incident_id":"2500407","incident_type":"Search for person on land","type_group":"MTNRES","category":"mountain","date":"2025-01-03","year":2025,"month":1,"hour":null,"weekday":4,"is_weekend":false,"location_name":"18333 North THOMPSON PEAK Parkway","precision":"address"}},{"type":"Feature","geometry":{"type":"Point","coordinates":[-111.7885,33.77007]},"properties":{"incident_id":"2505725","incident_type":"Search for person on land","type_group":"MTNRES","category":"mountain","date":"2025-02-04","year":2025,"month":2,"hour":null,"weekday":1,"is_weekend":false,"location_name":"31402 North 136TH Street","precision":"address"}},{"type":"Feature","geometry":{"type":"Point","coordinates":[-111.799183,33.686082]},"properties":{"incident_id":"2500587","incident_type":"Search for person on land","type_group":"MTNRES","category":"mountain","date":"2025-01-04","year":2025,"month":1,"hour":null,"weekday":5,"is_weekend":true,"location_name":"23015 North 128TH Street","precision":"address"}},{"type":"Feature","geometry":{"type":"Point","coordinates":[-111.943874,33.824767]},"properties":{"incident_id":"2501712","incident_type":"Search for person on land","type_group":"MTNRES","category":"mountain","date":"2025-01-11","year":2025,"month":1,"hour":null,"weekday":5,"is_weekend":true,"location_name":"37500 North SCHOOL HOUSE Road","precision":"address"}},{"type":"Feature","geometry":{"type":"Point","coordinates":[-111.869826,33.682962]},"properties":{"incident_id":"2456577","incident_type":"Search for person on land","type_group":"MTNRES","category":"mountain","date":"2024-12-28","year":2024,"month":12,"hour":null,"weekday":5,"is_weekend":true,"location_name":"9850 East CROSS CANYON Way","precision":"address"}},{"type":"Feature","geometry":{"type":"Point","coordinates":[-111.943103,33.552383]},"properties":{"incident_id":"2507584","incident_type":"Search for person on land","type_group":"MTNRES","category":"mountain","date":"2025-02-15","year":2025,"month":2,"hour":null,"weekday":5,"is_weekend":true,"location_name":"5150 North INVERGORDON Road","precision":"address"}},{"type":"Feature","geometry":{"type":"Point","coordinates":[-111.799183,33.686082]},"properties":{"incident_id":"2507691","incident_type":"Search for person on land","type_group":"MTNRES","category":"mountain","date":"2025-02-16","year":2025,"month":2,"hour":null,"weekday":6,"is_weekend":true,"location_name":"23015 North 128TH Street","precision":"address"}},{"type":"Feature","geometry":{"type":"Point","coordinates":[-111.844409,33.629859]},"properties":{"incident_id":"2502590","incident_type":"Search for person on land","type_group":"MTNRES","category":"mountain","date":"2025-01-16","year":2025,"month":1,"hour":null,"weekday":3,"is_weekend":false,"location_name":"10908 East BETONY Drive","precision":"address"}},{"type":"Feature","geometry":{"type":"Point","coordinates":[-111.943103,33.552383]},"properties":{"incident_id":"2508155","incident_type":"Search for person on land","type_group":"MTNRES","category":"mountain","date":"2025-02-19","year":2025,"month":2,"hour":null,"weekday":2,"is_weekend":false,"location_name":"5150 North INVERGORDON Road","precision":"address"}},{"type":"Feature","geometry":{"type":"Point","coordinates":[-111.811887,33.600348]},"properties":{"incident_id":"2506067","incident_type":"Search for person on land","type_group":"MTNRES","category":"mountain","date":"2025-02-06","year":2025,"month":2,"hour":null,"weekday":3,"is_weekend":false,"location_name":"12601 North 124TH Street","precision":"address"}},{"type":"Feature","geometry":{"type":"Point","coordinates":[-112.091184,33.587091]},"properties":{"incident_id":"2511337","incident_type":"Search for person on land","type_group":"MTNRES","category":"mountain","date":"2025-03-11","year":2025,"month":3,"hour":null,"weekday":1,"is_weekend":false,"location_name":"W SHANGRI LA RD / North 15TH Avenue","precision":"intersection"}},{"type":"Feature","geometry":{"type":"Point","coordinates":[-112.049755,33.763854]},"properties":{"incident_id":"2506396","incident_type":"Search for person on land","type_group":"MTNRES","category":"mountain","date":"2025-02-08","year":2025,"month":2,"hour":null,"weekday":5,"is_weekend":true,"location_name":"1600 East SONORAN DESERT Drive","precision":"address"}},{"type":"Feature","geometry":{"type":"Point","coordinates":[-112.049755,33.763854]},"properties":{"incident_id":"2506615","incident_type":"Search for person on land","type_group":"MTNRES","category":"mountain","date":"2025-02-09","year":2025,"month":2,"hour":null,"weekday":6,"is_weekend":true,"location_name":"1600 East SONORAN DESERT Drive","precision":"address"}},{"type":"Feature","geometry":{"type":"Point","coordinates":[-111.943103,33.552383]},"properties":{"incident_id":"2508501","incident_type":"Search for person on land","type_group":"MTNRES","category":"mountain","date":"2025-02-21","year":2025,"month":2,"hour":null,"weekday":4,"is_weekend":false,"location_name":"5150 North INVERGORDON Road","precision":"address"}},{"type":"Feature","geometry":{"type":"Point","coordinates":[-111.859758,33.728373]},"properties":{"incident_id":"2508647","incident_type":"Search for person on land","type_group":"MTNRES","category":"mountain","date":"2025-02-22","year":2025,"month":2,"hour":null,"weekday":5,"is_weekend":true,"location_name":"26802 North 102ND Way","precision":"address"}},{"type":"Feature","geometry":{"type":"Point","coordinates":[-111.7885,33.77007]},"properties":{"incident_id":"2508658","incident_type":"Search for person on land","type_group":"MTNRES","category":"mountain","date":"2025-02-22","year":2025,"month":2,"hour":null,"weekday":5,"is_weekend":true,"location_name":"31402 North 136TH Street","precision":"address"}},{"type":"Feature","geometry":{"type":"Point","coordinates":[-111.858503,33.649407]},"properties":{"incident_id":"2516172","incident_type":"Search for person on land","type_group":"MTNRES","category":"mountain","date":"2025-04-10","year":2025,"month":4,"hour":null,"weekday":3,"is_weekend":false,"location_name":"18333 North THOMPSON PEAK Parkway","precision":"address"}},{"type":"Feature","geometry":{"type":"Point","coordinates":[-111.867908,33.727824]},"properties":{"incident_id":"2516287","incident_type":"Search for person on land","type_group":"MTNRES","category":"mountain","date":"2025-04-11","year":2025,"month":4,"hour":null,"weekday":4,"is_weekend":false,"location_name":"26761 North 98TH Way","precision":"address"}},{"type":"Feature","geometry":{"type":"Point","coordinates":[-111.943103,33.552383]},"properties":{"incident_id":"2511054","incident_type":"Search for person on land","type_group":"MTNRES","category":"mountain","date":"2025-03-09","year":2025,"month":3,"hour":null,"weekday":6,"is_weekend":true,"location_name":"5150 North INVERGORDON Road","precision":"address"}},{"type":"Feature","geometry":{"type":"Point","coordinates":[-111.858503,33.649407]},"properties":{"incident_id":"2511982","incident_type":"Search for person on land","type_group":"MTNRES","category":"mountain","date":"2025-03-15","year":2025,"month":3,"hour":null,"weekday":5,"is_weekend":true,"location_name":"18333 North THOMPSON PEAK Parkway","precision":"address"}},{"type":"Feature","geometry":{"type":"Point","coordinates":[-111.811887,33.600348]},"properties":{"incident_id":"2512118","incident_type":"Search for person on land","type_group":"MTNRES","category":"mountain","date":"2025-03-16","year":2025,"month":3,"hour":null,"weekday":6,"is_weekend":true,"location_name":"12601 North 124TH Street","precision":"address"}},{"type":"Feature","geometry":{"type":"Point","coordinates":[-111.976114,33.524011]},"properties":{"incident_id":"2509297","incident_type":"Search for person on land","type_group":"MTNRES","category":"mountain","date":"2025-02-26","year":2025,"month":2,"hour":null,"weekday":2,"is_weekend":false,"location_name":"4925 East MCDONALD Drive","precision":"address"}},{"type":"Feature","geometry":{"type":"Point","coordinates":[-111.926277,33.428844]},"properties":{"incident_id":"2516911","incident_type":"Swift water rescue","type_group":"WATER","category":"water","date":"2025-04-15","year":2025,"month":4,"hour":null,"weekday":1,"is_weekend":false,"location_name":"N SCOTTSDALE RD / East RIO SALADO Parkway","precision":"intersection"}},{"type":"Feature","geometry":{"type":"Point","coordinates":[-111.844125,33.754005]},"properties":{"incident_id":"2517093","incident_type":"Search for person on land","type_group":"MTNRES","category":"mountain","date":"2025-04-16","year":2025,"month":4,"hour":null,"weekday":2,"is_weekend":false,"location_name":"E CINDER CONE TL / North ALMA SCHOOL Parkway","precision":"intersection"}},{"type":"Feature","geometry":{"type":"Point","coordinates":[-111.869986,33.641046]},"properties":{"incident_id":"2510955","incident_type":"Search for person on land","type_group":"MTNRES","category":"mountain","date":"2025-03-08","year":2025,"month":3,"hour":null,"weekday":5,"is_weekend":true,"location_name":"9796 East SOUTH BEND Drive","precision":"address"}},{"type":"Feature","geometry":{"type":"Point","coordinates":[-111.943103,33.552383]},"properties":{"incident_id":"2518449","incident_type":"Search for person on land","type_group":"MTNRES","category":"mountain","date":"2025-04-25","year":2025,"month":4,"hour":null,"weekday":4,"is_weekend":false,"location_name":"5150 North INVERGORDON Road","precision":"address"}},{"type":"Feature","geometry":{"type":"Point","coordinates":[-111.943638,33.465879]},"properties":{"incident_id":"2519518","incident_type":"Search for person on land","type_group":"MTNRES","category":"mountain","date":"2025-05-02","year":2025,"month":5,"hour":null,"weekday":4,"is_weekend":false,"location_name":"E MCDOWELL RD / North GALVIN Parkway","precision":"intersection"}},{"type":"Feature","geometry":{"type":"Point","coordinates":[-111.7885,33.77007]},"properties":{"incident_id":"2514224","incident_type":"Search for person on land","type_group":"MTNRES","category":"mountain","date":"2025-03-29","year":2025,"month":3,"hour":null,"weekday":5,"is_weekend":true,"location_name":"31402 North 136TH Street","precision":"address"}},{"type":"Feature","geometry":{"type":"Point","coordinates":[-111.891199,33.755805]},"properties":{"incident_id":"2514373","incident_type":"Search for person on land","type_group":"MTNRES","category":"mountain","date":"2025-03-30","year":2025,"month":3,"hour":null,"weekday":6,"is_weekend":true,"location_name":"N PIMA RD / East DIXILETA Drive","precision":"intersection"}},{"type":"Feature","geometry":{"type":"Point","coordinates":[-111.943103,33.552383]},"properties":{"incident_id":"2513102","incident_type":"Search for person on land","type_group":"MTNRES","category":"mountain","date":"2025-03-22","year":2025,"month":3,"hour":null,"weekday":5,"is_weekend":true,"location_name":"5150 North INVERGORDON Road","precision":"address"}},{"type":"Feature","geometry":{"type":"Point","coordinates":[-111.863516,33.765417]},"properties":{"incident_id":"2513403","incident_type":"Search for person on land","type_group":"MTNRES","category":"mountain","date":"2025-03-24","year":2025,"month":3,"hour":null,"weekday":0,"is_weekend":false,"location_name":"30301 North ALMA SCHOOL Parkway","precision":"address"}},{"type":"Feature","geometry":{"type":"Point","coordinates":[-111.799183,33.686082]},"properties":{"incident_id":"2515322","incident_type":"Search for person on land","type_group":"MTNRES","category":"mountain","date":"2025-04-05","year":2025,"month":4,"hour":null,"weekday":5,"is_weekend":true,"location_name":"23015 North 128TH Street","precision":"address"}},{"type":"Feature","geometry":{"type":"Point","coordinates":[-111.878203,33.726735]},"properties":{"incident_id":"2516296","incident_type":"Search for person on land","type_group":"MTNRES","category":"mountain","date":"2025-04-11","year":2025,"month":4,"hour":null,"weekday":4,"is_weekend":false,"location_name":"E JOMAX RD / North 95TH Street","precision":"intersection"}},{"type":"Feature","geometry":{"type":"Point","coordinates":[-111.799183,33.686082]},"properties":{"incident_id":"2515492","incident_type":"Search for person on land","type_group":"MTNRES","category":"mountain","date":"2025-04-06","year":2025,"month":4,"hour":null,"weekday":6,"is_weekend":true,"location_name":"23015 North 128TH Street","precision":"address"}},{"type":"Feature","geometry":{"type":"Point","coordinates":[-111.943103,33.552383]},"properties":{"incident_id":"2517707","incident_type":"Search for person on land","type_group":"MTNRES","category":"mountain","date":"2025-04-20","year":2025,"month":4,"hour":null,"weekday":6,"is_weekend":true,"location_name":"5150 North INVERGORDON Road","precision":"address"}},{"type":"Feature","geometry":{"type":"Point","coordinates":[-111.786872,33.806628]},"properties":{"incident_id":"2520387","incident_type":"Search for person on land","type_group":"BITE","category":"mountain","date":"2025-05-07","year":2025,"month":5,"hour":null,"weekday":2,"is_weekend":false,"location_name":"E HAWKNEST RD / North 136TH Street","precision":"intersection"}},{"type":"Feature","geometry":{"type":"Point","coordinates":[-111.858503,33.649407]},"properties":{"incident_id":"2518630","incident_type":"Search for person on land","type_group":"HEAT","category":"mountain","date":"2025-04-26","year":2025,"month":4,"hour":null,"weekday":5,"is_weekend":true,"location_name":"18333 North THOMPSON PEAK Parkway","precision":"address"}},{"type":"Feature","geometry":{"type":"Point","coordinates":[-111.943103,33.552383]},"properties":{"incident_id":"2519223","incident_type":"Search for person on land","type_group":"MTNRES","category":"mountain","date":"2025-04-30","year":2025,"month":4,"hour":null,"weekday":2,"is_weekend":false,"location_name":"5150 North INVERGORDON Road","precision":"address"}},{"type":"Feature","geometry":{"type":"Point","coordinates":[-111.953578,33.885195]},"properties":{"incident_id":"2519762","incident_type":"Search for person on land","type_group":"MTNRES","category":"mountain","date":"2025-05-03","year":2025,"month":5,"hour":null,"weekday":5,"is_weekend":true,"location_name":"44029 North SPUR CROSS Road","precision":"address"}},{"type":"Feature","geometry":{"type":"Point","coordinates":[-111.80687,33.60636]},"properties":{"incident_id":"2520652","incident_type":"Search for person on land","type_group":"MTNRES","category":"mountain","date":"2025-05-09","year":2025,"month":5,"hour":null,"weekday":4,"is_weekend":false,"location_name":"12400 North 128TH Street","precision":"address"}},{"type":"Feature","geometry":{"type":"Point","coordinates":[-111.888139,33.745176]},"properties":{"incident_id":"2520828","incident_type":"Search for person on land","type_group":"MTNRES","category":"mountain","date":"2025-05-10","year":2025,"month":5,"hour":null,"weekday":5,"is_weekend":true,"location_name":"28777 North PIMA Road","precision":"address"}},{"type":"Feature","geometry":{"type":"Point","coordinates":[-111.859758,33.728373]},"properties":{"incident_id":"2523164","incident_type":"Search for person on land","type_group":"MTNRES","category":"mountain","date":"2025-05-25","year":2025,"month":5,"hour":null,"weekday":6,"is_weekend":true,"location_name":"26802 North 102ND Way","precision":"address"}},{"type":"Feature","geometry":{"type":"Point","coordinates":[-111.799183,33.686082]},"properties":{"incident_id":"2524063","incident_type":"Search for person on land","type_group":"MTNRES","category":"mountain","date":"2025-05-31","year":2025,"month":5,"hour":null,"weekday":5,"is_weekend":true,"location_name":"23015 North 128TH Street","precision":"address"}},{"type":"Feature","geometry":{"type":"Point","coordinates":[-111.858503,33.649407]},"properties":{"incident_id":"2524192","incident_type":"Search for person on land","type_group":"MTNRES","category":"mountain","date":"2025-06-01","year":2025,"month":6,"hour":null,"weekday":6,"is_weekend":true,"location_name":"18333 North THOMPSON PEAK Parkway","precision":"address"}},{"type":"Feature","geometry":{"type":"Point","coordinates":[-111.811887,33.600348]},"properties":{"incident_id":"2521934","incident_type":"Search for person on land","type_group":"MTNRES","category":"mountain","date":"2025-05-17","year":2025,"month":5,"hour":null,"weekday":5,"is_weekend":true,"location_name":"12601 North 124TH Street","precision":"address"}},{"type":"Feature","geometry":{"type":"Point","coordinates":[-111.802982,33.666237]},"properties":{"incident_id":"2525165","incident_type":"Search for person on land","type_group":"MTNRES","category":"mountain","date":"2025-06-07","year":2025,"month":6,"hour":null,"weekday":5,"is_weekend":true,"location_name":"11197 East SAGUARO CANYON Trail","precision":"address"}},{"type":"Feature","geometry":{"type":"Point","coordinates":[-111.976114,33.524011]},"properties":{"incident_id":"2525442","incident_type":"Search for person on land","type_group":"MTNRES","category":"mountain","date":"2025-06-09","year":2025,"month":6,"hour":null,"weekday":0,"is_weekend":false,"location_name":"4925 East MCDONALD Drive","precision":"address"}},{"type":"Feature","geometry":{"type":"Point","coordinates":[-111.943103,33.552383]},"properties":{"incident_id":"2525273","incident_type":"Search for person on land","type_group":"MTNRES","category":"mountain","date":"2025-06-08","year":2025,"month":6,"hour":null,"weekday":6,"is_weekend":true,"location_name":"5150 North INVERGORDON Road","precision":"address"}},{"type":"Feature","geometry":{"type":"Point","coordinates":[-111.952773,33.491358]},"properties":{"incident_id":"2526424","incident_type":"Swift water rescue","type_group":"WATER","category":"water","date":"2025-06-15","year":2025,"month":6,"hour":null,"weekday":6,"is_weekend":true,"location_name":"5951 East CALLE DEL PAISANO","precision":"address"}},{"type":"Feature","geometry":{"type":"Point","coordinates":[-111.976114,33.524011]},"properties":{"incident_id":"2529507","incident_type":"Search for person on land","type_group":"MTNRES","category":"mountain","date":"2025-07-05","year":2025,"month":7,"hour":null,"weekday":5,"is_weekend":true,"location_name":"4925 East MCDONALD Drive","precision":"address"}},{"type":"Feature","geometry":{"type":"Point","coordinates":[-111.943103,33.552383]},"properties":{"incident_id":"2531019","incident_type":"Search for person on land","type_group":"MTNRES","category":"mountain","date":"2025-07-15","year":2025,"month":7,"hour":null,"weekday":1,"is_weekend":false,"location_name":"5150 North INVERGORDON Road","precision":"address"}},{"type":"Feature","geometry":{"type":"Point","coordinates":[-111.802982,33.666237]},"properties":{"incident_id":"2532669","incident_type":"Search for person on land","type_group":"MTNRES","category":"mountain","date":"2025-07-26","year":2025,"month":7,"hour":null,"weekday":5,"is_weekend":true,"location_name":"11197 East SAGUARO CANYON Trail","precision":"address"}},{"type":"Feature","geometry":{"type":"Point","coordinates":[-111.858503,33.649407]},"properties":{"incident_id":"2533160","incident_type":"Search for person on land","type_group":"MTNRES","category":"mountain","date":"2025-07-29","year":2025,"month":7,"hour":null,"weekday":1,"is_weekend":false,"location_name":"18333 North THOMPSON PEAK Parkway","precision":"address"}},{"type":"Feature","geometry":{"type":"Point","coordinates":[-111.979957,33.659847]},"properties":{"incident_id":"2535954","incident_type":"Search for person on land","type_group":"MTNRES","category":"mountain","date":"2025-08-16","year":2025,"month":8,"hour":null,"weekday":5,"is_weekend":true,"location_name":"19224 North TATUM Boulevard","precision":"address"}},{"type":"Feature","geometry":{"type":"Point","coordinates":[-111.943103,33.552383]},"properties":{"incident_id":"2534227","incident_type":"Search for person on land","type_group":"HEAT","category":"mountain","date":"2025-08-05","year":2025,"month":8,"hour":null,"weekday":1,"is_weekend":false,"location_name":"5150 North INVERGORDON Road","precision":"address"}},{"type":"Feature","geometry":{"type":"Point","coordinates":[-111.943103,33.552383]},"properties":{"incident_id":"2537215","incident_type":"Search for person on land","type_group":"MTNRES","category":"mountain","date":"2025-08-24","year":2025,"month":8,"hour":null,"weekday":6,"is_weekend":true,"location_name":"5150 North INVERGORDON Road","precision":"address"}},{"type":"Feature","geometry":{"type":"Point","coordinates":[-111.976114,33.524011]},"properties":{"incident_id":"2538183","incident_type":"Search for person on land","type_group":"MTNRES","category":"mountain","date":"2025-08-30","year":2025,"month":8,"hour":null,"weekday":5,"is_weekend":true,"location_name":"4925 East MCDONALD Drive","precision":"address"}},{"type":"Feature","geometry":{"type":"Point","coordinates":[-111.811887,33.600348]},"properties":{"incident_id":"2537395","incident_type":"Search for person on land","type_group":"MTNRES","category":"mountain","date":"2025-08-25","year":2025,"month":8,"hour":null,"weekday":0,"is_weekend":false,"location_name":"12601 North 124TH Street","precision":"address"}},{"type":"Feature","geometry":{"type":"Point","coordinates":[-111.943874,33.824767]},"properties":{"incident_id":"2538190","incident_type":"Search for person on land","type_group":"MTNRES","category":"mountain","date":"2025-08-30","year":2025,"month":8,"hour":null,"weekday":5,"is_weekend":true,"location_name":"37500 North SCHOOL HOUSE Road","precision":"address"}},{"type":"Feature","geometry":{"type":"Point","coordinates":[-111.976114,33.524011]},"properties":{"incident_id":"2539439","incident_type":"Search for person on land","type_group":"MTNRES","category":"mountain","date":"2025-09-07","year":2025,"month":9,"hour":null,"weekday":6,"is_weekend":true,"location_name":"4925 East MCDONALD Drive","precision":"address"}},{"type":"Feature","geometry":{"type":"Point","coordinates":[-111.943103,33.552383]},"properties":{"incident_id":"2537067","incident_type":"Search for person on land","type_group":"MTNRES","category":"mountain","date":"2025-08-23","year":2025,"month":8,"hour":null,"weekday":5,"is_weekend":true,"location_name":"5150 North INVERGORDON Road","precision":"address"}},{"type":"Feature","geometry":{"type":"Point","coordinates":[-111.799183,33.686082]},"properties":{"incident_id":"2538202","incident_type":"Search for person on land","type_group":"MTNRES","category":"mountain","date":"2025-08-30","year":2025,"month":8,"hour":null,"weekday":5,"is_weekend":true,"location_name":"23015 North 128TH Street","precision":"address"}},{"type":"Feature","geometry":{"type":"Point","coordinates":[-112.065196,33.785568]},"properties":{"incident_id":"2540368","incident_type":"Search for person on land","type_group":"MTNRES","category":"mountain","date":"2025-09-13","year":2025,"month":9,"hour":null,"weekday":5,"is_weekend":true,"location_name":"E OLD WEST WY / North 7TH Street","precision":"intersection"}},{"type":"Feature","geometry":{"type":"Point","coordinates":[-111.858503,33.649407]},"properties":{"incident_id":"2541005","incident_type":"Search for person on land","type_group":"MTNRES","category":"mountain","date":"2025-09-17","year":2025,"month":9,"hour":null,"weekday":2,"is_weekend":false,"location_name":"18333 North THOMPSON PEAK Parkway","precision":"address"}},{"type":"Feature","geometry":{"type":"Point","coordinates":[-111.925409,33.676938]},"properties":{"incident_id":"2540528","incident_type":"Search for person on land","type_group":"OFFRDR","category":"mountain","date":"2025-09-14","year":2025,"month":9,"hour":null,"weekday":6,"is_weekend":true,"location_name":"N SCOTTSDALE RD / East GRAYHAWK Drive","precision":"intersection"}},{"type":"Feature","geometry":{"type":"Point","coordinates":[-111.811887,33.600348]},"properties":{"incident_id":"2541476","incident_type":"Search for person on land","type_group":"MTNRES","category":"mountain","date":"2025-09-20","year":2025,"month":9,"hour":null,"weekday":5,"is_weekend":true,"location_name":"12601 North 124TH Street","precision":"address"}},{"type":"Feature","geometry":{"type":"Point","coordinates":[-111.943103,33.552383]},"properties":{"incident_id":"2541640","incident_type":"Search for person on land","type_group":"MTNRES","category":"mountain","date":"2025-09-21","year":2025,"month":9,"hour":null,"weekday":6,"is_weekend":true,"location_name":"5150 North INVERGORDON Road","precision":"address"}},{"type":"Feature","geometry":{"type":"Point","coordinates":[-111.914028,33.457545]},"properties":{"incident_id":"2542511","incident_type":"Swift water rescue","type_group":"SERV","category":"water","date":"2025-09-26","year":2025,"month":9,"hour":null,"weekday":4,"is_weekend":false,"location_name":"E BEATRICE ST / North 77TH Street","precision":"intersection"}},{"type":"Feature","geometry":{"type":"Point","coordinates":[-112.054518,33.571305]},"properties":{"incident_id":"2542485","incident_type":"Swift water rescue","type_group":"WATER","category":"water","date":"2025-09-26","year":2025,"month":9,"hour":null,"weekday":4,"is_weekend":false,"location_name":"E HATCHER RD / North 13TH Street","precision":"intersection"}},{"type":"Feature","geometry":{"type":"Point","coordinates":[-111.917547,33.474483]},"properties":{"incident_id":"2542497","incident_type":"Swift water rescue","type_group":"SERV","category":"water","date":"2025-09-26","year":2025,"month":9,"hour":null,"weekday":4,"is_weekend":false,"location_name":"E MURRAY LN / North MILLER Road","precision":"intersection"}},{"type":"Feature","geometry":{"type":"Point","coordinates":[-111.912552,33.54714]},"properties":{"incident_id":"2542527","incident_type":"Swift water rescue","type_group":"SERV","category":"water","date":"2025-09-26","year":2025,"month":9,"hour":null,"weekday":4,"is_weekend":false,"location_name":"N RIDGEFORD DR / East MCCORMICK Parkway","precision":"intersection"}},{"type":"Feature","geometry":{"type":"Point","coordinates":[-111.914258,33.473439]},"properties":{"incident_id":"2542565","incident_type":"Swift water rescue","type_group":"WATER","category":"water","date":"2025-09-26","year":2025,"month":9,"hour":null,"weekday":4,"is_weekend":false,"location_name":"E HARVARD ST / North 77TH Street","precision":"intersection"}},{"type":"Feature","geometry":{"type":"Point","coordinates":[-111.970174,33.553566]},"properties":{"incident_id":"2542705","incident_type":"Swift water rescue","type_group":"WATER","category":"water","date":"2025-09-27","year":2025,"month":9,"hour":null,"weekday":5,"is_weekend":true,"location_name":"E DESERT JEWEL DR / North ARROYO Drive","precision":"intersection"}},{"type":"Feature","geometry":{"type":"Point","coordinates":[-111.976114,33.524011]},"properties":{"incident_id":"2543102","incident_type":"Search for person on land","type_group":"MTNRES","category":"mountain","date":"2025-09-30","year":2025,"month":9,"hour":null,"weekday":1,"is_weekend":false,"location_name":"4925 East MCDONALD Drive","precision":"address"}},{"type":"Feature","geometry":{"type":"Point","coordinates":[-111.976114,33.524011]},"properties":{"incident_id":"2544356","incident_type":"Search for person on land","type_group":"MTNRES","category":"mountain","date":"2025-10-08","year":2025,"month":10,"hour":null,"weekday":2,"is_weekend":false,"location_name":"4925 East MCDONALD Drive","precision":"address"}},{"type":"Feature","geometry":{"type":"Point","coordinates":[-111.84106,33.642909]},"properties":{"incident_id":"2541810","incident_type":"Search for person on land","type_group":"MTNRES","category":"mountain","date":"2025-09-22","year":2025,"month":9,"hour":null,"weekday":0,"is_weekend":false,"location_name":"10400 East BELL Road","precision":"address"}},{"type":"Feature","geometry":{"type":"Point","coordinates":[-111.913911,33.456843]},"properties":{"incident_id":"2542551","incident_type":"Swift water rescue","type_group":"WATER","category":"water","date":"2025-09-26","year":2025,"month":9,"hour":null,"weekday":4,"is_weekend":false,"location_name":"E GARFIELD ST / North 77TH Street","precision":"intersection"}},{"type":"Feature","geometry":{"type":"Point","coordinates":[-111.908673,33.512022]},"properties":{"incident_id":"2542577","incident_type":"Swift water rescue","type_group":"WATER","category":"water","date":"2025-09-26","year":2025,"month":9,"hour":null,"weekday":4,"is_weekend":false,"location_name":"E MEDLOCK DR / North HAYDEN Road","precision":"intersection"}},{"type":"Feature","geometry":{"type":"Point","coordinates":[-111.982959,33.696396]},"properties":{"incident_id":"2542702","incident_type":"Swift water rescue","type_group":"WATER","category":"water","date":"2025-09-27","year":2025,"month":9,"hour":null,"weekday":5,"is_weekend":true,"location_name":"E NAVIGATOR LN / North 40TH Street","precision":"intersection"}},{"type":"Feature","geometry":{"type":"Point","coordinates":[-111.995235,33.51726]},"properties":{"incident_id":"2542703","incident_type":"Swift water rescue","type_group":"WATER","category":"water","date":"2025-09-27","year":2025,"month":9,"hour":null,"weekday":5,"is_weekend":true,"location_name":"E STANFORD DR / North 40TH Street","precision":"intersection"}},{"type":"Feature","geometry":{"type":"Point","coordinates":[-111.863516,33.765417]},"properties":{"incident_id":"2544195","incident_type":"Search for person on land","type_group":"MTNRES","category":"mountain","date":"2025-10-07","year":2025,"month":10,"hour":null,"weekday":1,"is_weekend":false,"location_name":"30301 North ALMA SCHOOL Parkway","precision":"address"}},{"type":"Feature","geometry":{"type":"Point","coordinates":[-111.950762,33.466182]},"properties":{"incident_id":"2547326","incident_type":"Search for person on land","type_group":"MTNRES","category":"mountain","date":"2025-10-27","year":2025,"month":10,"hour":null,"weekday":0,"is_weekend":false,"location_name":"6001 East MCDOWELL Road","precision":"address"}},{"type":"Feature","geometry":{"type":"Point","coordinates":[-112.074007,33.791805]},"properties":{"incident_id":"2546616","incident_type":"Search for person on land","type_group":"MTNRES","category":"mountain","date":"2025-10-22","year":2025,"month":10,"hour":null,"weekday":2,"is_weekend":false,"location_name":"E PAINT YOUR WAGON TL / North CENTRAL Avenue","precision":"intersection"}},{"type":"Feature","geometry":{"type":"Point","coordinates":[-111.863516,33.765417]},"properties":{"incident_id":"2546859","incident_type":"Search for person on land","type_group":"MTNRES","category":"mountain","date":"2025-10-24","year":2025,"month":10,"hour":null,"weekday":4,"is_weekend":false,"location_name":"30301 North ALMA SCHOOL Parkway","precision":"address"}},{"type":"Feature","geometry":{"type":"Point","coordinates":[-111.926456,33.434693]},"properties":{"incident_id":"2549151","incident_type":"Swift water rescue","type_group":"WATER","category":"water","date":"2025-11-07","year":2025,"month":11,"hour":null,"weekday":4,"is_weekend":false,"location_name":"500 North SCOTTSDALE Road","precision":"address"}},{"type":"Feature","geometry":{"type":"Point","coordinates":[-111.799183,33.686082]},"properties":{"incident_id":"2549226","incident_type":"Search for person on land","type_group":"MTNRES","category":"mountain","date":"2025-11-08","year":2025,"month":11,"hour":null,"weekday":5,"is_weekend":true,"location_name":"23015 North 128TH Street","precision":"address"}},{"type":"Feature","geometry":{"type":"Point","coordinates":[-111.954384,33.820938]},"properties":{"incident_id":"2549732","incident_type":"Search for person on land","type_group":"MTNRES","category":"mountain","date":"2025-11-11","year":2025,"month":11,"hour":null,"weekday":1,"is_weekend":false,"location_name":"E SURREY DR / North CAVE CREEK Road","precision":"intersection"}},{"type":"Feature","geometry":{"type":"Point","coordinates":[-111.856743,33.640083]},"properties":{"incident_id":"2550336","incident_type":"Search for person on land","type_group":"MTNRES","category":"mountain","date":"2025-11-15","year":2025,"month":11,"hour":null,"weekday":5,"is_weekend":true,"location_name":"E BELL RD / North 104TH Street","precision":"intersection"}},{"type":"Feature","geometry":{"type":"Point","coordinates":[-111.858503,33.649407]},"properties":{"incident_id":"2552041","incident_type":"Search for person on land","type_group":"MTNRES","category":"mountain","date":"2025-11-26","year":2025,"month":11,"hour":null,"weekday":2,"is_weekend":false,"location_name":"18333 North THOMPSON PEAK Parkway","precision":"address"}},{"type":"Feature","geometry":{"type":"Point","coordinates":[-111.863516,33.765417]},"properties":{"incident_id":"2553134","incident_type":"Search for person on land","type_group":"MTNRES","category":"mountain","date":"2025-12-03","year":2025,"month":12,"hour":null,"weekday":2,"is_weekend":false,"location_name":"30301 North ALMA SCHOOL Parkway","precision":"address"}},{"type":"Feature","geometry":{"type":"Point","coordinates":[-111.859758,33.728373]},"properties":{"incident_id":"2553748","incident_type":"Search for person on land","type_group":"MTNRES","category":"mountain","date":"2025-12-07","year":2025,"month":12,"hour":null,"weekday":6,"is_weekend":true,"location_name":"26802 North 102ND Way","precision":"address"}},{"type":"Feature","geometry":{"type":"Point","coordinates":[-111.799183,33.686082]},"properties":{"incident_id":"2554049","incident_type":"Search for person on land","type_group":"MTNRES","category":"mountain","date":"2025-12-09","year":2025,"month":12,"hour":null,"weekday":1,"is_weekend":false,"location_name":"23015 North 128TH Street","precision":"address"}},{"type":"Feature","geometry":{"type":"Point","coordinates":[-111.859758,33.728373]},"properties":{"incident_id":"2554717","incident_type":"Search for person on land","type_group":"MTNRES","category":"mountain","date":"2025-12-13","year":2025,"month":12,"hour":null,"weekday":5,"is_weekend":true,"location_name":"26802 North 102ND Way","precision":"address"}},{"type":"Feature","geometry":{"type":"Point","coordinates":[-111.811887,33.600348]},"properties":{"incident_id":"2556125","incident_type":"Search for person on land","type_group":"MTNRES","category":"mountain","date":"2025-12-22","year":2025,"month":12,"hour":null,"weekday":0,"is_weekend":false,"location_name":"12601 North 124TH Street","precision":"address"}},{"type":"Feature","geometry":{"type":"Point","coordinates":[-111.858503,33.649407]},"properties":{"incident_id":"2603426","incident_type":"Search for person on land","type_group":"MTNRES","category":"mountain","date":"2026-01-23","year":2026,"month":1,"hour":null,"weekday":4,"is_weekend":false,"location_name":"18333 North THOMPSON PEAK Parkway","precision":"address"}},{"type":"Feature","geometry":{"type":"Point","coordinates":[-111.858503,33.649407]},"properties":{"incident_id":"2604032","incident_type":"Search for person on land","type_group":"MTNRES","category":"mountain","date":"2026-01-27","year":2026,"month":1,"hour":null,"weekday":1,"is_weekend":false,"location_name":"18333 North THOMPSON PEAK Parkway","precision":"address"}},{"type":"Feature","geometry":{"type":"Point","coordinates":[-111.7885,33.77007]},"properties":{"incident_id":"2605289","incident_type":"Search for person on land","type_group":"MTNRES","category":"mountain","date":"2026-02-04","year":2026,"month":2,"hour":null,"weekday":2,"is_weekend":false,"location_name":"31402 North 136TH Street","precision":"address"}},{"type":"Feature","geometry":{"type":"Point","coordinates":[-111.863516,33.765417]},"properties":{"incident_id":"2605304","incident_type":"Search for person on land","type_group":"MTNRES","category":"mountain","date":"2026-02-04","year":2026,"month":2,"hour":null,"weekday":2,"is_weekend":false,"location_name":"30301 North ALMA SCHOOL Parkway","precision":"address"}},{"type":"Feature","geometry":{"type":"Point","coordinates":[-111.943103,33.552383]},"properties":{"incident_id":"2605829","incident_type":"Search for person on land","type_group":"MTNRES","category":"mountain","date":"2026-02-07","year":2026,"month":2,"hour":null,"weekday":5,"is_weekend":true,"location_name":"5150 North INVERGORDON Road","precision":"address"}},{"type":"Feature","geometry":{"type":"Point","coordinates":[-111.943103,33.552383]},"properties":{"incident_id":"2607267","incident_type":"Search for person on land","type_group":"MTNRES","category":"mountain","date":"2026-02-16","year":2026,"month":2,"hour":null,"weekday":0,"is_weekend":false,"location_name":"5150 North INVERGORDON Road","precision":"address"}},{"type":"Feature","geometry":{"type":"Point","coordinates":[-111.863516,33.765417]},"properties":{"incident_id":"2254987","incident_type":"High-angle rescue","type_group":"MTNRES","category":"mountain","date":"2022-12-18","year":2022,"month":12,"hour":null,"weekday":6,"is_weekend":true,"location_name":"30301 North ALMA SCHOOL Parkway","precision":"address"}},{"type":"Feature","geometry":{"type":"Point","coordinates":[-111.926147,33.502257]},"properties":{"incident_id":"2300146","incident_type":"","type_group":"WATER","category":"water","date":"2023-01-01","year":2023,"month":1,"hour":null,"weekday":6,"is_weekend":true,"location_name":"N SCOTTSDALE RD / East CAMELBACK Road","precision":"intersection"}},{"type":"Feature","geometry":{"type":"Point","coordinates":[-111.7885,33.77007]},"properties":{"incident_id":"2256268","incident_type":"","type_group":"MTNRES","category":"mountain","date":"2022-12-26","year":2022,"month":12,"hour":null,"weekday":0,"is_weekend":false,"location_name":"31402 North 136TH Street","precision":"address"}},{"type":"Feature","geometry":{"type":"Point","coordinates":[-111.934719,33.49494]},"properties":{"incident_id":"2301433","incident_type":"","type_group":"WATER","category":"water","date":"2023-01-10","year":2023,"month":1,"hour":null,"weekday":1,"is_weekend":false,"location_name":"ARIZONA CANAL / North 68TH Street","precision":"intersection"}},{"type":"Feature","geometry":{"type":"Point","coordinates":[-112.049755,33.763854]},"properties":{"incident_id":"2301827","incident_type":"","type_group":"MTNRES","category":"mountain","date":"2023-01-13","year":2023,"month":1,"hour":null,"weekday":4,"is_weekend":false,"location_name":"1600 East SONORAN DESERT Drive","precision":"address"}},{"type":"Feature","geometry":{"type":"Point","coordinates":[-111.976114,33.524011]},"properties":{"incident_id":"2301874","incident_type":"","type_group":"MTNRES","category":"mountain","date":"2023-01-13","year":2023,"month":1,"hour":null,"weekday":4,"is_weekend":false,"location_name":"4925 East MCDONALD Drive","precision":"address"}},{"type":"Feature","geometry":{"type":"Point","coordinates":[-111.858503,33.649407]},"properties":{"incident_id":"2304187","incident_type":"","type_group":"MTNRES","category":"mountain","date":"2023-01-29","year":2023,"month":1,"hour":null,"weekday":6,"is_weekend":true,"location_name":"18333 North THOMPSON PEAK Parkway","precision":"address"}},{"type":"Feature","geometry":{"type":"Point","coordinates":[-111.859758,33.728373]},"properties":{"incident_id":"2304776","incident_type":"","type_group":"MTNRES","category":"mountain","date":"2023-02-02","year":2023,"month":2,"hour":null,"weekday":3,"is_weekend":false,"location_name":"26802 North 102ND Way","precision":"address"}},{"type":"Feature","geometry":{"type":"Point","coordinates":[-112.0197,33.5307]},"properties":{"incident_id":"2301684","incident_type":"","type_group":"MTNRES","category":"mountain","date":"2023-01-12","year":2023,"month":1,"hour":null,"weekday":3,"is_weekend":false,"location_name":"2701 East PIESTEWA PEAK Drive","precision":"preserve_centroid"}},{"type":"Feature","geometry":{"type":"Point","coordinates":[-111.84066,33.639849]},"properties":{"incident_id":"2303160","incident_type":"","type_group":"MTNRES","category":"mountain","date":"2023-01-22","year":2023,"month":1,"hour":null,"weekday":6,"is_weekend":true,"location_name":"11114 East VERBENA Lane","precision":"address"}},{"type":"Feature","geometry":{"type":"Point","coordinates":[-112.0197,33.5307]},"properties":{"incident_id":"2301877","incident_type":"","type_group":"MTNRES","category":"mountain","date":"2023-01-13","year":2023,"month":1,"hour":null,"weekday":4,"is_weekend":false,"location_name":"2701 East PIESTEWA PEAK Drive","precision":"preserve_centroid"}},{"type":"Feature","geometry":{"type":"Point","coordinates":[-111.858503,33.649407]},"properties":{"incident_id":"2306993","incident_type":"","type_group":"MTNRES","category":"mountain","date":"2023-02-16","year":2023,"month":2,"hour":null,"weekday":3,"is_weekend":false,"location_name":"18333 North THOMPSON PEAK Parkway","precision":"address"}},{"type":"Feature","geometry":{"type":"Point","coordinates":[-111.7885,33.77007]},"properties":{"incident_id":"2307297","incident_type":"","type_group":"MTNRES","category":"mountain","date":"2023-02-18","year":2023,"month":2,"hour":null,"weekday":5,"is_weekend":true,"location_name":"31402 North 136TH Street","precision":"address"}},{"type":"Feature","geometry":{"type":"Point","coordinates":[-111.976114,33.524011]},"properties":{"incident_id":"2307317","incident_type":"","type_group":"MTNRES","category":"mountain","date":"2023-02-18","year":2023,"month":2,"hour":null,"weekday":5,"is_weekend":true,"location_name":"4925 East MCDONALD Drive","precision":"address"}},{"type":"Feature","geometry":{"type":"Point","coordinates":[-111.811887,33.600348]},"properties":{"incident_id":"2307324","incident_type":"","type_group":"MTNRES","category":"mountain","date":"2023-02-18","year":2023,"month":2,"hour":null,"weekday":5,"is_weekend":true,"location_name":"12601 North 124TH Street","precision":"address"}},{"type":"Feature","geometry":{"type":"Point","coordinates":[-111.950762,33.466182]},"properties":{"incident_id":"2303883","incident_type":"","type_group":"MTNRES","category":"mountain","date":"2023-01-27","year":2023,"month":1,"hour":null,"weekday":4,"is_weekend":false,"location_name":"6001 East MCDOWELL Road","precision":"address"}},{"type":"Feature","geometry":{"type":"Point","coordinates":[-112.189968,33.738588]},"properties":{"incident_id":"2304962","incident_type":"","type_group":"MTNRES","category":"mountain","date":"2023-02-03","year":2023,"month":2,"hour":null,"weekday":4,"is_weekend":false,"location_name":"W RUNNING DEER TL / North 60TH Lane","precision":"intersection"}},{"type":"Feature","geometry":{"type":"Point","coordinates":[-111.916714,33.636312]},"properties":{"incident_id":"2305614","incident_type":"","type_group":"WATER","category":"water","date":"2023-02-07","year":2023,"month":2,"hour":null,"weekday":1,"is_weekend":false,"location_name":"E FRANK LLOYD WRIGHT BL / North 76TH Street","precision":"intersection"}},{"type":"Feature","geometry":{"type":"Point","coordinates":[-111.943103,33.552383]},"properties":{"incident_id":"2305753","incident_type":"","type_group":"MTNRES","category":"mountain","date":"2023-02-08","year":2023,"month":2,"hour":null,"weekday":2,"is_weekend":false,"location_name":"5150 North INVERGORDON Road","precision":"address"}},{"type":"Feature","geometry":{"type":"Point","coordinates":[-111.943103,33.552383]},"properties":{"incident_id":"2303901","incident_type":"","type_group":"MTNRES","category":"mountain","date":"2023-01-27","year":2023,"month":1,"hour":null,"weekday":4,"is_weekend":false,"location_name":"5150 North INVERGORDON Road","precision":"address"}},{"type":"Feature","geometry":{"type":"Point","coordinates":[-111.945483,33.454602]},"properties":{"incident_id":"2307145","incident_type":"","type_group":"MTNRES","category":"mountain","date":"2023-02-17","year":2023,"month":2,"hour":null,"weekday":4,"is_weekend":false,"location_name":"625 North GALVIN Parkway","precision":"address"}},{"type":"Feature","geometry":{"type":"Point","coordinates":[-111.7885,33.77007]},"properties":{"incident_id":"2307583","incident_type":"","type_group":"MTNRES","category":"mountain","date":"2023-02-20","year":2023,"month":2,"hour":null,"weekday":0,"is_weekend":false,"location_name":"31402 North 136TH Street","precision":"address"}},{"type":"Feature","geometry":{"type":"Point","coordinates":[-111.858503,33.649407]},"properties":{"incident_id":"2306192","incident_type":"","type_group":"MTNRES","category":"mountain","date":"2023-02-11","year":2023,"month":2,"hour":null,"weekday":5,"is_weekend":true,"location_name":"18333 North THOMPSON PEAK Parkway","precision":"address"}},{"type":"Feature","geometry":{"type":"Point","coordinates":[-111.799183,33.686082]},"properties":{"incident_id":"2306221","incident_type":"","type_group":"MTNRES","category":"mountain","date":"2023-02-11","year":2023,"month":2,"hour":null,"weekday":5,"is_weekend":true,"location_name":"23015 North 128TH Street","precision":"address"}},{"type":"Feature","geometry":{"type":"Point","coordinates":[-111.863516,33.765417]},"properties":{"incident_id":"2306377","incident_type":"","type_group":"MTNRES","category":"mountain","date":"2023-02-12","year":2023,"month":2,"hour":null,"weekday":6,"is_weekend":true,"location_name":"30301 North ALMA SCHOOL Parkway","precision":"address"}},{"type":"Feature","geometry":{"type":"Point","coordinates":[-111.7885,33.77007]},"properties":{"incident_id":"2308830","incident_type":"","type_group":"MTNRES","category":"mountain","date":"2023-02-28","year":2023,"month":2,"hour":null,"weekday":1,"is_weekend":false,"location_name":"31402 North 136TH Street","precision":"address"}},{"type":"Feature","geometry":{"type":"Point","coordinates":[-111.891262,33.773841]},"properties":{"incident_id":"2309590","incident_type":"Search for person on land","type_group":"MTNRES","category":"mountain","date":"2023-03-05","year":2023,"month":3,"hour":null,"weekday":6,"is_weekend":true,"location_name":"E RANCH RD / North PIMA Road","precision":"intersection"}},{"type":"Feature","geometry":{"type":"Point","coordinates":[-111.799183,33.686082]},"properties":{"incident_id":"2310566","incident_type":"Search for person on land","type_group":"MTNRES","category":"mountain","date":"2023-03-11","year":2023,"month":3,"hour":null,"weekday":5,"is_weekend":true,"location_name":"23015 North 128TH Street","precision":"address"}},{"type":"Feature","geometry":{"type":"Point","coordinates":[-111.799183,33.686082]},"properties":{"incident_id":"2310843","incident_type":"Search for person on land","type_group":"MTNRES","category":"mountain","date":"2023-03-13","year":2023,"month":3,"hour":null,"weekday":0,"is_weekend":false,"location_name":"23015 North 128TH Street","precision":"address"}},{"type":"Feature","geometry":{"type":"Point","coordinates":[-111.863516,33.765417]},"properties":{"incident_id":"2309767","incident_type":"Search for person on land","type_group":"MTNRES","category":"mountain","date":"2023-03-06","year":2023,"month":3,"hour":null,"weekday":0,"is_weekend":false,"location_name":"30301 North ALMA SCHOOL Parkway","precision":"address"}},{"type":"Feature","geometry":{"type":"Point","coordinates":[-111.943103,33.552383]},"properties":{"incident_id":"2310835","incident_type":"Search for person on land","type_group":"MTNRES","category":"mountain","date":"2023-03-13","year":2023,"month":3,"hour":null,"weekday":0,"is_weekend":false,"location_name":"5150 North INVERGORDON Road","precision":"address"}},{"type":"Feature","geometry":{"type":"Point","coordinates":[-111.950762,33.466182]},"properties":{"incident_id":"2311809","incident_type":"Search for person on land","type_group":"MTNRES","category":"mountain","date":"2023-03-19","year":2023,"month":3,"hour":null,"weekday":6,"is_weekend":true,"location_name":"6001 East MCDOWELL Road","precision":"address"}},{"type":"Feature","geometry":{"type":"Point","coordinates":[-111.969489,33.857308]},"properties":{"incident_id":"2312161","incident_type":"Swift water rescue","type_group":"WATER","category":"water","date":"2023-03-22","year":2023,"month":3,"hour":null,"weekday":2,"is_weekend":false,"location_name":"5200 East ROCKAWAY HILLS Drive","precision":"address"}},{"type":"Feature","geometry":{"type":"Point","coordinates":[-111.80687,33.60636]},"properties":{"incident_id":"2308079","incident_type":"","type_group":"MTNRES","category":"mountain","date":"2023-02-23","year":2023,"month":2,"hour":null,"weekday":3,"is_weekend":false,"location_name":"12400 North 128TH Street","precision":"address"}},{"type":"Feature","geometry":{"type":"Point","coordinates":[-111.878505,33.748524]},"properties":{"incident_id":"2308248","incident_type":"","type_group":"MTNRES","category":"mountain","date":"2023-02-24","year":2023,"month":2,"hour":null,"weekday":4,"is_weekend":false,"location_name":"E TROON NORTH DR / North 93RD Street","precision":"intersection"}},{"type":"Feature","geometry":{"type":"Point","coordinates":[-111.917462,33.509484]},"properties":{"incident_id":"2309664","incident_type":"Swift water rescue","type_group":"WATER","category":"water","date":"2023-03-05","year":2023,"month":3,"hour":null,"weekday":6,"is_weekend":true,"location_name":"N MILLER RD / East CHAPARRAL Road","precision":"intersection"}},{"type":"Feature","geometry":{"type":"Point","coordinates":[-111.799183,33.686082]},"properties":{"incident_id":"2313264","incident_type":"Search for person on land","type_group":"MTNRES","category":"mountain","date":"2023-03-29","year":2023,"month":3,"hour":null,"weekday":2,"is_weekend":false,"location_name":"23015 North 128TH Street","precision":"address"}},{"type":"Feature","geometry":{"type":"Point","coordinates":[-111.859758,33.728373]},"properties":{"incident_id":"2313870","incident_type":"Search for person on land","type_group":"MTNRES","category":"mountain","date":"2023-04-02","year":2023,"month":4,"hour":null,"weekday":6,"is_weekend":true,"location_name":"26802 North 102ND Way","precision":"address"}},{"type":"Feature","geometry":{"type":"Point","coordinates":[-112.0197,33.5307]},"properties":{"incident_id":"2314358","incident_type":"Search for person on land","type_group":"MTNRES","category":"mountain","date":"2023-04-05","year":2023,"month":4,"hour":null,"weekday":2,"is_weekend":false,"location_name":"2701 East PIESTEWA PEAK Drive","precision":"preserve_centroid"}},{"type":"Feature","geometry":{"type":"Point","coordinates":[-111.888139,33.745176]},"properties":{"incident_id":"2315134","incident_type":"Search for person on land","type_group":"MTNRES","category":"mountain","date":"2023-04-10","year":2023,"month":4,"hour":null,"weekday":0,"is_weekend":false,"location_name":"28777 North PIMA Road","precision":"address"}},{"type":"Feature","geometry":{"type":"Point","coordinates":[-111.888139,33.745176]},"properties":{"incident_id":"2315128","incident_type":"Search for person on land","type_group":"MTNRES","category":"mountain","date":"2023-04-10","year":2023,"month":4,"hour":null,"weekday":0,"is_weekend":false,"location_name":"28777 North PIMA Road","precision":"address"}},{"type":"Feature","geometry":{"type":"Point","coordinates":[-111.976114,33.524011]},"properties":{"incident_id":"2311931","incident_type":"Search for person on land","type_group":"MTNRES","category":"mountain","date":"2023-03-20","year":2023,"month":3,"hour":null,"weekday":0,"is_weekend":false,"location_name":"4925 East MCDONALD Drive","precision":"address"}},{"type":"Feature","geometry":{"type":"Point","coordinates":[-111.888139,33.745176]},"properties":{"incident_id":"2315464","incident_type":"Search for person on land","type_group":"MTNRES","category":"mountain","date":"2023-04-12","year":2023,"month":4,"hour":null,"weekday":2,"is_weekend":false,"location_name":"28777 North PIMA Road","precision":"address"}},{"type":"Feature","geometry":{"type":"Point","coordinates":[-112.049755,33.763854]},"properties":{"incident_id":"2315982","incident_type":"Search for person on land","type_group":"MTNRES","category":"mountain","date":"2023-04-15","year":2023,"month":4,"hour":null,"weekday":5,"is_weekend":true,"location_name":"1600 East SONORAN DESERT Drive","precision":"address"}},{"type":"Feature","geometry":{"type":"Point","coordinates":[-112.065196,33.785568]},"properties":{"incident_id":"2313291","incident_type":"Search for person on land","type_group":"MTNRES","category":"mountain","date":"2023-03-29","year":2023,"month":3,"hour":null,"weekday":2,"is_weekend":false,"location_name":"E OLD WEST WY / North 7TH Street","precision":"intersection"}},{"type":"Feature","geometry":{"type":"Point","coordinates":[-111.799183,33.686082]},"properties":{"incident_id":"2313741","incident_type":"Search for person on land","type_group":"MTNRES","category":"mountain","date":"2023-04-01","year":2023,"month":4,"hour":null,"weekday":5,"is_weekend":true,"location_name":"23015 North 128TH Street","precision":"address"}},{"type":"Feature","geometry":{"type":"Point","coordinates":[-111.943874,33.824767]},"properties":{"incident_id":"2313756","incident_type":"Search for person on land","type_group":"MTNRES","category":"mountain","date":"2023-04-01","year":2023,"month":4,"hour":null,"weekday":5,"is_weekend":true,"location_name":"37500 North SCHOOL HOUSE Road","precision":"address"}},{"type":"Feature","geometry":{"type":"Point","coordinates":[-111.943103,33.552383]},"properties":{"incident_id":"2317026","incident_type":"Search for person on land","type_group":"MTNRES","category":"mountain","date":"2023-04-22","year":2023,"month":4,"hour":null,"weekday":5,"is_weekend":true,"location_name":"5150 North INVERGORDON Road","precision":"address"}},{"type":"Feature","geometry":{"type":"Point","coordinates":[-111.976114,33.524011]},"properties":{"incident_id":"2317044","incident_type":"Search for person on land","type_group":"MTNRES","category":"mountain","date":"2023-04-22","year":2023,"month":4,"hour":null,"weekday":5,"is_weekend":true,"location_name":"4925 East MCDONALD Drive","precision":"address"}},{"type":"Feature","geometry":{"type":"Point","coordinates":[-111.858503,33.649407]},"properties":{"incident_id":"2318201","incident_type":"Search for person on land","type_group":"MTNRES","category":"mountain","date":"2023-04-29","year":2023,"month":4,"hour":null,"weekday":5,"is_weekend":true,"location_name":"18333 North THOMPSON PEAK Parkway","precision":"address"}},{"type":"Feature","geometry":{"type":"Point","coordinates":[-111.786858,33.784857]},"properties":{"incident_id":"2314682","incident_type":"Search for person on land","type_group":"MTNRES","category":"mountain","date":"2023-04-07","year":2023,"month":4,"hour":null,"weekday":4,"is_weekend":false,"location_name":"E DOVE VALLEY RD / North 136TH Street","precision":"intersection"}},{"type":"Feature","geometry":{"type":"Point","coordinates":[-111.799183,33.686082]},"properties":{"incident_id":"2318596","incident_type":"Search for person on land","type_group":"MTNRES","category":"mountain","date":"2023-05-02","year":2023,"month":5,"hour":null,"weekday":1,"is_weekend":false,"location_name":"23015 North 128TH Street","precision":"address"}},{"type":"Feature","geometry":{"type":"Point","coordinates":[-111.863516,33.765417]},"properties":{"incident_id":"2316107","incident_type":"Search for person on land","type_group":"MTNRES","category":"mountain","date":"2023-04-16","year":2023,"month":4,"hour":null,"weekday":6,"is_weekend":true,"location_name":"30301 North ALMA SCHOOL Parkway","precision":"address"}},{"type":"Feature","geometry":{"type":"Point","coordinates":[-112.049755,33.763854]},"properties":{"incident_id":"2316115","incident_type":"Search for person on land","type_group":"MTNRES","category":"mountain","date":"2023-04-16","year":2023,"month":4,"hour":null,"weekday":6,"is_weekend":true,"location_name":"1600 East SONORAN DESERT Drive","precision":"address"}},{"type":"Feature","geometry":{"type":"Point","coordinates":[-111.953578,33.885195]},"properties":{"incident_id":"2320600","incident_type":"Search for person on land","type_group":"MTNRES","category":"mountain","date":"2023-05-15","year":2023,"month":5,"hour":null,"weekday":0,"is_weekend":false,"location_name":"44029 North SPUR CROSS Road","precision":"address"}},{"type":"Feature","geometry":{"type":"Point","coordinates":[-111.976114,33.524011]},"properties":{"incident_id":"2320667","incident_type":"Search for person on land","type_group":"MTNRES","category":"mountain","date":"2023-05-15","year":2023,"month":5,"hour":null,"weekday":0,"is_weekend":false,"location_name":"4925 East MCDONALD Drive","precision":"address"}},{"type":"Feature","geometry":{"type":"Point","coordinates":[-111.908632,33.538509]},"properties":{"incident_id":"2317249","incident_type":"Swift water rescue","type_group":"WATER","category":"water","date":"2023-04-23","year":2023,"month":4,"hour":null,"weekday":6,"is_weekend":true,"location_name":"E INDIAN BEND RD / North HAYDEN Road","precision":"intersection"}},{"type":"Feature","geometry":{"type":"Point","coordinates":[-111.786858,33.784857]},"properties":{"incident_id":"2317351","incident_type":"Search for person on land","type_group":"MTNRES","category":"mountain","date":"2023-04-24","year":2023,"month":4,"hour":null,"weekday":0,"is_weekend":false,"location_name":"E DOVE VALLEY RD / North 136TH Street","precision":"intersection"}},{"type":"Feature","geometry":{"type":"Point","coordinates":[-111.859758,33.728373]},"properties":{"incident_id":"2317053","incident_type":"Search for person on land","type_group":"MTNRES","category":"mountain","date":"2023-04-22","year":2023,"month":4,"hour":null,"weekday":5,"is_weekend":true,"location_name":"26802 North 102ND Way","precision":"address"}},{"type":"Feature","geometry":{"type":"Point","coordinates":[-111.858503,33.649407]},"properties":{"incident_id":"2317363","incident_type":"Search for person on land","type_group":"MTNRES","category":"mountain","date":"2023-04-24","year":2023,"month":4,"hour":null,"weekday":0,"is_weekend":false,"location_name":"18333 North THOMPSON PEAK Parkway","precision":"address"}},{"type":"Feature","geometry":{"type":"Point","coordinates":[-112.029789,33.561938]},"properties":{"incident_id":"2318034","incident_type":"Search for person on land","type_group":"MTNRES","category":"mountain","date":"2023-04-28","year":2023,"month":4,"hour":null,"weekday":4,"is_weekend":false,"location_name":"2421 East NORTHERN Avenue","precision":"address"}},{"type":"Feature","geometry":{"type":"Point","coordinates":[-111.926456,33.434693]},"properties":{"incident_id":"2315887","incident_type":"Swift water rescue","type_group":"WATER","category":"water","date":"2023-04-14","year":2023,"month":4,"hour":null,"weekday":4,"is_weekend":false,"location_name":"500 North SCOTTSDALE Road","precision":"address"}},{"type":"Feature","geometry":{"type":"Point","coordinates":[-111.953578,33.885195]},"properties":{"incident_id":"2318206","incident_type":"Search for person on land","type_group":"MTNRES","category":"mountain","date":"2023-04-29","year":2023,"month":4,"hour":null,"weekday":5,"is_weekend":true,"location_name":"44029 North SPUR CROSS Road","precision":"address"}},{"type":"Feature","geometry":{"type":"Point","coordinates":[-111.859758,33.728373]},"properties":{"incident_id":"2318300","incident_type":"Search for person on land","type_group":"MTNRES","category":"mountain","date":"2023-04-30","year":2023,"month":4,"hour":null,"weekday":6,"is_weekend":true,"location_name":"26802 North 102ND Way","precision":"address"}},{"type":"Feature","geometry":{"type":"Point","coordinates":[-111.858503,33.649407]},"properties":{"incident_id":"2321446","incident_type":"Search for person on land","type_group":"MTNRES","category":"mountain","date":"2023-05-20","year":2023,"month":5,"hour":null,"weekday":5,"is_weekend":true,"location_name":"18333 North THOMPSON PEAK Parkway","precision":"address"}},{"type":"Feature","geometry":{"type":"Point","coordinates":[-111.943103,33.552383]},"properties":{"incident_id":"2319907","incident_type":"Search for person on land","type_group":"MTNRES","category":"mountain","date":"2023-05-10","year":2023,"month":5,"hour":null,"weekday":2,"is_weekend":false,"location_name":"5150 North INVERGORDON Road","precision":"address"}},{"type":"Feature","geometry":{"type":"Point","coordinates":[-111.97529,33.364441]},"properties":{"incident_id":"2320831","incident_type":"Search for person on land","type_group":"MTNRES","category":"mountain","date":"2023-05-16","year":2023,"month":5,"hour":null,"weekday":1,"is_weekend":false,"location_name":"4790 East PIMA CANYON Road","precision":"address"}},{"type":"Feature","geometry":{"type":"Point","coordinates":[-111.859758,33.728373]},"properties":{"incident_id":"2317908","incident_type":"Search for person on land","type_group":"MTNRES","category":"mountain","date":"2023-04-27","year":2023,"month":4,"hour":null,"weekday":3,"is_weekend":false,"location_name":"26802 North 102ND Way","precision":"address"}},{"type":"Feature","geometry":{"type":"Point","coordinates":[-111.953578,33.885195]},"properties":{"incident_id":"2318149","incident_type":"Search for person on land","type_group":"MTNRES","category":"mountain","date":"2023-04-29","year":2023,"month":4,"hour":null,"weekday":5,"is_weekend":true,"location_name":"44029 North SPUR CROSS Road","precision":"address"}},{"type":"Feature","geometry":{"type":"Point","coordinates":[-111.950762,33.466182]},"properties":{"incident_id":"2322254","incident_type":"Search for person on land","type_group":"MTNRES","category":"mountain","date":"2023-05-25","year":2023,"month":5,"hour":null,"weekday":3,"is_weekend":false,"location_name":"6001 East MCDOWELL Road","precision":"address"}},{"type":"Feature","geometry":{"type":"Point","coordinates":[-111.771635,33.63831]},"properties":{"incident_id":"2322574","incident_type":"Search for person on land","type_group":"MTNRES","category":"mountain","date":"2023-05-27","year":2023,"month":5,"hour":null,"weekday":5,"is_weekend":true,"location_name":"E GOLDEN EAGLE BL / East DESERT TORTOISE Trail","precision":"intersection"}},{"type":"Feature","geometry":{"type":"Point","coordinates":[-111.976114,33.524011]},"properties":{"incident_id":"2323866","incident_type":"Search for person on land","type_group":"MTNRES","category":"mountain","date":"2023-06-05","year":2023,"month":6,"hour":null,"weekday":0,"is_weekend":false,"location_name":"4925 East MCDONALD Drive","precision":"address"}},{"type":"Feature","geometry":{"type":"Point","coordinates":[-111.858503,33.649407]},"properties":{"incident_id":"2324236","incident_type":"Search for person on land","type_group":"MTNRES","category":"mountain","date":"2023-06-07","year":2023,"month":6,"hour":null,"weekday":2,"is_weekend":false,"location_name":"18333 North THOMPSON PEAK Parkway","precision":"address"}},{"type":"Feature","geometry":{"type":"Point","coordinates":[-111.964775,33.531243]},"properties":{"incident_id":"2325391","incident_type":"Search for person on land","type_group":"MTNRES","category":"mountain","date":"2023-06-15","year":2023,"month":6,"hour":null,"weekday":3,"is_weekend":false,"location_name":"5402 East LINCOLN Drive","precision":"address"}},{"type":"Feature","geometry":{"type":"Point","coordinates":[-111.799183,33.686082]},"properties":{"incident_id":"2322732","incident_type":"Search for person on land","type_group":"MTNRES","category":"mountain","date":"2023-05-28","year":2023,"month":5,"hour":null,"weekday":6,"is_weekend":true,"location_name":"23015 North 128TH Street","precision":"address"}},{"type":"Feature","geometry":{"type":"Point","coordinates":[-112.033323,33.549408]},"properties":{"incident_id":"2327210","incident_type":"Search for person on land","type_group":"MTNRES","category":"mountain","date":"2023-06-27","year":2023,"month":6,"hour":null,"weekday":1,"is_weekend":false,"location_name":"E BELMONT AV / North 22ND Street","precision":"intersection"}},{"type":"Feature","geometry":{"type":"Point","coordinates":[-111.867908,33.727824]},"properties":{"incident_id":"2324342","incident_type":"Search for person on land","type_group":"MTNRES","category":"mountain","date":"2023-06-08","year":2023,"month":6,"hour":null,"weekday":3,"is_weekend":false,"location_name":"26761 North 98TH Way","precision":"address"}},{"type":"Feature","geometry":{"type":"Point","coordinates":[-111.83994,33.639858]},"properties":{"incident_id":"2328466","incident_type":"Search for person on land","type_group":"MTNRES","category":"mountain","date":"2023-07-05","year":2023,"month":7,"hour":null,"weekday":2,"is_weekend":false,"location_name":"11130 East VERBENA Lane","precision":"address"}},{"type":"Feature","geometry":{"type":"Point","coordinates":[-111.863516,33.765417]},"properties":{"incident_id":"2323771","incident_type":"Search for person on land","type_group":"MTNRES","category":"mountain","date":"2023-06-04","year":2023,"month":6,"hour":null,"weekday":6,"is_weekend":true,"location_name":"30301 North ALMA SCHOOL Parkway","precision":"address"}},{"type":"Feature","geometry":{"type":"Point","coordinates":[-111.867908,33.727824]},"properties":{"incident_id":"2329726","incident_type":"Search for person on land","type_group":"MTNRES","category":"mountain","date":"2023-07-13","year":2023,"month":7,"hour":null,"weekday":3,"is_weekend":false,"location_name":"26761 North 98TH Way","precision":"address"}},{"type":"Feature","geometry":{"type":"Point","coordinates":[-111.953578,33.885195]},"properties":{"incident_id":"2331236","incident_type":"Search for person on land","type_group":"MTNRES","category":"mountain","date":"2023-07-22","year":2023,"month":7,"hour":null,"weekday":5,"is_weekend":true,"location_name":"44029 North SPUR CROSS Road","precision":"address"}},{"type":"Feature","geometry":{"type":"Point","coordinates":[-111.939979,33.429443]},"properties":{"incident_id":"2331790","incident_type":"Search for person on land","type_group":"MTNRES","category":"mountain","date":"2023-07-25","year":2023,"month":7,"hour":null,"weekday":1,"is_weekend":false,"location_name":"01 East RIO SALADO Parkway","precision":"address"}},{"type":"Feature","geometry":{"type":"Point","coordinates":[-111.799183,33.686082]},"properties":{"incident_id":"2332287","incident_type":"Search for person on land","type_group":"MTNRES","category":"mountain","date":"2023-07-28","year":2023,"month":7,"hour":null,"weekday":4,"is_weekend":false,"location_name":"23015 North 128TH Street","precision":"address"}},{"type":"Feature","geometry":{"type":"Point","coordinates":[-111.790966,33.611967]},"properties":{"incident_id":"2333478","incident_type":"Search for person on land","type_group":"MTNRES","category":"mountain","date":"2023-08-05","year":2023,"month":8,"hour":null,"weekday":5,"is_weekend":true,"location_name":"12101 North 145TH Way","precision":"address"}},{"type":"Feature","geometry":{"type":"Point","coordinates":[-111.943103,33.552383]},"properties":{"incident_id":"2330380","incident_type":"Search for person on land","type_group":"MTNRES","category":"mountain","date":"2023-07-17","year":2023,"month":7,"hour":null,"weekday":0,"is_weekend":false,"location_name":"5150 North INVERGORDON Road","precision":"address"}},{"type":"Feature","geometry":{"type":"Point","coordinates":[-111.790966,33.611967]},"properties":{"incident_id":"2336726","incident_type":"Search for person on land","type_group":"MTNRES","category":"mountain","date":"2023-08-26","year":2023,"month":8,"hour":null,"weekday":5,"is_weekend":true,"location_name":"12101 North 145TH Way","precision":"address"}},{"type":"Feature","geometry":{"type":"Point","coordinates":[-111.843171,33.597342]},"properties":{"incident_id":"2333986","incident_type":"Swift water rescue","type_group":"WATER","category":"water","date":"2023-08-08","year":2023,"month":8,"hour":null,"weekday":1,"is_weekend":false,"location_name":"N FRANK LLOYD WRIGHT BL / East CACTUS Road","precision":"intersection"}},{"type":"Feature","geometry":{"type":"Point","coordinates":[-112.203508,33.853878]},"properties":{"incident_id":"2337688","incident_type":"Swift water rescue","type_group":"WATER","category":"water","date":"2023-09-01","year":2023,"month":9,"hour":null,"weekday":4,"is_weekend":false,"location_name":"N NEW RIVER RD / North 67TH Avenue","precision":"intersection"}},{"type":"Feature","geometry":{"type":"Point","coordinates":[-112.052398,33.784677]},"properties":{"incident_id":"2337561","incident_type":"Search for person on land","type_group":"MTNRES","category":"mountain","date":"2023-08-31","year":2023,"month":8,"hour":null,"weekday":3,"is_weekend":false,"location_name":"E DOVE VALLEY RD / North 14TH Street","precision":"intersection"}},{"type":"Feature","geometry":{"type":"Point","coordinates":[-111.799183,33.686082]},"properties":{"incident_id":"2337905","incident_type":"Search for person on land","type_group":"MTNRES","category":"mountain","date":"2023-09-02","year":2023,"month":9,"hour":null,"weekday":5,"is_weekend":true,"location_name":"23015 North 128TH Street","precision":"address"}},{"type":"Feature","geometry":{"type":"Point","coordinates":[-111.953878,33.885454]},"properties":{"incident_id":"2338161","incident_type":"Search for person on land","type_group":"MTNRES","category":"mountain","date":"2023-09-04","year":2023,"month":9,"hour":null,"weekday":0,"is_weekend":false,"location_name":"44028 North SPUR CROSS Road","precision":"address"}},{"type":"Feature","geometry":{"type":"Point","coordinates":[-111.976114,33.524011]},"properties":{"incident_id":"2338328","incident_type":"Search for person on land","type_group":"MTNRES","category":"mountain","date":"2023-09-05","year":2023,"month":9,"hour":null,"weekday":1,"is_weekend":false,"location_name":"4925 East MCDONALD Drive","precision":"address"}},{"type":"Feature","geometry":{"type":"Point","coordinates":[-111.80687,33.60636]},"properties":{"incident_id":"2332868","incident_type":"Search for person on land","type_group":"MTNRES","category":"mountain","date":"2023-08-01","year":2023,"month":8,"hour":null,"weekday":1,"is_weekend":false,"location_name":"12400 North 128TH Street","precision":"address"}},{"type":"Feature","geometry":{"type":"Point","coordinates":[-111.858503,33.649407]},"properties":{"incident_id":"2338844","incident_type":"Search for person on land","type_group":"MTNRES","category":"mountain","date":"2023-09-08","year":2023,"month":9,"hour":null,"weekday":4,"is_weekend":false,"location_name":"18333 North THOMPSON PEAK Parkway","precision":"address"}},{"type":"Feature","geometry":{"type":"Point","coordinates":[-111.888139,33.745176]},"properties":{"incident_id":"2341058","incident_type":"Search for person on land","type_group":"MTNRES","category":"mountain","date":"2023-09-23","year":2023,"month":9,"hour":null,"weekday":5,"is_weekend":true,"location_name":"28777 North PIMA Road","precision":"address"}},{"type":"Feature","geometry":{"type":"Point","coordinates":[-111.943103,33.552383]},"properties":{"incident_id":"2339235","incident_type":"Search for person on land","type_group":"MTNRES","category":"mountain","date":"2023-09-11","year":2023,"month":9,"hour":null,"weekday":0,"is_weekend":false,"location_name":"5150 North INVERGORDON Road","precision":"address"}},{"type":"Feature","geometry":{"type":"Point","coordinates":[-111.804232,33.741387]},"properties":{"incident_id":"2345345","incident_type":"Search for person on land","type_group":"MTNRES","category":"mountain","date":"2023-10-21","year":2023,"month":10,"hour":null,"weekday":5,"is_weekend":true,"location_name":"E RIO VERDE DR / North 128TH Street","precision":"intersection"}},{"type":"Feature","geometry":{"type":"Point","coordinates":[-111.953578,33.885195]},"properties":{"incident_id":"2345349","incident_type":"Search for person on land","type_group":"MTNRES","category":"mountain","date":"2023-10-21","year":2023,"month":10,"hour":null,"weekday":5,"is_weekend":true,"location_name":"44029 North SPUR CROSS Road","precision":"address"}},{"type":"Feature","geometry":{"type":"Point","coordinates":[-111.7885,33.77007]},"properties":{"incident_id":"2347502","incident_type":"Search for person on land","type_group":"MTNRES","category":"mountain","date":"2023-11-04","year":2023,"month":11,"hour":null,"weekday":5,"is_weekend":true,"location_name":"31402 North 136TH Street","precision":"address"}},{"type":"Feature","geometry":{"type":"Point","coordinates":[-111.943103,33.552383]},"properties":{"incident_id":"2341065","incident_type":"Search for person on land","type_group":"MTNRES","category":"mountain","date":"2023-09-23","year":2023,"month":9,"hour":null,"weekday":5,"is_weekend":true,"location_name":"5150 North INVERGORDON Road","precision":"address"}},{"type":"Feature","geometry":{"type":"Point","coordinates":[-111.859758,33.728373]},"properties":{"incident_id":"2342751","incident_type":"Search for person on land","type_group":"MTNRES","category":"mountain","date":"2023-10-04","year":2023,"month":10,"hour":null,"weekday":2,"is_weekend":false,"location_name":"26802 North 102ND Way","precision":"address"}},{"type":"Feature","geometry":{"type":"Point","coordinates":[-111.858503,33.649407]},"properties":{"incident_id":"2343337","incident_type":"Search for person on land","type_group":"MTNRES","category":"mountain","date":"2023-10-08","year":2023,"month":10,"hour":null,"weekday":6,"is_weekend":true,"location_name":"18333 North THOMPSON PEAK Parkway","precision":"address"}},{"type":"Feature","geometry":{"type":"Point","coordinates":[-111.891199,33.755805]},"properties":{"incident_id":"2348277","incident_type":"Search for person on land","type_group":"MTNRES","category":"mountain","date":"2023-11-09","year":2023,"month":11,"hour":null,"weekday":3,"is_weekend":false,"location_name":"N PIMA RD / East DIXILETA Drive","precision":"intersection"}},{"type":"Feature","geometry":{"type":"Point","coordinates":[-112.029789,33.561938]},"properties":{"incident_id":"2342451","incident_type":"Search for person on land","type_group":"MTNRES","category":"mountain","date":"2023-10-02","year":2023,"month":10,"hour":null,"weekday":0,"is_weekend":false,"location_name":"2421 East NORTHERN Avenue","precision":"address"}},{"type":"Feature","geometry":{"type":"Point","coordinates":[-111.878203,33.726735]},"properties":{"incident_id":"2343346","incident_type":"Search for person on land","type_group":"MTNRES","category":"mountain","date":"2023-10-08","year":2023,"month":10,"hour":null,"weekday":6,"is_weekend":true,"location_name":"E JOMAX RD / North 95TH Street","precision":"intersection"}},{"type":"Feature","geometry":{"type":"Point","coordinates":[-111.7885,33.77007]},"properties":{"incident_id":"2349685","incident_type":"Search for person on land","type_group":"MTNRES","category":"mountain","date":"2023-11-18","year":2023,"month":11,"hour":null,"weekday":5,"is_weekend":true,"location_name":"31402 North 136TH Street","precision":"address"}},{"type":"Feature","geometry":{"type":"Point","coordinates":[-111.863516,33.765417]},"properties":{"incident_id":"2349974","incident_type":"Search for person on land","type_group":"MTNRES","category":"mountain","date":"2023-11-20","year":2023,"month":11,"hour":null,"weekday":0,"is_weekend":false,"location_name":"30301 North ALMA SCHOOL Parkway","precision":"address"}},{"type":"Feature","geometry":{"type":"Point","coordinates":[-111.863516,33.765417]},"properties":{"incident_id":"2350110","incident_type":"Search for person on land","type_group":"MTNRES","category":"mountain","date":"2023-11-21","year":2023,"month":11,"hour":null,"weekday":1,"is_weekend":false,"location_name":"30301 North ALMA SCHOOL Parkway","precision":"address"}},{"type":"Feature","geometry":{"type":"Point","coordinates":[-111.888139,33.745176]},"properties":{"incident_id":"2350706","incident_type":"Search for person on land","type_group":"MTNRES","category":"mountain","date":"2023-11-25","year":2023,"month":11,"hour":null,"weekday":5,"is_weekend":true,"location_name":"28777 North PIMA Road","precision":"address"}},{"type":"Feature","geometry":{"type":"Point","coordinates":[-112.056786,33.6258]},"properties":{"incident_id":"2337537","incident_type":"Search for person on land","type_group":"ALOC","category":"mountain","date":"2023-08-31","year":2023,"month":8,"hour":null,"weekday":3,"is_weekend":false,"location_name":"E CORAL GABLES DR / North 12TH Street","precision":"intersection"}},{"type":"Feature","geometry":{"type":"Point","coordinates":[-112.092925,33.738169]},"properties":{"incident_id":"2338293","incident_type":"Search for person on land","type_group":"MTNRES","category":"mountain","date":"2023-09-05","year":2023,"month":9,"hour":null,"weekday":1,"is_weekend":false,"location_name":"28015 North 15TH Lane","precision":"address"}},{"type":"Feature","geometry":{"type":"Point","coordinates":[-111.845493,33.639255]},"properties":{"incident_id":"2345947","incident_type":"Search for person on land","type_group":"MTNRES","category":"mountain","date":"2023-10-25","year":2023,"month":10,"hour":null,"weekday":2,"is_weekend":false,"location_name":"10890 East VERBENA Lane","precision":"address"}},{"type":"Feature","geometry":{"type":"Point","coordinates":[-111.943874,33.824767]},"properties":{"incident_id":"2352023","incident_type":"Search for person on land","type_group":"MTNRES","category":"mountain","date":"2023-12-04","year":2023,"month":12,"hour":null,"weekday":0,"is_weekend":false,"location_name":"37500 North SCHOOL HOUSE Road","precision":"address"}},{"type":"Feature","geometry":{"type":"Point","coordinates":[-111.842019,33.735645]},"properties":{"incident_id":"2347072","incident_type":"Search for person on land","type_group":"MTNRES","category":"mountain","date":"2023-11-01","year":2023,"month":11,"hour":null,"weekday":2,"is_weekend":false,"location_name":"27775 North ALMA SCHOOL Parkway","precision":"address"}},{"type":"Feature","geometry":{"type":"Point","coordinates":[-111.960514,33.873142]},"properties":{"incident_id":"2347079","incident_type":"Search for person on land","type_group":"MTNRES","category":"mountain","date":"2023-11-01","year":2023,"month":11,"hour":null,"weekday":2,"is_weekend":false,"location_name":"43001 North SPUR CROSS Road","precision":"address"}},{"type":"Feature","geometry":{"type":"Point","coordinates":[-111.867908,33.727824]},"properties":{"incident_id":"2348589","incident_type":"Search for person on land","type_group":"MTNRES","category":"mountain","date":"2023-11-11","year":2023,"month":11,"hour":null,"weekday":5,"is_weekend":true,"location_name":"26761 North 98TH Way","precision":"address"}},{"type":"Feature","geometry":{"type":"Point","coordinates":[-111.949866,33.431034]},"properties":{"incident_id":"2347956","incident_type":"Swift water rescue","type_group":"WATER","category":"water","date":"2023-11-07","year":2023,"month":11,"hour":null,"weekday":1,"is_weekend":false,"location_name":"700 West RIO SALADO Parkway","precision":"address"}},{"type":"Feature","geometry":{"type":"Point","coordinates":[-111.943103,33.552383]},"properties":{"incident_id":"2350432","incident_type":"Search for person on land","type_group":"MTNRES","category":"mountain","date":"2023-11-23","year":2023,"month":11,"hour":null,"weekday":3,"is_weekend":false,"location_name":"5150 North INVERGORDON Road","precision":"address"}},{"type":"Feature","geometry":{"type":"Point","coordinates":[-111.7885,33.77007]},"properties":{"incident_id":"2354134","incident_type":"Search for person on land","type_group":"MTNRES","category":"mountain","date":"2023-12-17","year":2023,"month":12,"hour":null,"weekday":6,"is_weekend":true,"location_name":"31402 North 136TH Street","precision":"address"}},{"type":"Feature","geometry":{"type":"Point","coordinates":[-111.888139,33.745176]},"properties":{"incident_id":"2348426","incident_type":"Search for person on land","type_group":"MTNRES","category":"mountain","date":"2023-11-10","year":2023,"month":11,"hour":null,"weekday":4,"is_weekend":false,"location_name":"28777 North PIMA Road","precision":"address"}},{"type":"Feature","geometry":{"type":"Point","coordinates":[-112.018846,33.825141]},"properties":{"incident_id":"2348867","incident_type":"Search for person on land","type_group":"MTNRES","category":"mountain","date":"2023-11-13","year":2023,"month":11,"hour":null,"weekday":0,"is_weekend":false,"location_name":"2881 East OLIVINE Avenue","precision":"address"}},{"type":"Feature","geometry":{"type":"Point","coordinates":[-112.06918,33.876894]},"properties":{"incident_id":"2348897","incident_type":"Search for person on land","type_group":"MTNRES","category":"mountain","date":"2023-11-13","year":2023,"month":11,"hour":null,"weekday":0,"is_weekend":false,"location_name":"43376 North NEW RIVER Road","precision":"address"}},{"type":"Feature","geometry":{"type":"Point","coordinates":[-111.948413,33.506874]},"properties":{"incident_id":"2352278","incident_type":"Search for person on land","type_group":"FALL","category":"mountain","date":"2023-12-06","year":2023,"month":12,"hour":null,"weekday":2,"is_weekend":false,"location_name":"6000 East CAMELBACK Road","precision":"address"}},{"type":"Feature","geometry":{"type":"Point","coordinates":[-111.859758,33.728373]},"properties":{"incident_id":"2342140","incident_type":"Search for person on land","type_group":"MTNRES","category":"mountain","date":"2023-09-30","year":2023,"month":9,"hour":null,"weekday":5,"is_weekend":true,"location_name":"26802 North 102ND Way","precision":"address"}},{"type":"Feature","geometry":{"type":"Point","coordinates":[-111.795165,33.74622]},"properties":{"incident_id":"2342790","incident_type":"Search for person on land","type_group":"FALLA","category":"mountain","date":"2023-10-04","year":2023,"month":10,"hour":null,"weekday":2,"is_weekend":false,"location_name":"13400 East RIO VERDE Road","precision":"address"}},{"type":"Feature","geometry":{"type":"Point","coordinates":[-111.916197,33.516603]},"properties":{"incident_id":"2344377","incident_type":"Swift water rescue","type_group":"CKWELF","category":"water","date":"2023-10-15","year":2023,"month":10,"hour":null,"weekday":6,"is_weekend":true,"location_name":"N MILLER RD / East JACKRABBIT Road","precision":"intersection"}},{"type":"Feature","geometry":{"type":"Point","coordinates":[-111.799183,33.686082]},"properties":{"incident_id":"2350323","incident_type":"Search for person on land","type_group":"MTNRES","category":"mountain","date":"2023-11-22","year":2023,"month":11,"hour":null,"weekday":2,"is_weekend":false,"location_name":"23015 North 128TH Street","precision":"address"}},{"type":"Feature","geometry":{"type":"Point","coordinates":[-111.858503,33.649407]},"properties":{"incident_id":"2351481","incident_type":"Search for person on land","type_group":"MTNRES","category":"mountain","date":"2023-11-30","year":2023,"month":11,"hour":null,"weekday":3,"is_weekend":false,"location_name":"18333 North THOMPSON PEAK Parkway","precision":"address"}},{"type":"Feature","geometry":{"type":"Point","coordinates":[-111.790966,33.611967]},"properties":{"incident_id":"2400734","incident_type":"Search for person on land","type_group":"MTNRES","category":"mountain","date":"2024-01-05","year":2024,"month":1,"hour":null,"weekday":4,"is_weekend":false,"location_name":"12101 North 145TH Way","precision":"address"}},{"type":"Feature","geometry":{"type":"Point","coordinates":[-111.863516,33.765417]},"properties":{"incident_id":"2402130","incident_type":"Search for person on land","type_group":"MTNRES","category":"mountain","date":"2024-01-14","year":2024,"month":1,"hour":null,"weekday":6,"is_weekend":true,"location_name":"30301 North ALMA SCHOOL Parkway","precision":"address"}},{"type":"Feature","geometry":{"type":"Point","coordinates":[-111.953578,33.885195]},"properties":{"incident_id":"2345374","incident_type":"Search for person on land","type_group":"MTNRES","category":"mountain","date":"2023-10-21","year":2023,"month":10,"hour":null,"weekday":5,"is_weekend":true,"location_name":"44029 North SPUR CROSS Road","precision":"address"}},{"type":"Feature","geometry":{"type":"Point","coordinates":[-111.863516,33.765417]},"properties":{"incident_id":"2346111","incident_type":"Search for person on land","type_group":"MTNRES","category":"mountain","date":"2023-10-26","year":2023,"month":10,"hour":null,"weekday":3,"is_weekend":false,"location_name":"30301 North ALMA SCHOOL Parkway","precision":"address"}},{"type":"Feature","geometry":{"type":"Point","coordinates":[-111.799183,33.686082]},"properties":{"incident_id":"2346418","incident_type":"Search for person on land","type_group":"MTNRES","category":"mountain","date":"2023-10-28","year":2023,"month":10,"hour":null,"weekday":5,"is_weekend":true,"location_name":"23015 North 128TH Street","precision":"address"}},{"type":"Feature","geometry":{"type":"Point","coordinates":[-111.859758,33.728373]},"properties":{"incident_id":"2402254","incident_type":"Search for person on land","type_group":"MTNRES","category":"mountain","date":"2024-01-15","year":2024,"month":1,"hour":null,"weekday":0,"is_weekend":false,"location_name":"26802 North 102ND Way","precision":"address"}},{"type":"Feature","geometry":{"type":"Point","coordinates":[-111.943103,33.552383]},"properties":{"incident_id":"2352809","incident_type":"Search for person on land","type_group":"MTNRES","category":"mountain","date":"2023-12-09","year":2023,"month":12,"hour":null,"weekday":5,"is_weekend":true,"location_name":"5150 North INVERGORDON Road","precision":"address"}},{"type":"Feature","geometry":{"type":"Point","coordinates":[-111.795165,33.74622]},"properties":{"incident_id":"2353682","incident_type":"Search for person on land","type_group":"MTNRES","category":"mountain","date":"2023-12-14","year":2023,"month":12,"hour":null,"weekday":3,"is_weekend":false,"location_name":"13400 East RIO VERDE Road","precision":"address"}},{"type":"Feature","geometry":{"type":"Point","coordinates":[-111.950762,33.466182]},"properties":{"incident_id":"2353941","incident_type":"Search for person on land","type_group":"MTNRES","category":"mountain","date":"2023-12-16","year":2023,"month":12,"hour":null,"weekday":5,"is_weekend":true,"location_name":"6001 East MCDOWELL Road","precision":"address"}},{"type":"Feature","geometry":{"type":"Point","coordinates":[-111.7885,33.77007]},"properties":{"incident_id":"2354618","incident_type":"Search for person on land","type_group":"MTNRES","category":"mountain","date":"2023-12-20","year":2023,"month":12,"hour":null,"weekday":2,"is_weekend":false,"location_name":"31402 North 136TH Street","precision":"address"}},{"type":"Feature","geometry":{"type":"Point","coordinates":[-111.888139,33.745176]},"properties":{"incident_id":"2349034","incident_type":"Search for person on land","type_group":"MTNRES","category":"mountain","date":"2023-11-14","year":2023,"month":11,"hour":null,"weekday":1,"is_weekend":false,"location_name":"28777 North PIMA Road","precision":"address"}},{"type":"Feature","geometry":{"type":"Point","coordinates":[-111.802982,33.666237]},"properties":{"incident_id":"2403391","incident_type":"Search for person on land","type_group":"MTNRES","category":"mountain","date":"2024-01-22","year":2024,"month":1,"hour":null,"weekday":0,"is_weekend":false,"location_name":"11197 East SAGUARO CANYON Trail","precision":"address"}},{"type":"Feature","geometry":{"type":"Point","coordinates":[-111.811887,33.600348]},"properties":{"incident_id":"2356202","incident_type":"Search for person on land","type_group":"MTNRES","category":"mountain","date":"2023-12-31","year":2023,"month":12,"hour":null,"weekday":6,"is_weekend":true,"location_name":"12601 North 124TH Street","precision":"address"}},{"type":"Feature","geometry":{"type":"Point","coordinates":[-111.799183,33.686082]},"properties":{"incident_id":"2356254","incident_type":"Search for person on land","type_group":"MTNRES","category":"mountain","date":"2023-12-31","year":2023,"month":12,"hour":null,"weekday":6,"is_weekend":true,"location_name":"23015 North 128TH Street","precision":"address"}},{"type":"Feature","geometry":{"type":"Point","coordinates":[-111.799183,33.686082]},"properties":{"incident_id":"2407721","incident_type":"Search for person on land","type_group":"MTNRES","category":"mountain","date":"2024-02-20","year":2024,"month":2,"hour":null,"weekday":1,"is_weekend":false,"location_name":"23015 North 128TH Street","precision":"address"}},{"type":"Feature","geometry":{"type":"Point","coordinates":[-111.888139,33.745176]},"properties":{"incident_id":"2401841","incident_type":"Search for person on land","type_group":"MTNRES","category":"mountain","date":"2024-01-12","year":2024,"month":1,"hour":null,"weekday":4,"is_weekend":false,"location_name":"28777 North PIMA Road","precision":"address"}},{"type":"Feature","geometry":{"type":"Point","coordinates":[-111.888139,33.745176]},"properties":{"incident_id":"2402113","incident_type":"Search for person on land","type_group":"MTNRES","category":"mountain","date":"2024-01-14","year":2024,"month":1,"hour":null,"weekday":6,"is_weekend":true,"location_name":"28777 North PIMA Road","precision":"address"}},{"type":"Feature","geometry":{"type":"Point","coordinates":[-112.041857,33.694521]},"properties":{"incident_id":"2351473","incident_type":"Search for person on land","type_group":"MTNRES","category":"mountain","date":"2023-11-30","year":2023,"month":11,"hour":null,"weekday":3,"is_weekend":false,"location_name":"1908 East PARKSIDE Lane","precision":"address"}},{"type":"Feature","geometry":{"type":"Point","coordinates":[-111.926147,33.502257]},"properties":{"incident_id":"2409625","incident_type":"Swift water rescue","type_group":"UNKM","category":"water","date":"2024-03-03","year":2024,"month":3,"hour":null,"weekday":6,"is_weekend":true,"location_name":"N SCOTTSDALE RD / East CAMELBACK Road","precision":"intersection"}},{"type":"Feature","geometry":{"type":"Point","coordinates":[-111.811887,33.600348]},"properties":{"incident_id":"2406645","incident_type":"Search for person on land","type_group":"MTNRES","category":"mountain","date":"2024-02-13","year":2024,"month":2,"hour":null,"weekday":1,"is_weekend":false,"location_name":"12601 North 124TH Street","precision":"address"}},{"type":"Feature","geometry":{"type":"Point","coordinates":[-111.939979,33.429443]},"properties":{"incident_id":"2403720","incident_type":"Search for person on land","type_group":"MTNRES","category":"mountain","date":"2024-01-24","year":2024,"month":1,"hour":null,"weekday":2,"is_weekend":false,"location_name":"01 East RIO SALADO Parkway","precision":"address"}},{"type":"Feature","geometry":{"type":"Point","coordinates":[-111.995316,33.510348]},"properties":{"incident_id":"2409821","incident_type":"Swift water rescue","type_group":"WATER","category":"water","date":"2024-03-05","year":2024,"month":3,"hour":null,"weekday":1,"is_weekend":false,"location_name":"W ARIZONA CANAL / North 40TH Street","precision":"intersection"}},{"type":"Feature","geometry":{"type":"Point","coordinates":[-111.976114,33.524011]},"properties":{"incident_id":"2410001","incident_type":"Search for person on land","type_group":"MTNRES","category":"mountain","date":"2024-03-06","year":2024,"month":3,"hour":null,"weekday":2,"is_weekend":false,"location_name":"4925 East MCDONALD Drive","precision":"address"}},{"type":"Feature","geometry":{"type":"Point","coordinates":[-111.976114,33.524011]},"properties":{"incident_id":"2407278","incident_type":"Search for person on land","type_group":"MTNRES","category":"mountain","date":"2024-02-17","year":2024,"month":2,"hour":null,"weekday":5,"is_weekend":true,"location_name":"4925 East MCDONALD Drive","precision":"address"}},{"type":"Feature","geometry":{"type":"Point","coordinates":[-111.811887,33.600348]},"properties":{"incident_id":"2407421","incident_type":"Search for person on land","type_group":"MTNRES","category":"mountain","date":"2024-02-18","year":2024,"month":2,"hour":null,"weekday":6,"is_weekend":true,"location_name":"12601 North 124TH Street","precision":"address"}},{"type":"Feature","geometry":{"type":"Point","coordinates":[-111.7885,33.77007]},"properties":{"incident_id":"2411923","incident_type":"Search for person on land","type_group":"MTNRES","category":"mountain","date":"2024-03-19","year":2024,"month":3,"hour":null,"weekday":1,"is_weekend":false,"location_name":"31402 North 136TH Street","precision":"address"}},{"type":"Feature","geometry":{"type":"Point","coordinates":[-111.858503,33.649407]},"properties":{"incident_id":"2412111","incident_type":"Search for person on land","type_group":"MTNRES","category":"mountain","date":"2024-03-20","year":2024,"month":3,"hour":null,"weekday":2,"is_weekend":false,"location_name":"18333 North THOMPSON PEAK Parkway","precision":"address"}},{"type":"Feature","geometry":{"type":"Point","coordinates":[-111.799183,33.686082]},"properties":{"incident_id":"2412991","incident_type":"Search for person on land","type_group":"MTNRES","category":"mountain","date":"2024-03-26","year":2024,"month":3,"hour":null,"weekday":1,"is_weekend":false,"location_name":"23015 North 128TH Street","precision":"address"}},{"type":"Feature","geometry":{"type":"Point","coordinates":[-111.976114,33.524011]},"properties":{"incident_id":"2408987","incident_type":"Search for person on land","type_group":"MTNRES","category":"mountain","date":"2024-02-28","year":2024,"month":2,"hour":null,"weekday":2,"is_weekend":false,"location_name":"4925 East MCDONALD Drive","precision":"address"}},{"type":"Feature","geometry":{"type":"Point","coordinates":[-112.048763,33.661519]},"properties":{"incident_id":"2409580","incident_type":"Search for person on land","type_group":"MTNRES","category":"mountain","date":"2024-03-03","year":2024,"month":3,"hour":null,"weekday":6,"is_weekend":true,"location_name":"19250 North 16TH Street","precision":"address"}},{"type":"Feature","geometry":{"type":"Point","coordinates":[-112.038112,33.676569]},"properties":{"incident_id":"2415318","incident_type":"Search for person on land","type_group":"MTNRES","category":"mountain","date":"2024-04-10","year":2024,"month":4,"hour":null,"weekday":2,"is_weekend":false,"location_name":"2027 East ROSE GARDEN Lane","precision":"address"}},{"type":"Feature","geometry":{"type":"Point","coordinates":[-111.858503,33.649407]},"properties":{"incident_id":"2410382","incident_type":"Search for person on land","type_group":"MTNRES","category":"mountain","date":"2024-03-08","year":2024,"month":3,"hour":null,"weekday":4,"is_weekend":false,"location_name":"18333 North THOMPSON PEAK Parkway","precision":"address"}},{"type":"Feature","geometry":{"type":"Point","coordinates":[-111.858503,33.649407]},"properties":{"incident_id":"2410870","incident_type":"Search for person on land","type_group":"MTNRES","category":"mountain","date":"2024-03-12","year":2024,"month":3,"hour":null,"weekday":1,"is_weekend":false,"location_name":"18333 North THOMPSON PEAK Parkway","precision":"address"}},{"type":"Feature","geometry":{"type":"Point","coordinates":[-111.863516,33.765417]},"properties":{"incident_id":"2417167","incident_type":"Search for person on land","type_group":"MTNRES","category":"mountain","date":"2024-04-22","year":2024,"month":4,"hour":null,"weekday":0,"is_weekend":false,"location_name":"30301 North ALMA SCHOOL Parkway","precision":"address"}},{"type":"Feature","geometry":{"type":"Point","coordinates":[-111.888139,33.745176]},"properties":{"incident_id":"2405460","incident_type":"Search for person on land","type_group":"MTNRES","category":"mountain","date":"2024-02-05","year":2024,"month":2,"hour":null,"weekday":0,"is_weekend":false,"location_name":"28777 North PIMA Road","precision":"address"}},{"type":"Feature","geometry":{"type":"Point","coordinates":[-111.976114,33.524011]},"properties":{"incident_id":"2412241","incident_type":"Search for person on land","type_group":"MTNRES","category":"mountain","date":"2024-03-21","year":2024,"month":3,"hour":null,"weekday":3,"is_weekend":false,"location_name":"4925 East MCDONALD Drive","precision":"address"}},{"type":"Feature","geometry":{"type":"Point","coordinates":[-112.049755,33.763854]},"properties":{"incident_id":"2418107","incident_type":"Search for person on land","type_group":"MTNRES","category":"mountain","date":"2024-04-28","year":2024,"month":4,"hour":null,"weekday":6,"is_weekend":true,"location_name":"1600 East SONORAN DESERT Drive","precision":"address"}},{"type":"Feature","geometry":{"type":"Point","coordinates":[-111.863516,33.765417]},"properties":{"incident_id":"2407547","incident_type":"Search for person on land","type_group":"MTNRES","category":"mountain","date":"2024-02-19","year":2024,"month":2,"hour":null,"weekday":0,"is_weekend":false,"location_name":"30301 North ALMA SCHOOL Parkway","precision":"address"}},{"type":"Feature","geometry":{"type":"Point","coordinates":[-111.811887,33.600348]},"properties":{"incident_id":"2407621","incident_type":"Search for person on land","type_group":"MTNRES","category":"mountain","date":"2024-02-19","year":2024,"month":2,"hour":null,"weekday":0,"is_weekend":false,"location_name":"12601 North 124TH Street","precision":"address"}},{"type":"Feature","geometry":{"type":"Point","coordinates":[-111.799183,33.686082]},"properties":{"incident_id":"2413143","incident_type":"Search for person on land","type_group":"MTNRES","category":"mountain","date":"2024-03-27","year":2024,"month":3,"hour":null,"weekday":2,"is_weekend":false,"location_name":"23015 North 128TH Street","precision":"address"}},{"type":"Feature","geometry":{"type":"Point","coordinates":[-111.802982,33.666237]},"properties":{"incident_id":"2413617","incident_type":"Search for person on land","type_group":"MTNRES","category":"mountain","date":"2024-03-30","year":2024,"month":3,"hour":null,"weekday":5,"is_weekend":true,"location_name":"11197 East SAGUARO CANYON Trail","precision":"address"}},{"type":"Feature","geometry":{"type":"Point","coordinates":[-111.7885,33.77007]},"properties":{"incident_id":"2414343","incident_type":"Search for person on land","type_group":"BITE","category":"mountain","date":"2024-04-04","year":2024,"month":4,"hour":null,"weekday":3,"is_weekend":false,"location_name":"31402 North 136TH Street","precision":"address"}},{"type":"Feature","geometry":{"type":"Point","coordinates":[-111.976114,33.524011]},"properties":{"incident_id":"2401819","incident_type":"Search for person on land","type_group":"FALL","category":"mountain","date":"2024-01-12","year":2024,"month":1,"hour":null,"weekday":4,"is_weekend":false,"location_name":"4925 East MCDONALD Drive","precision":"address"}},{"type":"Feature","geometry":{"type":"Point","coordinates":[-111.953952,33.885391]},"properties":{"incident_id":"2419570","incident_type":"Search for person on land","type_group":"ALOC","category":"mountain","date":"2024-05-07","year":2024,"month":5,"hour":null,"weekday":1,"is_weekend":false,"location_name":"44020 North SPUR CROSS Road","precision":"address"}},{"type":"Feature","geometry":{"type":"Point","coordinates":[-111.953952,33.885391]},"properties":{"incident_id":"2415430","incident_type":"Search for person on land","type_group":"DB","category":"mountain","date":"2024-04-11","year":2024,"month":4,"hour":null,"weekday":3,"is_weekend":false,"location_name":"44020 North SPUR CROSS Road","precision":"address"}},{"type":"Feature","geometry":{"type":"Point","coordinates":[-111.925746,33.50313]},"properties":{"incident_id":"2408730","incident_type":"Swift water rescue","type_group":"WATER","category":"water","date":"2024-02-27","year":2024,"month":2,"hour":null,"weekday":1,"is_weekend":false,"location_name":"4513 North SCOTTSDALE Road","precision":"address"}},{"type":"Feature","geometry":{"type":"Point","coordinates":[-111.943103,33.552383]},"properties":{"incident_id":"2403769","incident_type":"Search for person on land","type_group":"MTNRES","category":"mountain","date":"2024-01-25","year":2024,"month":1,"hour":null,"weekday":3,"is_weekend":false,"location_name":"5150 North INVERGORDON Road","precision":"address"}},{"type":"Feature","geometry":{"type":"Point","coordinates":[-111.976114,33.524011]},"properties":{"incident_id":"2404130","incident_type":"Search for person on land","type_group":"MTNRES","category":"mountain","date":"2024-01-27","year":2024,"month":1,"hour":null,"weekday":5,"is_weekend":true,"location_name":"4925 East MCDONALD Drive","precision":"address"}},{"type":"Feature","geometry":{"type":"Point","coordinates":[-111.943103,33.552383]},"properties":{"incident_id":"2412261","incident_type":"Search for person on land","type_group":"MTNRES","category":"mountain","date":"2024-03-21","year":2024,"month":3,"hour":null,"weekday":3,"is_weekend":false,"location_name":"5150 North INVERGORDON Road","precision":"address"}},{"type":"Feature","geometry":{"type":"Point","coordinates":[-111.863516,33.765417]},"properties":{"incident_id":"2406373","incident_type":"Search for person on land","type_group":"MTNRES","category":"mountain","date":"2024-02-11","year":2024,"month":2,"hour":null,"weekday":6,"is_weekend":true,"location_name":"30301 North ALMA SCHOOL Parkway","precision":"address"}},{"type":"Feature","geometry":{"type":"Point","coordinates":[-112.184541,33.495174]},"properties":{"incident_id":"2406481","incident_type":"Swift water rescue","type_group":"WATER","category":"water","date":"2024-02-12","year":2024,"month":2,"hour":null,"weekday":0,"is_weekend":false,"location_name":"E INDIAN SCHOOL RD / North 58TH Way","precision":"intersection"}},{"type":"Feature","geometry":{"type":"Point","coordinates":[-111.859758,33.728373]},"properties":{"incident_id":"2420453","incident_type":"Search for person on land","type_group":"MTNRES","category":"mountain","date":"2024-05-13","year":2024,"month":5,"hour":null,"weekday":0,"is_weekend":false,"location_name":"26802 North 102ND Way","precision":"address"}},{"type":"Feature","geometry":{"type":"Point","coordinates":[-111.863516,33.765417]},"properties":{"incident_id":"2421061","incident_type":"Search for person on land","type_group":"MTNRES","category":"mountain","date":"2024-05-17","year":2024,"month":5,"hour":null,"weekday":4,"is_weekend":false,"location_name":"30301 North ALMA SCHOOL Parkway","precision":"address"}},{"type":"Feature","geometry":{"type":"Point","coordinates":[-111.943103,33.552383]},"properties":{"incident_id":"2427526","incident_type":"Search for person on land","type_group":"DB","category":"mountain","date":"2024-06-27","year":2024,"month":6,"hour":null,"weekday":3,"is_weekend":false,"location_name":"5150 North INVERGORDON Road","precision":"address"}},{"type":"Feature","geometry":{"type":"Point","coordinates":[-111.799183,33.686082]},"properties":{"incident_id":"2427853","incident_type":"Search for person on land","type_group":"MTNRES","category":"mountain","date":"2024-06-29","year":2024,"month":6,"hour":null,"weekday":5,"is_weekend":true,"location_name":"23015 North 128TH Street","precision":"address"}},{"type":"Feature","geometry":{"type":"Point","coordinates":[-111.799183,33.686082]},"properties":{"incident_id":"2427868","incident_type":"Search for person on land","type_group":"MTNRES","category":"mountain","date":"2024-06-29","year":2024,"month":6,"hour":null,"weekday":5,"is_weekend":true,"location_name":"23015 North 128TH Street","precision":"address"}},{"type":"Feature","geometry":{"type":"Point","coordinates":[-111.954111,33.885254]},"properties":{"incident_id":"2409105","incident_type":"Search for person on land","type_group":"UNC","category":"mountain","date":"2024-02-29","year":2024,"month":2,"hour":null,"weekday":3,"is_weekend":false,"location_name":"44000 North SPUR CROSS Road","precision":"address"}},{"type":"Feature","geometry":{"type":"Point","coordinates":[-111.943103,33.552383]},"properties":{"incident_id":"2429433","incident_type":"Search for person on land","type_group":"MTNRES","category":"mountain","date":"2024-07-09","year":2024,"month":7,"hour":null,"weekday":1,"is_weekend":false,"location_name":"5150 North INVERGORDON Road","precision":"address"}},{"type":"Feature","geometry":{"type":"Point","coordinates":[-111.945483,33.454602]},"properties":{"incident_id":"2409838","incident_type":"Search for person on land","type_group":"MTNRES","category":"mountain","date":"2024-03-05","year":2024,"month":3,"hour":null,"weekday":1,"is_weekend":false,"location_name":"625 North GALVIN Parkway","precision":"address"}},{"type":"Feature","geometry":{"type":"Point","coordinates":[-111.945483,33.454602]},"properties":{"incident_id":"2410448","incident_type":"Search for person on land","type_group":"MTNRES","category":"mountain","date":"2024-03-09","year":2024,"month":3,"hour":null,"weekday":5,"is_weekend":true,"location_name":"625 North GALVIN Parkway","precision":"address"}},{"type":"Feature","geometry":{"type":"Point","coordinates":[-111.858503,33.649407]},"properties":{"incident_id":"2410899","incident_type":"Search for person on land","type_group":"MTNRES","category":"mountain","date":"2024-03-12","year":2024,"month":3,"hour":null,"weekday":1,"is_weekend":false,"location_name":"18333 North THOMPSON PEAK Parkway","precision":"address"}},{"type":"Feature","geometry":{"type":"Point","coordinates":[-111.799183,33.686082]},"properties":{"incident_id":"2417009","incident_type":"Search for person on land","type_group":"CODE","category":"mountain","date":"2024-04-21","year":2024,"month":4,"hour":null,"weekday":6,"is_weekend":true,"location_name":"23015 North 128TH Street","precision":"address"}},{"type":"Feature","geometry":{"type":"Point","coordinates":[-111.976114,33.524011]},"properties":{"incident_id":"2423417","incident_type":"Search for person on land","type_group":"MTNRES","category":"mountain","date":"2024-06-01","year":2024,"month":6,"hour":null,"weekday":5,"is_weekend":true,"location_name":"4925 East MCDONALD Drive","precision":"address"}},{"type":"Feature","geometry":{"type":"Point","coordinates":[-111.7885,33.77007]},"properties":{"incident_id":"2417169","incident_type":"Search for person on land","type_group":"MTNRES","category":"mountain","date":"2024-04-22","year":2024,"month":4,"hour":null,"weekday":0,"is_weekend":false,"location_name":"31402 North 136TH Street","precision":"address"}},{"type":"Feature","geometry":{"type":"Point","coordinates":[-111.943103,33.552383]},"properties":{"incident_id":"2417804","incident_type":"Search for person on land","type_group":"HEAT","category":"mountain","date":"2024-04-26","year":2024,"month":4,"hour":null,"weekday":4,"is_weekend":false,"location_name":"5150 North INVERGORDON Road","precision":"address"}},{"type":"Feature","geometry":{"type":"Point","coordinates":[-111.943103,33.552383]},"properties":{"incident_id":"2418145","incident_type":"Search for person on land","type_group":"HEAT","category":"mountain","date":"2024-04-28","year":2024,"month":4,"hour":null,"weekday":6,"is_weekend":true,"location_name":"5150 North INVERGORDON Road","precision":"address"}},{"type":"Feature","geometry":{"type":"Point","coordinates":[-111.799183,33.686082]},"properties":{"incident_id":"2431343","incident_type":"Search for person on land","type_group":"MTNRES","category":"mountain","date":"2024-07-21","year":2024,"month":7,"hour":null,"weekday":6,"is_weekend":true,"location_name":"23015 North 128TH Street","precision":"address"}},{"type":"Feature","geometry":{"type":"Point","coordinates":[-111.858503,33.649407]},"properties":{"incident_id":"2415776","incident_type":"Search for person on land","type_group":"MTNRES","category":"mountain","date":"2024-04-13","year":2024,"month":4,"hour":null,"weekday":5,"is_weekend":true,"location_name":"18333 North THOMPSON PEAK Parkway","precision":"address"}},{"type":"Feature","geometry":{"type":"Point","coordinates":[-111.87387,33.888222]},"properties":{"incident_id":"2418771","incident_type":"Search for person on land","type_group":"MTNRES","category":"mountain","date":"2024-05-02","year":2024,"month":5,"hour":null,"weekday":3,"is_weekend":false,"location_name":"45000 North CHIRICAHUA Pass","precision":"address"}},{"type":"Feature","geometry":{"type":"Point","coordinates":[-111.943103,33.552383]},"properties":{"incident_id":"2418903","incident_type":"Search for person on land","type_group":"MTNRES","category":"mountain","date":"2024-05-03","year":2024,"month":5,"hour":null,"weekday":4,"is_weekend":false,"location_name":"5150 North INVERGORDON Road","precision":"address"}},{"type":"Feature","geometry":{"type":"Point","coordinates":[-111.863516,33.765417]},"properties":{"incident_id":"2425320","incident_type":"Search for person on land","type_group":"MTNRES","category":"mountain","date":"2024-06-13","year":2024,"month":6,"hour":null,"weekday":3,"is_weekend":false,"location_name":"30301 North ALMA SCHOOL Parkway","precision":"address"}},{"type":"Feature","geometry":{"type":"Point","coordinates":[-111.942851,33.490431]},"properties":{"incident_id":"2433842","incident_type":"Swift water rescue","type_group":"WATER","category":"water","date":"2024-08-06","year":2024,"month":8,"hour":null,"weekday":1,"is_weekend":false,"location_name":"E INDIAN SCHOOL RD / North 64TH Street","precision":"intersection"}},{"type":"Feature","geometry":{"type":"Point","coordinates":[-111.7885,33.77007]},"properties":{"incident_id":"2416685","incident_type":"Search for person on land","type_group":"MTNRES","category":"mountain","date":"2024-04-19","year":2024,"month":4,"hour":null,"weekday":4,"is_weekend":false,"location_name":"31402 North 136TH Street","precision":"address"}},{"type":"Feature","geometry":{"type":"Point","coordinates":[-111.7885,33.77007]},"properties":{"incident_id":"2427365","incident_type":"Search for person on land","type_group":"MTNRES","category":"mountain","date":"2024-06-26","year":2024,"month":6,"hour":null,"weekday":2,"is_weekend":false,"location_name":"31402 North 136TH Street","precision":"address"}},{"type":"Feature","geometry":{"type":"Point","coordinates":[-111.976114,33.524011]},"properties":{"incident_id":"2434516","incident_type":"Search for person on land","type_group":"MTNRES","category":"mountain","date":"2024-08-10","year":2024,"month":8,"hour":null,"weekday":5,"is_weekend":true,"location_name":"4925 East MCDONALD Drive","precision":"address"}},{"type":"Feature","geometry":{"type":"Point","coordinates":[-112.048479,33.687846]},"properties":{"incident_id":"2434944","incident_type":"Search for person on land","type_group":"MTNRES","category":"mountain","date":"2024-08-13","year":2024,"month":8,"hour":null,"weekday":1,"is_weekend":false,"location_name":"E DEER VALLEY RD / North 16TH Street","precision":"intersection"}},{"type":"Feature","geometry":{"type":"Point","coordinates":[-111.7885,33.77007]},"properties":{"incident_id":"2435800","incident_type":"Search for person on land","type_group":"MTNRES","category":"mountain","date":"2024-08-18","year":2024,"month":8,"hour":null,"weekday":6,"is_weekend":true,"location_name":"31402 North 136TH Street","precision":"address"}},{"type":"Feature","geometry":{"type":"Point","coordinates":[-111.943103,33.552383]},"properties":{"incident_id":"2417302","incident_type":"Search for person on land","type_group":"MTNRES","category":"mountain","date":"2024-04-23","year":2024,"month":4,"hour":null,"weekday":1,"is_weekend":false,"location_name":"5150 North INVERGORDON Road","precision":"address"}},{"type":"Feature","geometry":{"type":"Point","coordinates":[-111.976114,33.524011]},"properties":{"incident_id":"2419666","incident_type":"Search for person on land","type_group":"MTNRES","category":"mountain","date":"2024-05-08","year":2024,"month":5,"hour":null,"weekday":2,"is_weekend":false,"location_name":"4925 East MCDONALD Drive","precision":"address"}},{"type":"Feature","geometry":{"type":"Point","coordinates":[-111.858503,33.649407]},"properties":{"incident_id":"2423386","incident_type":"Search for person on land","type_group":"MTNRES","category":"mountain","date":"2024-06-01","year":2024,"month":6,"hour":null,"weekday":5,"is_weekend":true,"location_name":"18333 North THOMPSON PEAK Parkway","precision":"address"}},{"type":"Feature","geometry":{"type":"Point","coordinates":[-111.943103,33.552383]},"properties":{"incident_id":"2420266","incident_type":"Search for person on land","type_group":"MTNRES","category":"mountain","date":"2024-05-12","year":2024,"month":5,"hour":null,"weekday":6,"is_weekend":true,"location_name":"5150 North INVERGORDON Road","precision":"address"}},{"type":"Feature","geometry":{"type":"Point","coordinates":[-111.943103,33.552383]},"properties":{"incident_id":"2420270","incident_type":"Search for person on land","type_group":"MTNRES","category":"mountain","date":"2024-05-12","year":2024,"month":5,"hour":null,"weekday":6,"is_weekend":true,"location_name":"5150 North INVERGORDON Road","precision":"address"}},{"type":"Feature","geometry":{"type":"Point","coordinates":[-111.943103,33.552383]},"properties":{"incident_id":"2421250","incident_type":"Search for person on land","type_group":"MTNRES","category":"mountain","date":"2024-05-18","year":2024,"month":5,"hour":null,"weekday":5,"is_weekend":true,"location_name":"5150 North INVERGORDON Road","precision":"address"}},{"type":"Feature","geometry":{"type":"Point","coordinates":[-111.911585,33.454297]},"properties":{"incident_id":"2430714","incident_type":"Swift water rescue","type_group":"DR","category":"water","date":"2024-07-17","year":2024,"month":7,"hour":null,"weekday":2,"is_weekend":false,"location_name":"7803 East PIERCE Street","precision":"address"}},{"type":"Feature","geometry":{"type":"Point","coordinates":[-111.799183,33.686082]},"properties":{"incident_id":"2422611","incident_type":"Search for person on land","type_group":"MTNRES","category":"mountain","date":"2024-05-27","year":2024,"month":5,"hour":null,"weekday":0,"is_weekend":false,"location_name":"23015 North 128TH Street","precision":"address"}},{"type":"Feature","geometry":{"type":"Point","coordinates":[-111.833154,33.58971]},"properties":{"incident_id":"2432200","incident_type":"Swift water rescue","type_group":"INJ","category":"water","date":"2024-07-26","year":2024,"month":7,"hour":null,"weekday":4,"is_weekend":false,"location_name":"E VIA LINDA / North 115TH Street","precision":"intersection"}},{"type":"Feature","geometry":{"type":"Point","coordinates":[-111.976114,33.524011]},"properties":{"incident_id":"2423401","incident_type":"Search for person on land","type_group":"MTNRES","category":"mountain","date":"2024-06-01","year":2024,"month":6,"hour":null,"weekday":5,"is_weekend":true,"location_name":"4925 East MCDONALD Drive","precision":"address"}},{"type":"Feature","geometry":{"type":"Point","coordinates":[-112.089106,33.784551]},"properties":{"incident_id":"2435008","incident_type":"Search for person on land","type_group":"MTNRES","category":"mountain","date":"2024-08-13","year":2024,"month":8,"hour":null,"weekday":1,"is_weekend":false,"location_name":"1300 West DOVE VALLEY Road","precision":"address"}},{"type":"Feature","geometry":{"type":"Point","coordinates":[-111.976114,33.524011]},"properties":{"incident_id":"2436269","incident_type":"Search for person on land","type_group":"MTNRES","category":"mountain","date":"2024-08-21","year":2024,"month":8,"hour":null,"weekday":2,"is_weekend":false,"location_name":"4925 East MCDONALD Drive","precision":"address"}},{"type":"Feature","geometry":{"type":"Point","coordinates":[-111.943103,33.552383]},"properties":{"incident_id":"2437556","incident_type":"Search for person on land","type_group":"MTNRES","category":"mountain","date":"2024-08-29","year":2024,"month":8,"hour":null,"weekday":3,"is_weekend":false,"location_name":"5150 North INVERGORDON Road","precision":"address"}},{"type":"Feature","geometry":{"type":"Point","coordinates":[-111.802982,33.666237]},"properties":{"incident_id":"2428163","incident_type":"Search for person on land","type_group":"MTNRES","category":"mountain","date":"2024-07-01","year":2024,"month":7,"hour":null,"weekday":0,"is_weekend":false,"location_name":"11197 East SAGUARO CANYON Trail","precision":"address"}},{"type":"Feature","geometry":{"type":"Point","coordinates":[-111.863516,33.765417]},"properties":{"incident_id":"2440038","incident_type":"Search for person on land","type_group":"MTNRES","category":"mountain","date":"2024-09-14","year":2024,"month":9,"hour":null,"weekday":5,"is_weekend":true,"location_name":"30301 North ALMA SCHOOL Parkway","precision":"address"}},{"type":"Feature","geometry":{"type":"Point","coordinates":[-111.769621,33.639609]},"properties":{"incident_id":"2442239","incident_type":"Search for person on land","type_group":"MTNRES","category":"mountain","date":"2024-09-28","year":2024,"month":9,"hour":null,"weekday":5,"is_weekend":true,"location_name":"14428 East DESERT TORTOISE TR","precision":"address"}},{"type":"Feature","geometry":{"type":"Point","coordinates":[-111.7885,33.77007]},"properties":{"incident_id":"2432156","incident_type":"Search for person on land","type_group":"MTNRES","category":"mountain","date":"2024-07-26","year":2024,"month":7,"hour":null,"weekday":4,"is_weekend":false,"location_name":"31402 North 136TH Street","precision":"address"}},{"type":"Feature","geometry":{"type":"Point","coordinates":[-111.911585,33.454297]},"properties":{"incident_id":"2430733","incident_type":"Swift water rescue","type_group":"WATER","category":"water","date":"2024-07-17","year":2024,"month":7,"hour":null,"weekday":2,"is_weekend":false,"location_name":"7803 East PIERCE Street","precision":"address"}},{"type":"Feature","geometry":{"type":"Point","coordinates":[-111.799183,33.686082]},"properties":{"incident_id":"2430853","incident_type":"Search for person on land","type_group":"MTNRES","category":"mountain","date":"2024-07-18","year":2024,"month":7,"hour":null,"weekday":3,"is_weekend":false,"location_name":"23015 North 128TH Street","precision":"address"}},{"type":"Feature","geometry":{"type":"Point","coordinates":[-112.044816,33.673041]},"properties":{"incident_id":"2432952","incident_type":"Search for person on land","type_group":"MTNRES","category":"mountain","date":"2024-07-31","year":2024,"month":7,"hour":null,"weekday":2,"is_weekend":false,"location_name":"E MONTOYA LN / North 17TH Way","precision":"intersection"}},{"type":"Feature","geometry":{"type":"Point","coordinates":[-111.858503,33.649407]},"properties":{"incident_id":"2432153","incident_type":"Search for person on land","type_group":"MTNRES","category":"mountain","date":"2024-07-26","year":2024,"month":7,"hour":null,"weekday":4,"is_weekend":false,"location_name":"18333 North THOMPSON PEAK Parkway","precision":"address"}},{"type":"Feature","geometry":{"type":"Point","coordinates":[-111.858503,33.649407]},"properties":{"incident_id":"2434514","incident_type":"Search for person on land","type_group":"MTNRES","category":"mountain","date":"2024-08-10","year":2024,"month":8,"hour":null,"weekday":5,"is_weekend":true,"location_name":"18333 North THOMPSON PEAK Parkway","precision":"address"}},{"type":"Feature","geometry":{"type":"Point","coordinates":[-111.908857,33.494859]},"properties":{"incident_id":"2436819","incident_type":"Swift water rescue","type_group":"WATER","category":"water","date":"2024-08-24","year":2024,"month":8,"hour":null,"weekday":5,"is_weekend":true,"location_name":"E INDIAN SCHOOL RD / North HAYDEN Road","precision":"intersection"}},{"type":"Feature","geometry":{"type":"Point","coordinates":[-112.0197,33.5307]},"properties":{"incident_id":"2438311","incident_type":"Search for person on land","type_group":"MTNRES","category":"mountain","date":"2024-09-03","year":2024,"month":9,"hour":null,"weekday":1,"is_weekend":false,"location_name":"2701 East PIESTEWA PEAK Drive","precision":"preserve_centroid"}},{"type":"Feature","geometry":{"type":"Point","coordinates":[-111.943103,33.552383]},"properties":{"incident_id":"2439094","incident_type":"Search for person on land","type_group":"MTNRES","category":"mountain","date":"2024-09-08","year":2024,"month":9,"hour":null,"weekday":6,"is_weekend":true,"location_name":"5150 North INVERGORDON Road","precision":"address"}},{"type":"Feature","geometry":{"type":"Point","coordinates":[-111.863516,33.765417]},"properties":{"incident_id":"2440058","incident_type":"Search for person on land","type_group":"MTNRES","category":"mountain","date":"2024-09-14","year":2024,"month":9,"hour":null,"weekday":5,"is_weekend":true,"location_name":"30301 North ALMA SCHOOL Parkway","precision":"address"}},{"type":"Feature","geometry":{"type":"Point","coordinates":[-111.888139,33.745176]},"properties":{"incident_id":"2436787","incident_type":"Search for person on land","type_group":"MTNRES","category":"mountain","date":"2024-08-24","year":2024,"month":8,"hour":null,"weekday":5,"is_weekend":true,"location_name":"28777 North PIMA Road","precision":"address"}},{"type":"Feature","geometry":{"type":"Point","coordinates":[-111.839508,33.67062]},"properties":{"incident_id":"2438936","incident_type":"Search for person on land","type_group":"MTNRES","category":"mountain","date":"2024-09-07","year":2024,"month":9,"hour":null,"weekday":5,"is_weekend":true,"location_name":"11167 East SAGUARO CANYON Trail","precision":"address"}},{"type":"Feature","geometry":{"type":"Point","coordinates":[-111.799183,33.686082]},"properties":{"incident_id":"2439399","incident_type":"Search for person on land","type_group":"MTNRES","category":"mountain","date":"2024-09-10","year":2024,"month":9,"hour":null,"weekday":1,"is_weekend":false,"location_name":"23015 North 128TH Street","precision":"address"}},{"type":"Feature","geometry":{"type":"Point","coordinates":[-111.858503,33.649407]},"properties":{"incident_id":"2442392","incident_type":"Search for person on land","type_group":"MTNRES","category":"mountain","date":"2024-09-29","year":2024,"month":9,"hour":null,"weekday":6,"is_weekend":true,"location_name":"18333 North THOMPSON PEAK Parkway","precision":"address"}},{"type":"Feature","geometry":{"type":"Point","coordinates":[-112.032901,33.617577]},"properties":{"incident_id":"2443364","incident_type":"Search for person on land","type_group":"MTNRES","category":"mountain","date":"2024-10-05","year":2024,"month":10,"hour":null,"weekday":5,"is_weekend":true,"location_name":"14400 North CAVE CREEK Road","precision":"address"}},{"type":"Feature","geometry":{"type":"Point","coordinates":[-111.858503,33.649407]},"properties":{"incident_id":"2445056","incident_type":"Search for person on land","type_group":"MTNRES","category":"mountain","date":"2024-10-16","year":2024,"month":10,"hour":null,"weekday":2,"is_weekend":false,"location_name":"18333 North THOMPSON PEAK Parkway","precision":"address"}},{"type":"Feature","geometry":{"type":"Point","coordinates":[-111.950762,33.466182]},"properties":{"incident_id":"2446403","incident_type":"Search for person on land","type_group":"NOSEND","category":"mountain","date":"2024-10-25","year":2024,"month":10,"hour":null,"weekday":4,"is_weekend":false,"location_name":"6001 East MCDOWELL Road","precision":"address"}},{"type":"Feature","geometry":{"type":"Point","coordinates":[-111.790966,33.611967]},"properties":{"incident_id":"2447550","incident_type":"Search for person on land","type_group":"MTNRES","category":"mountain","date":"2024-11-01","year":2024,"month":11,"hour":null,"weekday":4,"is_weekend":false,"location_name":"12101 North 145TH Way","precision":"address"}},{"type":"Feature","geometry":{"type":"Point","coordinates":[-111.799183,33.686082]},"properties":{"incident_id":"2449035","incident_type":"Search for person on land","type_group":"MTNRES","category":"mountain","date":"2024-11-10","year":2024,"month":11,"hour":null,"weekday":6,"is_weekend":true,"location_name":"23015 North 128TH Street","precision":"address"}},{"type":"Feature","geometry":{"type":"Point","coordinates":[-112.0197,33.5307]},"properties":{"incident_id":"2450874","incident_type":"Search for person on land","type_group":"MTNRES","category":"mountain","date":"2024-11-22","year":2024,"month":11,"hour":null,"weekday":4,"is_weekend":false,"location_name":"2701 East PIESTEWA PEAK Drive","precision":"preserve_centroid"}},{"type":"Feature","geometry":{"type":"Point","coordinates":[-111.943103,33.552383]},"properties":{"incident_id":"2451967","incident_type":"Search for person on land","type_group":"MTNRES","category":"mountain","date":"2024-11-29","year":2024,"month":11,"hour":null,"weekday":4,"is_weekend":false,"location_name":"5150 North INVERGORDON Road","precision":"address"}},{"type":"Feature","geometry":{"type":"Point","coordinates":[-111.858093,33.66909]},"properties":{"incident_id":"2452267","incident_type":"Search for person on land","type_group":"MTNRES","category":"mountain","date":"2024-12-01","year":2024,"month":12,"hour":null,"weekday":6,"is_weekend":true,"location_name":"E WINDGATE PASS DR / East SIERRA PINTA Drive","precision":"intersection"}},{"type":"Feature","geometry":{"type":"Point","coordinates":[-111.945483,33.454602]},"properties":{"incident_id":"2506409","incident_type":"Swift water rescue","type_group":"WATER","category":"water","date":"2025-02-08","year":2025,"month":2,"hour":null,"weekday":5,"is_weekend":true,"location_name":"625 North GALVIN Parkway","precision":"address"}},{"type":"Feature","geometry":{"type":"Point","coordinates":[-111.858503,33.649407]},"properties":{"incident_id":"2507667","incident_type":"Search for person on land","type_group":"MTNRES","category":"mountain","date":"2025-02-16","year":2025,"month":2,"hour":null,"weekday":6,"is_weekend":true,"location_name":"18333 North THOMPSON PEAK Parkway","precision":"address"}},{"type":"Feature","geometry":{"type":"Point","coordinates":[-111.891177,33.741243]},"properties":{"incident_id":"2513233","incident_type":"Search for person on land","type_group":"MTNRES","category":"mountain","date":"2025-03-23","year":2025,"month":3,"hour":null,"weekday":6,"is_weekend":true,"location_name":"N PIMA RD / East DYNAMITE Boulevard","precision":"intersection"}},{"type":"Feature","geometry":{"type":"Point","coordinates":[-111.943103,33.552383]},"properties":{"incident_id":"2514222","incident_type":"Search for person on land","type_group":"MTNRES","category":"mountain","date":"2025-03-29","year":2025,"month":3,"hour":null,"weekday":5,"is_weekend":true,"location_name":"5150 North INVERGORDON Road","precision":"address"}},{"type":"Feature","geometry":{"type":"Point","coordinates":[-111.858503,33.649407]},"properties":{"incident_id":"2516909","incident_type":"Search for person on land","type_group":"MTNRES","category":"mountain","date":"2025-04-15","year":2025,"month":4,"hour":null,"weekday":1,"is_weekend":false,"location_name":"18333 North THOMPSON PEAK Parkway","precision":"address"}},{"type":"Feature","geometry":{"type":"Point","coordinates":[-111.863516,33.765417]},"properties":{"incident_id":"2518151","incident_type":"Search for person on land","type_group":"MTNRES","category":"mountain","date":"2025-04-23","year":2025,"month":4,"hour":null,"weekday":2,"is_weekend":false,"location_name":"30301 North ALMA SCHOOL Parkway","precision":"address"}},{"type":"Feature","geometry":{"type":"Point","coordinates":[-111.799183,33.686082]},"properties":{"incident_id":"2518758","incident_type":"Search for person on land","type_group":"ALOC","category":"mountain","date":"2025-04-27","year":2025,"month":4,"hour":null,"weekday":6,"is_weekend":true,"location_name":"23015 North 128TH Street","precision":"address"}},{"type":"Feature","geometry":{"type":"Point","coordinates":[-111.943103,33.552383]},"properties":{"incident_id":"2519209","incident_type":"Search for person on land","type_group":"MTNRES","category":"mountain","date":"2025-04-30","year":2025,"month":4,"hour":null,"weekday":2,"is_weekend":false,"location_name":"5150 North INVERGORDON Road","precision":"address"}},{"type":"Feature","geometry":{"type":"Point","coordinates":[-111.859758,33.728373]},"properties":{"incident_id":"2521433","incident_type":"Search for person on land","type_group":"MTNRES","category":"mountain","date":"2025-05-14","year":2025,"month":5,"hour":null,"weekday":2,"is_weekend":false,"location_name":"26802 North 102ND Way","precision":"address"}},{"type":"Feature","geometry":{"type":"Point","coordinates":[-111.976114,33.524011]},"properties":{"incident_id":"2522859","incident_type":"Search for person on land","type_group":"DIAB","category":"mountain","date":"2025-05-23","year":2025,"month":5,"hour":null,"weekday":4,"is_weekend":false,"location_name":"4925 East MCDONALD Drive","precision":"address"}},{"type":"Feature","geometry":{"type":"Point","coordinates":[-111.799183,33.686082]},"properties":{"incident_id":"2523085","incident_type":"Search for person on land","type_group":"MTNRES","category":"mountain","date":"2025-05-24","year":2025,"month":5,"hour":null,"weekday":5,"is_weekend":true,"location_name":"23015 North 128TH Street","precision":"address"}},{"type":"Feature","geometry":{"type":"Point","coordinates":[-111.943103,33.552383]},"properties":{"incident_id":"2523894","incident_type":"Search for person on land","type_group":"MTNRES","category":"mountain","date":"2025-05-30","year":2025,"month":5,"hour":null,"weekday":4,"is_weekend":false,"location_name":"5150 North INVERGORDON Road","precision":"address"}},{"type":"Feature","geometry":{"type":"Point","coordinates":[-111.859758,33.728373]},"properties":{"incident_id":"2531696","incident_type":"Search for person on land","type_group":"MTNRES","category":"mountain","date":"2025-07-19","year":2025,"month":7,"hour":null,"weekday":5,"is_weekend":true,"location_name":"26802 North 102ND Way","precision":"address"}},{"type":"Feature","geometry":{"type":"Point","coordinates":[-111.976114,33.524011]},"properties":{"incident_id":"2532689","incident_type":"Search for person on land","type_group":"MTNRES","category":"mountain","date":"2025-07-26","year":2025,"month":7,"hour":null,"weekday":5,"is_weekend":true,"location_name":"4925 East MCDONALD Drive","precision":"address"}},{"type":"Feature","geometry":{"type":"Point","coordinates":[-111.888139,33.745176]},"properties":{"incident_id":"2542262","incident_type":"Search for person on land","type_group":"MTNRES","category":"mountain","date":"2025-09-25","year":2025,"month":9,"hour":null,"weekday":3,"is_weekend":false,"location_name":"28777 North PIMA Road","precision":"address"}},{"type":"Feature","geometry":{"type":"Point","coordinates":[-111.895888,33.466815]},"properties":{"incident_id":"2542495","incident_type":"Swift water rescue","type_group":"WATER","category":"water","date":"2025-09-26","year":2025,"month":9,"hour":null,"weekday":4,"is_weekend":false,"location_name":"1635 North 87TH Street","precision":"address"}},{"type":"Feature","geometry":{"type":"Point","coordinates":[-111.925624,33.72669]},"properties":{"incident_id":"2545208","incident_type":"Swift water rescue","type_group":"CKWELF","category":"water","date":"2025-10-13","year":2025,"month":10,"hour":null,"weekday":0,"is_weekend":false,"location_name":"N SCOTTSDALE RD / East JOMAX Road","precision":"intersection"}},{"type":"Feature","geometry":{"type":"Point","coordinates":[-111.943103,33.552383]},"properties":{"incident_id":"2546390","incident_type":"Search for person on land","type_group":"MTNRES","category":"mountain","date":"2025-10-21","year":2025,"month":10,"hour":null,"weekday":1,"is_weekend":false,"location_name":"5150 North INVERGORDON Road","precision":"address"}},{"type":"Feature","geometry":{"type":"Point","coordinates":[-111.863516,33.765417]},"properties":{"incident_id":"2547801","incident_type":"Search for person on land","type_group":"MTNRES","category":"mountain","date":"2025-10-30","year":2025,"month":10,"hour":null,"weekday":3,"is_weekend":false,"location_name":"30301 North ALMA SCHOOL Parkway","precision":"address"}},{"type":"Feature","geometry":{"type":"Point","coordinates":[-111.859758,33.728373]},"properties":{"incident_id":"2547827","incident_type":"Search for person on land","type_group":"MTNRES","category":"mountain","date":"2025-10-30","year":2025,"month":10,"hour":null,"weekday":3,"is_weekend":false,"location_name":"26802 North 102ND Way","precision":"address"}},{"type":"Feature","geometry":{"type":"Point","coordinates":[-111.858503,33.649407]},"properties":{"incident_id":"2608183","incident_type":"Search for person on land","type_group":"MTNRES","category":"mountain","date":"2026-02-22","year":2026,"month":2,"hour":null,"weekday":6,"is_weekend":true,"location_name":"18333 North THOMPSON PEAK Parkway","precision":"address"}},{"type":"Feature","geometry":{"type":"Point","coordinates":[-111.7885,33.77007]},"properties":{"incident_id":"2608191","incident_type":"Search for person on land","type_group":"MTNRES","category":"mountain","date":"2026-02-22","year":2026,"month":2,"hour":null,"weekday":6,"is_weekend":true,"location_name":"31402 North 136TH Street","precision":"address"}},{"type":"Feature","geometry":{"type":"Point","coordinates":[-111.953578,33.885195]},"properties":{"incident_id":"2608857","incident_type":"Search for person on land","type_group":"MTNRES","category":"mountain","date":"2026-02-26","year":2026,"month":2,"hour":null,"weekday":3,"is_weekend":false,"location_name":"44029 North SPUR CROSS Road","precision":"address"}},{"type":"Feature","geometry":{"type":"Point","coordinates":[-111.799183,33.686082]},"properties":{"incident_id":"2609014","incident_type":"Search for person on land","type_group":"MTNRES","category":"mountain","date":"2026-02-27","year":2026,"month":2,"hour":null,"weekday":4,"is_weekend":false,"location_name":"23015 North 128TH Street","precision":"address"}},{"type":"Feature","geometry":{"type":"Point","coordinates":[-111.888139,33.745176]},"properties":{"incident_id":"2610833","incident_type":"Search for person on land","type_group":"FALLA","category":"mountain","date":"2026-03-10","year":2026,"month":3,"hour":null,"weekday":1,"is_weekend":false,"location_name":"28777 North PIMA Road","precision":"address"}},{"type":"Feature","geometry":{"type":"Point","coordinates":[-111.811887,33.600348]},"properties":{"incident_id":"2611146","incident_type":"Search for person on land","type_group":"MTNRES","category":"mountain","date":"2026-03-12","year":2026,"month":3,"hour":null,"weekday":3,"is_weekend":false,"location_name":"12601 North 124TH Street","precision":"address"}},{"type":"Feature","geometry":{"type":"Point","coordinates":[-111.799183,33.686082]},"properties":{"incident_id":"2611581","incident_type":"Search for person on land","type_group":"MTNRES","category":"mountain","date":"2026-03-15","year":2026,"month":3,"hour":null,"weekday":6,"is_weekend":true,"location_name":"23015 North 128TH Street","precision":"address"}},{"type":"Feature","geometry":{"type":"Point","coordinates":[-111.811887,33.600348]},"properties":{"incident_id":"2611602","incident_type":"Search for person on land","type_group":"MTNRES","category":"mountain","date":"2026-03-15","year":2026,"month":3,"hour":null,"weekday":6,"is_weekend":true,"location_name":"12601 North 124TH Street","precision":"address"}},{"type":"Feature","geometry":{"type":"Point","coordinates":[-112.012678,33.532068]},"properties":{"incident_id":"2611934","incident_type":"Search for person on land","type_group":"MTNRES","category":"mountain","date":"2026-03-17","year":2026,"month":3,"hour":null,"weekday":1,"is_weekend":false,"location_name":"3212 East LINCOLN Drive","precision":"address"}},{"type":"Feature","geometry":{"type":"Point","coordinates":[-111.943103,33.552383]},"properties":{"incident_id":"2613152","incident_type":"Search for person on land","type_group":"MTNRES","category":"mountain","date":"2026-03-24","year":2026,"month":3,"hour":null,"weekday":1,"is_weekend":false,"location_name":"5150 North INVERGORDON Road","precision":"address"}},{"type":"Feature","geometry":{"type":"Point","coordinates":[-111.953578,33.885195]},"properties":{"incident_id":"2613504","incident_type":"Search for person on land","type_group":"","category":"mountain","date":"2026-03-26","year":2026,"month":3,"hour":null,"weekday":3,"is_weekend":false,"location_name":"44029 North SPUR CROSS Road","precision":"address"}},{"type":"Feature","geometry":{"type":"Point","coordinates":[-111.915374,33.535854]},"properties":{"incident_id":"2613808","incident_type":"Swift water rescue","type_group":"","category":"water","date":"2026-03-28","year":2026,"month":3,"hour":null,"weekday":5,"is_weekend":true,"location_name":"7605 East INDIAN BEND Road","precision":"address"}},{"type":"Feature","geometry":{"type":"Point","coordinates":[-112.049755,33.763854]},"properties":{"incident_id":"2613995","incident_type":"Search for person on land","type_group":"","category":"mountain","date":"2026-03-29","year":2026,"month":3,"hour":null,"weekday":6,"is_weekend":true,"location_name":"1600 East SONORAN DESERT Drive","precision":"address"}},{"type":"Feature","geometry":{"type":"Point","coordinates":[-111.863516,33.765417]},"properties":{"incident_id":"2614844","incident_type":"Search for person on land","type_group":"","category":"mountain","date":"2026-04-03","year":2026,"month":4,"hour":null,"weekday":4,"is_weekend":false,"location_name":"30301 North ALMA SCHOOL Parkway","precision":"address"}},{"type":"Feature","geometry":{"type":"Point","coordinates":[-111.811887,33.600348]},"properties":{"incident_id":"2614994","incident_type":"Search for person on land","type_group":"","category":"mountain","date":"2026-04-04","year":2026,"month":4,"hour":null,"weekday":5,"is_weekend":true,"location_name":"12601 North 124TH Street","precision":"address"}},{"type":"Feature","geometry":{"type":"Point","coordinates":[-111.859758,33.728373]},"properties":{"incident_id":"2616155","incident_type":"Search for person on land","type_group":"","category":"mountain","date":"2026-04-11","year":2026,"month":4,"hour":null,"weekday":5,"is_weekend":true,"location_name":"26802 North 102ND Way","precision":"address"}},{"type":"Feature","geometry":{"type":"Point","coordinates":[-111.858503,33.649407]},"properties":{"incident_id":"2617117","incident_type":"Search for person on land","type_group":"","category":"mountain","date":"2026-04-17","year":2026,"month":4,"hour":null,"weekday":4,"is_weekend":false,"location_name":"18333 North THOMPSON PEAK Parkway","precision":"address"}},{"type":"Feature","geometry":{"type":"Point","coordinates":[-111.934714,33.494652]},"properties":{"incident_id":"2617691","incident_type":"Swift water rescue","type_group":"","category":"water","date":"2026-04-20","year":2026,"month":4,"hour":null,"weekday":0,"is_weekend":false,"location_name":"E INDIAN SCHOOL RD / North 68TH Street","precision":"intersection"}},{"type":"Feature","geometry":{"type":"Point","coordinates":[-111.943103,33.552383]},"properties":{"incident_id":"2618757","incident_type":"Search for person on land","type_group":"","category":"mountain","date":"2026-04-27","year":2026,"month":4,"hour":null,"weekday":0,"is_weekend":false,"location_name":"5150 North INVERGORDON Road","precision":"address"}},{"type":"Feature","geometry":{"type":"Point","coordinates":[-111.950762,33.466182]},"properties":{"incident_id":"2619668","incident_type":"Search for person on land","type_group":"","category":"mountain","date":"2026-05-02","year":2026,"month":5,"hour":null,"weekday":5,"is_weekend":true,"location_name":"6001 East MCDOWELL Road","precision":"address"}},{"type":"Feature","geometry":{"type":"Point","coordinates":[-111.943103,33.552383]},"properties":{"incident_id":"2620091","incident_type":"Search for person on land","type_group":"","category":"mountain","date":"2026-05-05","year":2026,"month":5,"hour":null,"weekday":1,"is_weekend":false,"location_name":"5150 North INVERGORDON Road","precision":"address"}},{"type":"Feature","geometry":{"type":"Point","coordinates":[-111.858503,33.649407]},"properties":{"incident_id":"2620385","incident_type":"Search for person on land","type_group":"","category":"mountain","date":"2026-05-07","year":2026,"month":5,"hour":null,"weekday":3,"is_weekend":false,"location_name":"18333 North THOMPSON PEAK Parkway","precision":"address"}},{"type":"Feature","geometry":{"type":"Point","coordinates":[-111.943103,33.552383]},"properties":{"incident_id":"2622381","incident_type":"Search for person on land","type_group":"","category":"mountain","date":"2026-05-19","year":2026,"month":5,"hour":null,"weekday":1,"is_weekend":false,"location_name":"5150 North INVERGORDON Road","precision":"address"}},{"type":"Feature","geometry":{"type":"Point","coordinates":[-111.934714,33.494652]},"properties":{"incident_id":"2623021","incident_type":"Swift water rescue","type_group":"","category":"water","date":"2026-05-23","year":2026,"month":5,"hour":null,"weekday":5,"is_weekend":true,"location_name":"E INDIAN SCHOOL RD / North 68TH Street","precision":"intersection"}},{"type":"Feature","geometry":{"type":"Point","coordinates":[-112.049755,33.763854]},"properties":{"incident_id":"2623036","incident_type":"Search for person on land","type_group":"","category":"mountain","date":"2026-05-23","year":2026,"month":5,"hour":null,"weekday":5,"is_weekend":true,"location_name":"1600 East SONORAN DESERT Drive","precision":"address"}},{"type":"Feature","geometry":{"type":"Point","coordinates":[-111.799183,33.686082]},"properties":{"incident_id":"2625963","incident_type":"Search for person on land","type_group":"","category":"mountain","date":"2026-06-10","year":2026,"month":6,"hour":null,"weekday":2,"is_weekend":false,"location_name":"23015 North 128TH Street","precision":"address"}},{"type":"Feature","geometry":{"type":"Point","coordinates":[-111.7885,33.77007]},"properties":{"incident_id":"2626221","incident_type":"Search for person on land","type_group":"","category":"mountain","date":"2026-06-12","year":2026,"month":6,"hour":null,"weekday":4,"is_weekend":false,"location_name":"31402 North 136TH Street","precision":"address"}},{"type":"Feature","geometry":{"type":"Point","coordinates":[-111.943103,33.552383]},"properties":{"incident_id":"2627226","incident_type":"Search for person on land","type_group":"","category":"mountain","date":"2026-06-18","year":2026,"month":6,"hour":null,"weekday":3,"is_weekend":false,"location_name":"5150 North INVERGORDON Road","precision":"address"}},{"type":"Feature","geometry":{"type":"Point","coordinates":[-111.799183,33.686082]},"properties":{"incident_id":"2628294","incident_type":"Search for person on land","type_group":"","category":"mountain","date":"2026-06-25","year":2026,"month":6,"hour":null,"weekday":3,"is_weekend":false,"location_name":"23015 North 128TH Street","precision":"address"}},{"type":"Feature","geometry":{"type":"Point","coordinates":[-112.029789,33.561938]},"properties":{"incident_id":"2630222","incident_type":"Search for person on land","type_group":"","category":"mountain","date":"2026-07-07","year":2026,"month":7,"hour":null,"weekday":1,"is_weekend":false,"location_name":"2421 East NORTHERN Avenue","precision":"address"}},{"type":"Feature","geometry":{"type":"Point","coordinates":[-111.976114,33.524011]},"properties":{"incident_id":"2631223","incident_type":"Search for person on land","type_group":"","category":"mountain","date":"2026-07-13","year":2026,"month":7,"hour":null,"weekday":0,"is_weekend":false,"location_name":"4925 East MCDONALD Drive","precision":"address"}},{"type":"Feature","geometry":{"type":"Point","coordinates":[-111.976114,33.524011]},"properties":{"incident_id":"2631411","incident_type":"Search for person on land","type_group":"","category":"mountain","date":"2026-07-14","year":2026,"month":7,"hour":null,"weekday":1,"is_weekend":false,"location_name":"4925 East MCDONALD Drive","precision":"address"}},{"type":"Feature","geometry":{"type":"Point","coordinates":[-111.950762,33.466182]},"properties":{"incident_id":"2631841","incident_type":"Search for person on land","type_group":"","category":"mountain","date":"2026-07-16","year":2026,"month":7,"hour":null,"weekday":3,"is_weekend":false,"location_name":"6001 East MCDOWELL Road","precision":"address"}},{"type":"Feature","geometry":{"type":"Point","coordinates":[-111.980444,33.465654]},"properties":{"incident_id":"2631911","incident_type":"Swift water rescue","type_group":"","category":"water","date":"2026-07-17","year":2026,"month":7,"hour":null,"weekday":4,"is_weekend":false,"location_name":"E MCDOWELL RD / CROSS CUT CANAL","precision":"intersection"}},{"type":"Feature","geometry":{"type":"Point","coordinates":[-111.811887,33.600348]},"properties":{"incident_id":"2632077","incident_type":"Search for person on land","type_group":"","category":"mountain","date":"2026-07-18","year":2026,"month":7,"hour":null,"weekday":5,"is_weekend":true,"location_name":"12601 North 124TH Street","precision":"address"}},{"type":"Feature","geometry":{"type":"Point","coordinates":[-111.858503,33.649407]},"properties":{"incident_id":"2633270","incident_type":"Search for person on land","type_group":"","category":"mountain","date":"2026-07-25","year":2026,"month":7,"hour":null,"weekday":5,"is_weekend":true,"location_name":"18333 North THOMPSON PEAK Parkway","precision":"address"}},{"type":"Feature","geometry":{"type":"Point","coordinates":[-111.859758,33.728373]},"properties":{"incident_id":"2638894","incident_type":"Search for person on land","type_group":"","category":"mountain","date":"2026-08-27","year":2026,"month":8,"hour":null,"weekday":3,"is_weekend":false,"location_name":"26802 North 102ND Way","precision":"address"}},{"type":"Feature","geometry":{"type":"Point","coordinates":[-111.811887,33.600348]},"properties":{"incident_id":"2641626","incident_type":"Search for person on land","type_group":"","category":"mountain","date":"2026-09-12","year":2026,"month":9,"hour":null,"weekday":5,"is_weekend":true,"location_name":"12601 North 124TH Street","precision":"address"}},{"type":"Feature","geometry":{"type":"Point","coordinates":[-111.811887,33.600348]},"properties":{"incident_id":"2642806","incident_type":"Search for person on land","type_group":"","category":"mountain","date":"2026-09-19","year":2026,"month":9,"hour":null,"weekday":5,"is_weekend":true,"location_name":"12601 North 124TH Street","precision":"address"}},{"type":"Feature","geometry":{"type":"Point","coordinates":[-111.811887,33.600348]},"properties":{"incident_id":"2642817","incident_type":"Search for person on land","type_group":"","category":"mountain","date":"2026-09-19","year":2026,"month":9,"hour":null,"weekday":5,"is_weekend":true,"location_name":"12601 North 124TH Street","precision":"address"}},{"type":"Feature","geometry":{"type":"Point","coordinates":[-111.934714,33.494652]},"properties":{"incident_id":"2642838","incident_type":"Swift water rescue","type_group":"","category":"water","date":"2026-09-19","year":2026,"month":9,"hour":null,"weekday":5,"is_weekend":true,"location_name":"E INDIAN SCHOOL RD / North 68TH Street","precision":"intersection"}},{"type":"Feature","geometry":{"type":"Point","coordinates":[-111.786812,33.7707]},"properties":{"incident_id":"2608204","incident_type":"Search for person on land","type_group":"MTNRES","category":"mountain","date":"2026-02-22","year":2026,"month":2,"hour":null,"weekday":6,"is_weekend":true,"location_name":"13600 East LONE MOUNTAIN Road","precision":"address"}},{"type":"Feature","geometry":{"type":"Point","coordinates":[-111.811887,33.600348]},"properties":{"incident_id":"2609854","incident_type":"Search for person on land","type_group":"MTNRES","category":"mountain","date":"2026-03-04","year":2026,"month":3,"hour":null,"weekday":2,"is_weekend":false,"location_name":"12601 North 124TH Street","precision":"address"}},{"type":"Feature","geometry":{"type":"Point","coordinates":[-112.34295,33.724863]},"properties":{"incident_id":"2610621","incident_type":"Search for person on land","type_group":"MTNRES","category":"mountain","date":"2026-03-09","year":2026,"month":3,"hour":null,"weekday":0,"is_weekend":false,"location_name":"W JOMAX RD / North DYSART Road","precision":"intersection"}},{"type":"Feature","geometry":{"type":"Point","coordinates":[-111.799183,33.686082]},"properties":{"incident_id":"2611121","incident_type":"Search for person on land","type_group":"MTNRES","category":"mountain","date":"2026-03-12","year":2026,"month":3,"hour":null,"weekday":3,"is_weekend":false,"location_name":"23015 North 128TH Street","precision":"address"}},{"type":"Feature","geometry":{"type":"Point","coordinates":[-111.863516,33.765417]},"properties":{"incident_id":"2611886","incident_type":"Search for person on land","type_group":"MTNRES","category":"mountain","date":"2026-03-17","year":2026,"month":3,"hour":null,"weekday":1,"is_weekend":false,"location_name":"30301 North ALMA SCHOOL Parkway","precision":"address"}},{"type":"Feature","geometry":{"type":"Point","coordinates":[-111.943103,33.552383]},"properties":{"incident_id":"2613505","incident_type":"Search for person on land","type_group":"","category":"mountain","date":"2026-03-26","year":2026,"month":3,"hour":null,"weekday":3,"is_weekend":false,"location_name":"5150 North INVERGORDON Road","precision":"address"}},{"type":"Feature","geometry":{"type":"Point","coordinates":[-111.799183,33.686082]},"properties":{"incident_id":"2613972","incident_type":"Search for person on land","type_group":"","category":"mountain","date":"2026-03-29","year":2026,"month":3,"hour":null,"weekday":6,"is_weekend":true,"location_name":"23015 North 128TH Street","precision":"address"}},{"type":"Feature","geometry":{"type":"Point","coordinates":[-111.863516,33.765417]},"properties":{"incident_id":"2614650","incident_type":"Search for person on land","type_group":"","category":"mountain","date":"2026-04-02","year":2026,"month":4,"hour":null,"weekday":3,"is_weekend":false,"location_name":"30301 North ALMA SCHOOL Parkway","precision":"address"}},{"type":"Feature","geometry":{"type":"Point","coordinates":[-111.841227,33.639588]},"properties":{"incident_id":"2614660","incident_type":"Search for person on land","type_group":"","category":"mountain","date":"2026-04-02","year":2026,"month":4,"hour":null,"weekday":3,"is_weekend":false,"location_name":"E VERBENA LN / North 111TH Street","precision":"intersection"}},{"type":"Feature","geometry":{"type":"Point","coordinates":[-111.799183,33.686082]},"properties":{"incident_id":"2615678","incident_type":"Search for person on land","type_group":"","category":"mountain","date":"2026-04-08","year":2026,"month":4,"hour":null,"weekday":2,"is_weekend":false,"location_name":"23015 North 128TH Street","precision":"address"}},{"type":"Feature","geometry":{"type":"Point","coordinates":[-111.943103,33.552383]},"properties":{"incident_id":"2616615","incident_type":"Search for person on land","type_group":"","category":"mountain","date":"2026-04-14","year":2026,"month":4,"hour":null,"weekday":1,"is_weekend":false,"location_name":"5150 North INVERGORDON Road","precision":"address"}},{"type":"Feature","geometry":{"type":"Point","coordinates":[-111.943103,33.552383]},"properties":{"incident_id":"2617822","incident_type":"Search for person on land","type_group":"","category":"mountain","date":"2026-04-21","year":2026,"month":4,"hour":null,"weekday":1,"is_weekend":false,"location_name":"5150 North INVERGORDON Road","precision":"address"}},{"type":"Feature","geometry":{"type":"Point","coordinates":[-111.799183,33.686082]},"properties":{"incident_id":"2618276","incident_type":"Search for person on land","type_group":"","category":"mountain","date":"2026-04-24","year":2026,"month":4,"hour":null,"weekday":4,"is_weekend":false,"location_name":"23015 North 128TH Street","precision":"address"}},{"type":"Feature","geometry":{"type":"Point","coordinates":[-111.84106,33.642909]},"properties":{"incident_id":"2618478","incident_type":"Search for person on land","type_group":"","category":"mountain","date":"2026-04-25","year":2026,"month":4,"hour":null,"weekday":5,"is_weekend":true,"location_name":"10400 East BELL Road","precision":"address"}},{"type":"Feature","geometry":{"type":"Point","coordinates":[-111.799183,33.686082]},"properties":{"incident_id":"2619936","incident_type":"Search for person on land","type_group":"","category":"mountain","date":"2026-05-04","year":2026,"month":5,"hour":null,"weekday":0,"is_weekend":false,"location_name":"23015 North 128TH Street","precision":"address"}},{"type":"Feature","geometry":{"type":"Point","coordinates":[-111.925409,33.676938]},"properties":{"incident_id":"2622882","incident_type":"Search for person on land","type_group":"","category":"mountain","date":"2026-05-22","year":2026,"month":5,"hour":null,"weekday":4,"is_weekend":false,"location_name":"N SCOTTSDALE RD / East GRAYHAWK Drive","precision":"intersection"}},{"type":"Feature","geometry":{"type":"Point","coordinates":[-111.976114,33.524011]},"properties":{"incident_id":"2623989","incident_type":"Search for person on land","type_group":"","category":"mountain","date":"2026-05-29","year":2026,"month":5,"hour":null,"weekday":4,"is_weekend":false,"location_name":"4925 East MCDONALD Drive","precision":"address"}},{"type":"Feature","geometry":{"type":"Point","coordinates":[-111.7885,33.77007]},"properties":{"incident_id":"2626521","incident_type":"Search for person on land","type_group":"","category":"mountain","date":"2026-06-14","year":2026,"month":6,"hour":null,"weekday":6,"is_weekend":true,"location_name":"31402 North 136TH Street","precision":"address"}},{"type":"Feature","geometry":{"type":"Point","coordinates":[-111.943103,33.552383]},"properties":{"incident_id":"2641433","incident_type":"Search for person on land","type_group":"","category":"mountain","date":"2026-09-11","year":2026,"month":9,"hour":null,"weekday":4,"is_weekend":false,"location_name":"5150 North INVERGORDON Road","precision":"address"}},{"type":"Feature","geometry":{"type":"Point","coordinates":[-111.925354,33.646671]},"properties":{"incident_id":"2642333","incident_type":"Swift water rescue","type_group":"","category":"water","date":"2026-09-16","year":2026,"month":9,"hour":null,"weekday":2,"is_weekend":false,"location_name":"N PIMA-PRINCESS DR N / A101","precision":"intersection"}},{"type":"Feature","geometry":{"type":"Point","coordinates":[-111.976114,33.524011]},"properties":{"incident_id":"2643789","incident_type":"Search for person on land","type_group":"MTNRES","category":"mountain","date":"2026-09-25","year":2026,"month":9,"hour":null,"weekday":4,"is_weekend":false,"location_name":"4925 East MCDONALD Drive","precision":"address"}}]}